Index,demand
0,0.061554857
1,0.027026683
2,0.03469485
3,0.06455029
4,0.058498725
5,0.0037361188
6,0.042737193
7,0.14415018
8,0.02459774
9,0.06735886
10,0.036272876
11,0.24374382
12,0.22935371
13,0.02529002
14,0.099257715
15,0.06862208
16,0.12118063
17,0.033936795
18,0.101065695
19,0.04231715
20,0.0
21,0.023923451
22,0.064144
23,0.058578722
24,0.42261764
25,0.108338915
26,0.010604274
27,0.09619078
28,0.033490214
29,0.0
30,0.017656147
31,0.03411142
32,0.024973193
33,0.09172714
34,0.24987766
35,0.4381645
36,0.028240845
37,0.033722777
38,0.06509053
39,0.13344923
40,0.009393904
41,0.009193743
42,0.016027555
43,0.058252785
44,0.027742837
45,0.07853518
46,0.08277737
47,0.47448865
48,0.08957517
49,0.075214684
50,0.29254586
51,0.03996791
52,0.021378677
53,0.19725664
54,0.017510315
55,0.073090926
56,0.118561216
57,0.031486634
58,0.033461723
59,0.046409674
60,0.01357984
61,0.07010565
62,0.11815977
63,0.05868579
64,0.028405724
65,0.42188358
66,0.03131223
67,0.04277571
68,0.036208972
69,0.078695975
70,0.028561011
71,0.039520983
72,0.0
73,0.039579164
74,0.032899227
75,0.024597414
76,0.042688265
77,0.12000859
78,0.14734837
79,0.056491524
80,0.047702983
81,0.01005297
82,0.013268787
83,0.06947658
84,0.095458
85,0.03884533
86,0.13156936
87,0.38643208
88,0.082366094
89,0.049774524
90,0.014516715
91,0.06797885
92,0.073254146
93,0.09461443
94,0.17058416
95,0.017494561
96,0.029901465
97,0.040327605
98,0.013484033
99,0.008767889
100,0.034921374
101,0.025048321
102,0.04568155
103,0.12832133
104,0.082082205
105,0.025618346
106,0.024539273
107,0.073613696
108,0.4284113
109,0.048806693
110,0.020987453
111,0.021914938
112,0.053060234
113,0.06327153
114,0.02172192
115,0.12724294
116,0.16315286
117,0.12676781
118,0.12382124
119,0.056218553
120,0.01989606
121,0.038546298
122,0.048514765
123,0.051715437
124,0.0
125,0.045677435
126,0.05483756
127,0.23220679
128,0.038361162
129,0.05444801
130,0.03750614
131,0.030640448
132,0.024043042
133,0.035343524
134,0.052617285
135,0.021936929
136,0.10371067
137,0.11152959
138,0.23913759
139,0.052878123
140,0.07540494
141,0.0897355
142,0.07610459
143,0.017053485
144,0.097910136
145,0.016156208
146,0.007579165
147,0.031535883
148,0.07731471
149,0.036714848
150,0.0361029
151,0.04229999
152,0.06958061
153,0.094685435
154,0.14428072
155,0.10317357
156,0.23460786
157,0.07231474
158,0.05385901
159,0.027321346
160,0.059070315
161,0.069823146
162,0.067967445
163,0.044892333
164,0.61502814
165,0.14694446
166,0.024094667
167,0.14336166
168,0.07333407
169,0.055331737
170,0.023839096
171,0.017756494
172,0.011445944
173,0.053006895
174,0.027215397
175,0.03236041
176,0.06378778
177,0.053981695
178,0.0761233
179,0.062809065
180,0.11759809
181,0.17704473
182,0.37508553
183,0.061530937
184,0.029151022
185,0.07003972
186,0.021771302
187,0.0637877
188,0.009743614
189,0.058728293
190,0.034092244
191,0.15236588
192,0.063245304
193,0.095453344
194,0.062932156
195,0.09566448
196,0.016833771
197,0.01808074
198,0.12167527
199,0.044859014
200,0.0754831
201,0.050302904
202,0.0073845554
203,0.042196874
204,0.04274562
205,0.05871952
206,0.0909023
207,0.14718682
208,0.13048433
209,0.1569199
210,0.10073677
211,0.119441934
212,0.013978329
213,0.090777546
214,0.06674809
215,0.004499266
216,0.03635015
217,0.095404245
218,0.055457093
219,0.0285459
220,0.071459115
221,0.0373188
222,0.028437972
223,0.08078269
224,0.10555217
225,0.04596983
226,0.094305545
227,0.025592484
228,0.03128368
229,0.050855897
230,0.054110285
231,0.034689847
232,0.07218656
233,0.13038693
234,0.28998473
235,0.13252291
236,0.14236008
237,0.07927923
238,0.084044345
239,0.08369924
240,0.105095595
241,0.0738133
242,0.021949112
243,0.25681728
244,0.05764732
245,0.10306927
246,0.06394498
247,0.10087652
248,0.021662975
249,0.023384035
250,0.0
251,0.021129414
252,0.028415821
253,0.03746133
254,0.11230492
255,0.06373638
256,0.057464276
257,0.14355531
258,0.47310516
259,0.09310398
260,0.01415987
261,0.23733175
262,0.07020051
263,0.3654361
264,0.14599106
265,0.08258744
266,0.012671738
267,0.0552928
268,0.0510121
269,0.08149806
270,0.24141964
271,0.08999187
272,0.36290666
273,0.12150029
274,0.10303125
275,0.026619878
276,0.028392926
277,0.066730954
278,0.07403586
279,0.023692545
280,0.15125391
281,0.24540104
282,0.10761264
283,0.070951276
284,0.0391235
285,0.14036478
286,0.16884461
287,0.24076186
288,0.071738005
289,0.072526485
290,0.018288426
291,0.04611069
292,0.51616037
293,0.036475454
294,0.04706003
295,0.26252216
296,0.26217377
297,0.020278491
298,0.020722114
299,0.05810806
300,0.06529482
301,0.15544908
302,0.2692439
303,0.097738676
304,0.118829876
305,0.23657084
306,0.23117599
307,0.16919917
308,0.25773087
309,0.3706292
310,0.09578961
311,0.034348566
312,0.04387743
313,0.0861899
314,0.053919844
315,0.19985661
316,0.8532737
317,0.016978312
318,0.06898093
319,0.38339224
320,0.015468743
321,0.03945318
322,0.26187226
323,0.025871985
324,0.04267766
325,0.09484941
326,0.038205046
327,0.035937477
328,0.13628276
329,0.05476643
330,0.07471075
331,0.15953705
332,0.1721994
333,0.24574414
334,0.255219
335,0.15008324
336,0.024424322
337,0.2583802
338,0.2861447
339,0.14418624
340,0.6442676
341,0.39594522
342,0.292125
343,0.020364976
344,0.1320996
345,0.05746933
346,0.03072233
347,0.0118767
348,0.0099820895
349,0.07961236
350,0.0074319895
351,0.009728274
352,0.028220559
353,0.06153147
354,0.13173757
355,0.12780848
356,0.09771089
357,0.08810457
358,0.14981274
359,0.109549835
360,0.026782064
361,0.16677108
362,0.24413541
363,0.015382282
364,0.05356289
365,0.6134356
366,0.8042745
367,0.4104891
368,0.0
369,0.025275612
370,0.014464321
371,0.048360605
372,0.26893735
373,0.073275395
374,0.01772586
375,0.09305844
376,0.0042402144
377,0.07271672
378,0.07009156
379,0.053932283
380,0.009554948
381,0.23211096
382,0.02751728
383,0.034195554
384,0.122011706
385,0.14074986
386,0.10168261
387,0.055177905
388,0.08535399
389,0.07654336
390,0.027555428
391,0.12799692
392,0.080670565
393,0.13976994
394,0.6495339
395,0.93961895
396,0.41896084
397,0.107979536
398,0.044786006
399,0.09183294
400,0.0979998
401,0.238452
402,0.051587775
403,0.07702399
404,0.025918815
405,0.045706034
406,0.12775658
407,0.23835438
408,0.10734841
409,0.4861456
410,0.22985144
411,0.14912173
412,0.16549869
413,0.11083439
414,0.08702491
415,0.13091463
416,0.03682434
417,0.039954424
418,0.025498714
419,0.10520087
420,0.11563275
421,0.055519585
422,0.075316824
423,0.02627519
424,0.8045638
425,0.9658793
426,0.88559836
427,0.047976464
428,0.033112638
429,0.24260698
430,0.12098568
431,0.026232824
432,0.017185306
433,0.025736405
434,0.026886465
435,0.053956613
436,0.10968206
437,0.05027336
438,0.38579753
439,0.47825408
440,0.081930324
441,0.13926545
442,0.14754422
443,0.2567796
444,0.090271495
445,0.23638967
446,0.09338052
447,0.030926181
448,0.08869691
449,0.12087383
450,0.085291184
451,0.042202428
452,0.028652217
453,0.31084374
454,0.38778266
455,0.13511986
456,0.061693307
457,0.034700893
458,0.23642442
459,0.06173156
460,0.27935088
461,0.040165212
462,0.05016185
463,0.044807017
464,0.029381985
465,0.021690598
466,0.053603284
467,0.051359452
468,0.24291168
469,0.7301942
470,0.3773222
471,0.39208224
472,0.115367725
473,0.19101875
474,0.2346955
475,0.3921001
476,0.08456822
477,0.031638857
478,0.041537113
479,0.038078513
480,0.2286329
481,0.1582467
482,0.07134695
483,0.2566588
484,0.29223895
485,0.2553523
486,0.9788531
487,0.10496665
488,0.023446362
489,0.124687105
490,0.22481023
491,0.026708815
492,0.06363795
493,0.39500743
494,0.011834186
495,0.087537564
496,0.053196784
497,0.042549923
498,0.062452003
499,0.23383059
500,0.3748094
501,0.35446468
502,0.47497195
503,0.3911115
504,0.158961
505,0.15952408
506,0.24820302
507,0.012830021
508,0.024072044
509,0.15208885
510,0.093725644
511,0.05410251
512,0.15977775
513,0.16940995
514,0.43999392
515,0.17428677
516,0.018461427
517,0.05819772
518,0.09417247
519,0.083321385
520,0.0736934
521,0.010965209
522,0.00855978
523,0.012232692
524,0.03349874
525,0.08672242
526,0.103730425
527,0.09626809
528,0.15828256
529,0.3794974
530,0.66409373
531,0.38614616
532,0.39861566
533,0.4841443
534,0.10386224
535,0.015717931
536,0.043417126
537,0.076282434
538,0.12415719
539,0.19615768
540,0.096645914
541,0.019291874
542,0.06652946
543,0.14231579
544,0.019076481
545,0.0
546,0.057130698
547,0.14300181
548,0.025016751
549,0.016694875
550,0.040221006
551,0.016073026
552,0.009458283
553,0.049032707
554,0.082566194
555,0.06653601
556,0.13990404
557,0.27483162
558,0.41060907
559,0.38060698
560,0.7220206
561,0.6050085
562,0.36410233
563,0.08816911
564,0.042145543
565,0.02191291
566,0.06363832
567,0.0871777
568,0.0180038
569,0.040174704
570,0.4096657
571,0.04490669
572,0.017204158
573,0.07183085
574,0.040828552
575,0.07956228
576,0.039836287
577,0.04554056
578,0.017473778
579,0.06762395
580,0.023702458
581,0.026050987
582,0.03502675
583,0.10368465
584,0.14259556
585,0.49463826
586,0.37861973
587,0.17954661
588,0.6838787
589,0.3925423
590,0.4001224
591,0.1772645
592,0.066406205
593,0.027611779
594,0.06465043
595,0.061557915
596,0.053271946
597,0.045884747
598,0.042710006
599,0.4034015
600,0.092470326
601,0.23737867
602,0.031959753
603,0.077112764
604,0.08563685
605,0.14534403
606,0.27043754
607,0.039351318
608,0.032935105
609,0.06724915
610,0.16994406
611,0.44297588
612,0.38867003
613,0.26140586
614,0.10328716
615,0.38220283
616,0.17106162
617,0.05298015
618,0.029329915
619,0.050065797
620,0.039238844
621,0.10926551
622,0.23990218
623,0.060042407
624,0.25150293
625,0.032543346
626,0.04828884
627,0.17744765
628,0.040417414
629,0.018724965
630,0.14493221
631,0.13797781
632,0.036571544
633,0.20485581
634,0.26471066
635,0.07848999
636,0.08413622
637,0.029086106
638,0.075936094
639,0.077542186
640,0.033985995
641,0.09343494
642,0.15039547
643,0.0352878
644,0.024322314
645,0.07670945
646,0.11555139
647,0.005433013
648,0.017881744
649,0.06942579
650,0.0288206
651,0.03150872
652,0.15810664
653,0.05017152
654,0.059873845
655,0.007613325
656,0.06477702
657,0.17354172
658,0.3727086
659,0.38140583
660,0.032088615
661,0.033099655
662,0.022338755
663,0.023980845
664,0.067815155
665,0.019500386
666,0.049250465
667,0.1244722
668,0.015357161
669,0.029490855
670,0.01829682
671,0.017015597
672,0.08461688
673,0.10579689
674,0.26065493
675,0.013096927
676,0.012004429
677,0.05351153
678,0.06150465
679,0.1038708
680,0.24268207
681,0.035386905
682,0.017679017
683,0.008035388
684,0.09277234
685,0.056189146
686,0.014677646
687,0.072991416
688,0.12318444
689,0.07784349
690,0.021618573
691,0.0047745365
692,0.27805763
693,0.01457557
694,0.0401916
695,0.2393043
696,0.077126734
697,0.06489499
698,0.017421078
699,0.041074753
700,0.091399916
701,0.36091542
702,0.034687374
703,0.024149496
704,0.049030297
705,0.06423709
706,0.063151605
707,0.15446931
708,0.07338874
709,0.17253251
710,0.079072386
711,0.03318383
712,0.053161588
713,0.041858364
714,0.03577897
715,0.14388645
716,0.010855433
717,0.019117245
718,0.062042788
719,0.015117129
720,0.13182008
721,0.07004143
722,0.016355768
723,0.2683944
724,0.51291573
725,0.25047535
726,0.03838289
727,0.08211264
728,0.042788703
729,0.09576488
730,0.09958389
731,0.078572005
732,0.5396755
733,0.06792762
734,0.016981816
735,0.10094345
736,0.082160115
737,0.061705332
738,0.14527717
739,0.44171184
740,0.09086057
741,0.12345084
742,0.035913788
743,0.034975555
744,0.035236932
745,0.110772766
746,0.041681327
747,0.0068522985
748,0.041035887
749,0.058753934
750,0.03365264
751,0.017222865
752,0.04026474
753,0.017176962
754,0.08459916
755,0.0587723
756,0.037894398
757,0.011455693
758,0.041444294
759,0.07798074
760,0.14804335
761,0.025239473
762,0.04131173
763,0.4539727
764,0.05176327
765,0.09477631
766,0.04420322
767,0.055819575
768,0.06477155
769,0.15449189
770,0.038439244
771,0.019747233
772,0.009535008
773,0.05450875
774,0.108165294
775,0.030883873
776,0.2482551
777,0.05135223
778,0.027243327
779,0.069965154
780,0.25598344
781,0.044611607
782,0.020454738
783,0.023887398
784,0.06496291
785,0.045285523
786,0.23553689
787,0.06091729
788,0.0015457744
789,0.013377361
790,0.086261384
791,0.14405182
792,0.09551867
793,0.08141245
794,0.04517223
795,0.031679366
796,0.052162677
797,0.08335018
798,0.25920522
799,0.10123368
800,0.0057134544
801,0.038801257
802,0.018022923
803,0.009458369
804,0.018771248
805,0.015976818
806,0.017827263
807,0.004488258
808,0.021271847
809,0.020469133
810,0.015977373
811,0.040759835
812,0.030985832
813,0.05287751
814,0.11241042
815,0.0099783745
816,0.0017924439
817,0.10771425
818,0.12562409
819,0.07085487
820,0.036867723
821,0.008902192
822,0.02120866
823,0.031776123
824,0.008519997
825,0.02816539
826,0.0
827,0.0071241953
828,0.00031488974
829,0.0005473361
830,0.04746783
831,0.028724799
832,0.022278666
833,0.014693893
834,0.021457488
835,0.018350795
836,0.010139913
837,0.07435533
838,0.042385302
839,0.078213
840,0.0052822023
841,0.035422962
842,0.0085440315
843,0.06898599
844,0.008840004
845,0.0016793861
846,0.0033827072
847,0.0638036
848,0.059504136
849,0.04808952
850,0.056554742
851,0.0017108601
852,0.11984593
853,0.026666189
854,0.011809479
855,0.037837297
856,0.06684431
857,0.13257766
858,0.02788405
859,0.043673664
860,0.027427247
861,0.021199279
862,0.010451035
863,0.01502091
864,0.012880695
865,0.008793157
866,0.031651773
867,0.0105366865
868,0.02944787
869,0.06461632
870,0.021943595
871,0.119956754
872,0.016662126
873,0.028076574
874,0.012841675
875,0.016380262
876,0.024621272
877,0.055961583
878,0.025635583
879,0.009032844
880,0.029886194
881,0.0037586999
882,0.003803079
883,0.05620618
884,0.09550329
885,0.024646321
886,0.086439356
887,0.025347028
888,0.04172146
889,0.02814261
890,0.053205345
891,0.0
892,0.07048564
893,0.0063667516
894,0.04038281
895,0.045726717
896,0.012332068
897,0.16278477
898,0.025263363
899,0.013036756
900,0.08465275
901,0.15994494
902,0.23638217
903,0.031440824
904,0.026907045
905,0.13825072
906,0.08216046
907,0.37041068
908,0.03265216
909,0.10244498
910,0.045360487
911,0.0043211756
912,0.002647717
913,0.19484046
914,0.05355365
915,0.44618398
916,0.12326633
917,0.011732361
918,0.0968041
919,0.037457183
920,0.023913575
921,0.038125537
922,0.015471827
923,0.013635488
924,0.09675489
925,0.10210377
926,0.10681167
927,0.44565874
928,0.028236609
929,0.033569124
930,0.023323024
931,0.072278164
932,0.14028262
933,0.016812108
934,0.058003746
935,0.030531337
936,0.07659846
937,0.07905932
938,0.46859783
939,0.09207385
940,0.075983785
941,0.3111697
942,0.0479847
943,0.41778496
944,0.01600464
945,0.07484616
946,0.12764452
947,0.03194389
948,0.03511933
949,0.04839012
950,0.012022311
951,0.081327744
952,0.11479646
953,0.05493374
954,0.026989227
955,0.030558832
956,0.29675922
957,0.027753597
958,0.03057842
959,0.04004865
960,0.03561673
961,0.08100918
962,0.028152436
963,0.0402814
964,0.049186632
965,0.030304173
966,0.024642736
967,0.04321363
968,0.122000605
969,0.15588747
970,0.0110296495
971,0.0046145697
972,0.013257766
973,0.079997696
974,0.14866106
975,0.014745337
976,0.03662395
977,0.14877298
978,0.26564455
979,0.08179139
980,0.052776795
981,0.016740019
982,0.014587226
983,0.0022027628
984,0.07011916
985,0.018700812
986,0.06888065
987,0.24539703
988,0.24781843
989,0.028268786
990,0.03803816
991,0.016434865
992,0.0046415012
993,0.026277099
994,0.05335911
995,0.12950528
996,0.01930817
997,0.073085256
998,0.025952978
999,0.018085822
1000,0.082456365
1001,0.46465877
1002,0.0069330237
1003,0.04846943
1004,0.022519726
1005,0.024162473
1006,0.05358358
1007,0.06318661
1008,0.022721088
1009,0.12810934
1010,0.16098475
1011,0.12486359
1012,0.12101679
1013,0.05662727
1014,0.0026858384
1015,0.035850685
1016,0.05067004
1017,0.052053776
1018,0.0
1019,0.046189222
1020,0.05715752
1021,0.21768606
1022,0.03752919
1023,0.059054986
1024,0.039192807
1025,0.03265981
1026,0.023291528
1027,0.035608377
1028,0.056718044
1029,0.023278149
1030,0.109042585
1031,0.11910554
1032,0.20157705
1033,0.05243922
1034,0.07872448
1035,0.07591864
1036,0.083825044
1037,0.076048635
1038,0.018703882
1039,0.100260496
1040,0.014560945
1041,0.028682187
1042,0.07980606
1043,0.035684016
1044,0.034313608
1045,0.04096217
1046,0.06929731
1047,0.095871694
1048,0.2396766
1049,0.14486648
1050,0.23910847
1051,0.075920284
1052,0.056436695
1053,0.027881106
1054,0.061946377
1055,0.068862
1056,0.06815911
1057,0.040989514
1058,0.5482557
1059,0.14499277
1060,0.0112379575
1061,0.14242125
1062,0.0782864
1063,0.058882564
1064,0.025115289
1065,0.017287353
1066,0.009866862
1067,0.058787573
1068,0.02989498
1069,0.00586731
1070,0.031367894
1071,0.031410694
1072,0.066125646
1073,0.055192385
1074,0.07717257
1075,0.059206977
1076,0.11862415
1077,0.13188146
1078,0.37270683
1079,0.056649357
1080,0.029239466
1081,0.066500686
1082,0.022709707
1083,0.066227116
1084,0.025053004
1085,0.0582387
1086,0.03552297
1087,0.15512478
1088,0.058694262
1089,0.08698779
1090,0.0679364
1091,0.101742364
1092,0.035630994
1093,0.017711567
1094,0.020601103
1095,0.12314224
1096,0.013016646
1097,0.047635313
1098,0.077743016
1099,0.04950663
1100,0.0011925532
1101,0.008239782
1102,0.04424381
1103,0.041052464
1104,0.060153477
1105,0.09625887
1106,0.14201164
1107,0.13224024
1108,0.1529216
1109,0.10322212
1110,0.12161323
1111,0.016967941
1112,0.09381712
1113,0.012952785
1114,0.07094308
1115,0.0044594416
1116,0.0347775
1117,0.09267484
1118,0.052207626
1119,0.030070283
1120,0.0717517
1121,0.040415272
1122,0.027406378
1123,0.08225108
1124,0.10990322
1125,0.048314616
1126,0.10135864
1127,0.02632971
1128,0.033797175
1129,0.050423935
1130,0.01781891
1131,0.053537942
1132,0.03478904
1133,0.07647877
1134,0.13722633
1135,0.44327635
1136,0.13227133
1137,0.14720662
1138,0.08056872
1139,0.08503393
1140,0.08795378
1141,0.09558714
1142,0.073420994
1143,0.015208708
1144,0.023693392
1145,0.24898481
1146,0.055264417
1147,0.099491104
1148,0.06806374
1149,0.11029116
1150,0.016461473
1151,0.024599517
1152,0.0
1153,0.03224888
1154,0.037126474
1155,0.11348093
1156,0.060913336
1157,0.057656813
1158,0.14024964
1159,0.42755124
1160,0.093406714
1161,0.014760119
1162,0.24087259
1163,0.07160226
1164,0.2697373
1165,0.23365706
1166,0.08411093
1167,0.053826008
1168,0.04918692
1169,0.0800485
1170,0.2355243
1171,0.08717879
1172,0.2558787
1173,0.13167632
1174,0.09540159
1175,0.0327233
1176,0.0
1177,0.027943635
1178,0.028380966
1179,0.065121986
1180,0.07226499
1181,0.022611802
1182,0.15846059
1183,0.15730768
1184,0.10581022
1185,0.07134762
1186,0.041867044
1187,0.13872127
1188,0.23687546
1189,0.24088037
1190,0.0741795
1191,0.010699528
1192,0.071235515
1193,0.019716553
1194,0.04172575
1195,0.5454729
1196,0.038133632
1197,0.044315647
1198,0.2577054
1199,0.2573564
1200,0.021231854
1201,0.011084952
1202,0.059336744
1203,0.064734116
1204,0.15125918
1205,0.12979563
1206,0.09691232
1207,0.10342565
1208,0.24687624
1209,0.2389184
1210,0.16882302
1211,0.24374647
1212,0.36806852
1213,0.09633785
1214,0.031911552
1215,0.04535503
1216,0.08923538
1217,0.05312539
1218,0.21088943
1219,0.84090453
1220,0.020597748
1221,0.066959836
1222,0.37096512
1223,0.017668784
1224,0.044243164
1225,0.25958925
1226,0.0183592
1227,0.027426511
1228,0.0460874
1229,0.09578055
1230,0.042965077
1231,0.037356365
1232,0.00081306027
1233,0.1508371
1234,0.053997893
1235,0.07889338
1236,0.15599468
1237,0.16764973
1238,0.24661984
1239,0.37717426
1240,0.23802109
1241,0.028527861
1242,0.24768028
1243,0.25170273
1244,0.14922833
1245,0.6983497
1246,0.37774524
1247,0.29252154
1248,0.0
1249,0.021381492
1250,0.12918344
1251,0.056679174
1252,0.031640023
1253,0.023644334
1254,0.010282352
1255,0.07972437
1256,0.0037595953
1257,0.030630866
1258,0.06328048
1259,0.13396598
1260,0.12282255
1261,0.11440032
1262,0.09509213
1263,0.14915307
1264,0.10546202
1265,0.026709104
1266,0.16941163
1267,0.23582065
1268,0.015748816
1269,0.05205715
1270,0.65550035
1271,0.79953945
1272,0.3940802
1273,0.0
1274,0.026318515
1275,0.0146861365
1276,0.04964206
1277,0.26520517
1278,0.075584
1279,0.017222025
1280,0.10211797
1281,0.010345512
1282,0.072793104
1283,0.069486566
1284,0.05437103
1285,0.009095914
1286,0.24064727
1287,0.030881109
1288,0.034082398
1289,0.12524378
1290,0.12701346
1291,0.100170635
1292,0.05001631
1293,0.08305595
1294,0.07859233
1295,0.026237452
1296,0.12049308
1297,0.08622494
1298,0.14051402
1299,0.62776595
1300,0.9493276
1301,0.38553357
1302,0.018639883
1303,0.10774057
1304,0.04633386
1305,0.13234362
1306,0.09287357
1307,0.18611151
1308,0.05321088
1309,0.07344257
1310,0.026882377
1311,0.043808237
1312,0.12953949
1313,0.23476301
1314,0.11108777
1315,0.46264133
1316,0.20551449
1317,0.1411827
1318,0.16362594
1319,0.10864856
1320,0.08834267
1321,0.12884334
1322,0.03627945
1323,0.03895163
1324,0.026281305
1325,0.10795403
1326,0.1062227
1327,0.05768855
1328,0.07886541
1329,0.026646737
1330,0.8260721
1331,0.9721324
1332,0.90676564
1333,0.034681823
1334,0.23669827
1335,0.24115649
1336,0.02698109
1337,0.028365018
1338,0.02755143
1339,0.058137715
1340,0.10920941
1341,0.051866204
1342,0.37882483
1343,0.48998427
1344,0.07982075
1345,0.14035235
1346,0.14366575
1347,0.1910298
1348,0.097867146
1349,0.3613835
1350,0.09748079
1351,0.030334609
1352,0.08945803
1353,0.123304315
1354,0.09319553
1355,0.043121874
1356,0.38530463
1357,0.39038584
1358,0.13887393
1359,0.06524158
1360,0.034991354
1361,0.15689182
1362,0.025324304
1363,0.05931168
1364,0.20184603
1365,0.03863664
1366,0.046999738
1367,0.049123567
1368,0.03013703
1369,0.024012234
1370,0.05673416
1371,0.052988824
1372,0.38230592
1373,0.71504503
1374,0.37594962
1375,0.2559033
1376,0.107474275
1377,0.19030656
1378,0.23418355
1379,0.39548865
1380,0.089223534
1381,0.03164571
1382,0.040346753
1383,0.036398698
1384,0.14992623
1385,0.23611675
1386,0.07119623
1387,0.26197484
1388,0.29175866
1389,0.2407823
1390,0.99377793
1391,0.10035104
1392,0.022763845
1393,0.13022396
1394,0.1412581
1395,0.028917372
1396,0.06459811
1397,0.3918063
1398,0.091801554
1399,0.05380326
1400,0.04297175
1401,0.06478751
1402,0.15357046
1403,0.39451906
1404,0.26203927
1405,0.46924958
1406,0.39586908
1407,0.16055684
1408,0.2378243
1409,0.2571381
1410,0.025660966
1411,0.14837152
1412,0.09470929
1413,0.050019428
1414,0.24203984
1415,0.24100363
1416,0.0695536
1417,0.43412653
1418,0.24307199
1419,0.013212589
1420,0.05797653
1421,0.09614744
1422,0.08120961
1423,0.07885437
1424,0.010898576
1425,0.009222432
1426,0.013377923
1427,0.033178378
1428,0.08967995
1429,0.102006
1430,0.09512112
1431,0.16441232
1432,0.38010785
1433,0.6801351
1434,0.37519428
1435,0.39064658
1436,0.52843565
1437,0.10340985
1438,0.016808389
1439,0.042783406
1440,0.078558184
1441,0.12473941
1442,0.19882153
1443,0.09708918
1444,0.01831323
1445,0.06799959
1446,0.14654353
1447,0.023438836
1448,0.054724053
1449,0.14547846
1450,0.017585034
1451,0.041186333
1452,0.017721051
1453,0.0246135
1454,0.01218397
1455,0.049061712
1456,0.078973345
1457,0.06698467
1458,0.13114789
1459,0.26516688
1460,0.27975377
1461,0.39016232
1462,0.67140466
1463,0.6696866
1464,0.37986776
1465,0.08651117
1466,0.042439125
1467,0.020956673
1468,0.06260853
1469,0.08533991
1470,0.018196939
1471,0.042508017
1472,0.43277368
1473,0.04340454
1474,0.0190701
1475,0.07341086
1476,0.042420197
1477,0.07506794
1478,0.040595252
1479,0.05037912
1480,0.016397677
1481,0.06659192
1482,0.033468727
1483,0.102934785
1484,0.14334802
1485,0.47283852
1486,0.38241422
1487,0.20705281
1488,0.6972377
1489,0.38387334
1490,0.39720505
1491,0.17276165
1492,0.06897914
1493,0.028256627
1494,0.06496695
1495,0.0632291
1496,0.053043067
1497,0.046425555
1498,0.04470258
1499,0.39562398
1500,0.09615796
1501,0.36937132
1502,0.0314624
1503,0.077481896
1504,0.082377054
1505,0.13752358
1506,0.19043285
1507,0.03894011
1508,0.069496
1509,0.24521689
1510,0.4487714
1511,0.39132398
1512,0.43294194
1513,0.11136906
1514,0.38565606
1515,0.173933
1516,0.051528804
1517,0.024969637
1518,0.049941435
1519,0.04066154
1520,0.11380085
1521,0.2330314
1522,0.058351006
1523,0.24389835
1524,0.03441799
1525,0.04946001
1526,0.17528424
1527,0.04237467
1528,0.018929536
1529,0.13988808
1530,0.1366119
1531,0.041899655
1532,0.19165115
1533,0.20521775
1534,0.086984515
1535,0.08848325
1536,0.03267758
1537,0.0813102
1538,0.075811796
1539,0.034318395
1540,0.09489807
1541,0.1553733
1542,0.037582472
1543,0.027750688
1544,0.10827433
1545,0.008594203
1546,0.015559211
1547,0.07180699
1548,0.032401793
1549,0.031318683
1550,0.15557659
1551,0.04783621
1552,0.06025868
1553,0.007156554
1554,0.06371729
1555,0.17686857
1556,0.3668818
1557,0.25900933
1558,0.034225028
1559,0.021671401
1560,0.06940964
1561,0.016887043
1562,0.050765634
1563,0.13079987
1564,0.017859053
1565,0.029779045
1566,0.018651264
1567,0.036900274
1568,0.029788813
1569,0.08500759
1570,0.104913756
1571,0.2487002
1572,0.011730839
1573,0.011714579
1574,0.054206587
1575,0.060013607
1576,0.10045992
1577,0.22920138
1578,0.037936423
1579,0.017935654
1580,0.005720555
1581,0.090255074
1582,0.058929797
1583,0.012840454
1584,0.07147746
1585,0.13434452
1586,0.075572945
1587,0.02095533
1588,0.011987251
1589,0.19961965
1590,0.0022512982
1591,0.014898775
1592,0.039436545
1593,0.14966333
1594,0.07810676
1595,0.063877136
1596,0.018091729
1597,0.041839875
1598,0.09367307
1599,0.2875183
1600,0.03466237
1601,0.023694493
1602,0.05066801
1603,0.065372534
1604,0.05919953
1605,0.15317203
1606,0.07416472
1607,0.18094724
1608,0.082307346
1609,0.032205585
1610,0.011730234
1611,0.05736862
1612,0.042379938
1613,0.23948517
1614,0.010456307
1615,0.018529573
1616,0.06252585
1617,0.01766894
1618,0.13662834
1619,0.07355348
1620,0.011707063
1621,0.01530311
1622,0.25627545
1623,0.518424
1624,0.1286487
1625,0.039538067
1626,0.09394434
1627,0.044906605
1628,0.026823632
1629,0.099509634
1630,0.100294895
1631,0.07661728
1632,0.6100465
1633,0.06508887
1634,0.016967399
1635,0.09985009
1636,0.09294493
1637,0.06180895
1638,0.14454634
1639,0.4686892
1640,0.09525426
1641,0.12586443
1642,0.030975651
1643,0.022625813
1644,0.03231831
1645,0.037324492
1646,0.108343124
1647,0.045179337
1648,0.041286673
1649,0.06388058
1650,0.028539937
1651,0.013738594
1652,0.04342258
1653,0.02756169
1654,0.017409861
1655,0.07676312
1656,0.034912266
1657,0.012420262
1658,0.04250883
1659,0.083347194
1660,0.14437398
1661,0.025915883
1662,0.04190855
1663,0.43588793
1664,0.05596708
1665,0.09346195
1666,0.043129504
1667,0.059605647
1668,0.06618146
1669,0.015105858
1670,0.020785337
1671,0.24341993
1672,0.0366315
1673,0.01912947
1674,0.054866496
1675,0.100426
1676,0.036690943
1677,0.011282867
1678,0.24067721
1679,0.053014934
1680,0.027427243
1681,0.07109187
1682,0.36492813
1683,0.022173729
1684,0.0
1685,0.02346002
1686,0.011494358
1687,0.065174386
1688,0.0070503065
1689,0.046655368
1690,0.1640194
1691,0.061322384
1692,5.3860957e-05
1693,0.012059344
1694,0.014435193
1695,0.08386468
1696,0.22583768
1697,0.09505934
1698,0.07954639
1699,0.04686584
1700,0.03422841
1701,0.05338114
1702,0.018865082
1703,0.08428678
1704,0.24799529
1705,0.11010366
1706,0.002353873
1707,0.039298035
1708,0.018411884
1709,0.009905219
1710,0.017899198
1711,0.01651137
1712,0.018059397
1713,0.0076736505
1714,0.020962555
1715,0.039892215
1716,0.031746823
1717,0.053100303
1718,0.11438755
1719,0.010326271
1720,0.0
1721,0.11516774
1722,0.011017703
1723,0.13640009
1724,0.007258046
1725,0.0364742
1726,0.024725502
1727,0.039018564
1728,0.0067404173
1729,0.030785842
1730,0.0062884944
1731,0.0023910352
1732,0.00602386
1733,0.050793532
1734,0.03182227
1735,0.020008534
1736,0.039451588
1737,0.014599958
1738,0.0
1739,0.02238566
1740,0.009907009
1741,0.07443223
1742,0.043431073
1743,0.0866019
1744,0.008853276
1745,0.010333542
1746,0.03662401
1747,0.0
1748,0.0122592505
1749,0.017976476
1750,0.07220992
1751,0.007083711
1752,0.0023712611
1753,0.0012581071
1754,0.069411226
1755,0.061322995
1756,0.04931694
1757,0.05720848
1758,0.002661847
1759,0.12265714
1760,0.029478312
1761,0.010540215
1762,0.038782626
1763,0.01464234
1764,0.062097818
1765,0.13414288
1766,0.019755809
1767,0.031295672
1768,0.044210114
1769,0.027979644
1770,0.021190863
1771,0.0067739496
1772,0.016566575
1773,0.014019342
1774,0.00850639
1775,0.008310297
1776,0.03217234
1777,0.013013211
1778,0.00950335
1779,0.03563842
1780,0.06551002
1781,0.022603363
1782,0.01242188
1783,0.12814988
1784,0.024619866
1785,0.015651569
1786,0.025531588
1787,0.0037074129
1788,0.025019329
1789,0.059662577
1790,0.026836965
1791,0.0120370565
1792,0.03120021
1793,0.03525735
1794,0.0026935937
1795,0.03254428
1796,0.05295764
1797,0.0987264
1798,0.002221518
1799,0.031088471
1800,0.08404703
1801,0.017648915
1802,0.04006071
1803,0.024069473
1804,0.0059410324
1805,0.07133528
1806,0.05747292
1807,0.0045982264
1808,0.048089806
1809,0.030052038
1810,0.02118752
1811,0.17148986
1812,0.050501425
1813,0.066586554
1814,0.08097419
1815,0.036551446
1816,0.2655637
1817,0.24500129
1818,0.14768009
1819,0.079159245
1820,0.128124
1821,0.046568442
1822,0.09543524
1823,0.050299205
1824,0.010249812
1825,0.027925164
1826,0.074862055
1827,0.048632808
1828,0.4177703
1829,0.12875073
1830,0.014614727
1831,0.11132736
1832,0.03989842
1833,0.0071366588
1834,0.013360832
1835,0.022524457
1836,0.035532407
1837,0.025184123
1838,0.016011948
1839,0.020504808
1840,0.08679842
1841,0.104709156
1842,0.2506904
1843,0.44345233
1844,0.03839253
1845,0.0707499
1846,0.15045351
1847,0.0103574665
1848,0.009514213
1849,0.058135036
1850,0.07936325
1851,0.08648101
1852,0.4664582
1853,0.08948904
1854,0.08609384
1855,0.43774918
1856,0.05069643
1857,0.39451063
1858,0.017390713
1859,0.07132935
1860,0.12830341
1861,0.031896967
1862,0.035225887
1863,0.046219826
1864,0.014496644
1865,0.0013656039
1866,0.082328945
1867,0.11861925
1868,0.060523603
1869,0.034967095
1870,0.2966219
1871,0.026192974
1872,0.041496724
1873,0.036627814
1874,0.08268909
1875,0.02579352
1876,0.039056685
1877,0.03902896
1878,0.02615533
1879,0.11984542
1880,0.022031663
1881,0.15766762
1882,0.07058537
1883,0.04308191
1884,0.01417843
1885,0.094168715
1886,0.090897426
1887,0.04394388
1888,0.15217027
1889,0.39904013
1890,0.0041003744
1891,0.082476676
1892,0.05050882
1893,0.018672148
1894,0.017121436
1895,0.07184851
1896,0.008124717
1897,0.10046047
1898,0.08169609
1899,0.09465119
1900,0.24343522
1901,0.015554452
1902,0.031459846
1903,0.03807058
1904,0.024646135
1905,0.0499996
1906,0.13341191
1907,0.02117756
1908,0.08410138
1909,0.027344462
1910,0.027319582
1911,0.09102408
1912,0.434806
1913,0.05519371
1914,0.01920986
1915,0.02262191
1916,0.0535958
1917,0.065440156
1918,0.023057403
1919,0.121047445
1920,0.16706234
1921,0.12771933
1922,0.119928695
1923,0.062047154
1924,0.0073668426
1925,0.037597157
1926,0.04923106
1927,0.05207986
1928,0.044210818
1929,0.058127366
1930,0.23087142
1931,0.036239073
1932,0.05478301
1933,0.03868297
1934,0.033204593
1935,0.022089772
1936,0.03602648
1937,0.056978475
1938,0.022860896
1939,0.106851526
1940,0.12517427
1941,0.37873623
1942,0.051028382
1943,0.078176804
1944,0.0748476
1945,0.08709266
1946,0.0776657
1947,0.016100047
1948,0.097626805
1949,0.016393127
1950,0.03117588
1951,0.08757869
1952,0.03695728
1953,0.036040887
1954,0.041662183
1955,0.0701057
1956,0.09341407
1957,0.23874556
1958,0.10631533
1959,0.15077554
1960,0.07166642
1961,0.05513463
1962,0.02647365
1963,0.061740648
1964,0.069424294
1965,0.06845877
1966,0.04425139
1967,0.5581351
1968,0.24117102
1969,0.024768824
1970,0.15140912
1971,0.07713519
1972,0.057256367
1973,0.025779719
1974,0.01901887
1975,0.007155556
1976,0.05240053
1977,0.03547455
1978,0.030606689
1979,0.032986086
1980,0.064194605
1981,0.051334664
1982,0.078897536
1983,0.06049655
1984,0.11711096
1985,0.17940687
1986,0.26285157
1987,0.063341625
1988,0.030785145
1989,0.07188335
1990,0.022698043
1991,8.034485e-05
1992,0.027111376
1993,0.062025283
1994,0.03694672
1995,0.15373112
1996,0.06394219
1997,0.08808516
1998,0.06406987
1999,0.098458774
2000,0.03828279
2001,0.018629493
2002,0.018101875
2003,0.1170131
2004,0.009781376
2005,0.08017001
2006,0.05049684
2007,0.004567613
2008,0.042428967
2009,0.042989634
2010,0.058192346
2011,0.08997619
2012,0.14346512
2013,0.12860876
2014,0.24335468
2015,0.10027835
2016,0.12059645
2017,0.015585493
2018,0.08770537
2019,0.013191725
2020,0.06660953
2021,0.0360789
2022,0.095631994
2023,0.06266634
2024,0.02917224
2025,0.074477375
2026,0.038341396
2027,0.02960976
2028,0.082439885
2029,0.10889107
2030,0.044641
2031,0.099698745
2032,0.028863808
2033,0.03186282
2034,0.04843732
2035,0.017414745
2036,0.055586226
2037,0.044163708
2038,0.074933715
2039,0.13600378
2040,0.4225762
2041,0.13826689
2042,0.13916649
2043,0.08051181
2044,0.086545914
2045,0.0877261
2046,0.101042345
2047,0.07725883
2048,0.014726066
2049,0.023023246
2050,0.38614413
2051,0.05847675
2052,0.10001406
2053,0.062226906
2054,0.09738644
2055,0.018194389
2056,0.02603641
2057,0.033056997
2058,0.039140604
2059,0.118766345
2060,0.06342326
2061,0.059170026
2062,0.14106512
2063,0.43591404
2064,0.094567545
2065,0.014683326
2066,0.1527227
2067,0.071097165
2068,0.26456076
2069,0.24344786
2070,0.07934157
2071,0.056114774
2072,0.05117341
2073,0.08945911
2074,0.16702679
2075,0.09129161
2076,0.2592069
2077,0.1243664
2078,0.10580917
2079,0.03673641
2080,0.028723953
2081,0.027716469
2082,0.06412451
2083,0.0743125
2084,0.024174858
2085,0.15353243
2086,0.15159252
2087,0.10574233
2088,0.07337793
2089,0.03825978
2090,0.13912775
2091,0.17745796
2092,0.23757595
2093,0.07379012
2094,0.0092713
2095,0.07292739
2096,0.021482196
2097,0.044446185
2098,0.5476429
2099,0.03639318
2100,0.050045907
2101,0.26330337
2102,0.2612439
2103,0.021843554
2104,0.0049132593
2105,0.013355493
2106,0.057554644
2107,0.06687789
2108,0.15208067
2109,0.14471926
2110,0.09802994
2111,0.11410194
2112,0.2577666
2113,0.15713322
2114,0.15605932
2115,0.18727647
2116,0.28047696
2117,0.09632411
2118,0.044818718
2119,0.090610296
2120,0.056577697
2121,0.20933442
2122,0.8340624
2123,0.004617834
2124,0.020665167
2125,0.066932715
2126,0.38388154
2127,0.040610712
2128,0.25714877
2129,0.027325857
2130,0.04097877
2131,0.09697702
2132,0.040427655
2133,0.03683827
2134,0.15137056
2135,0.05526545
2136,0.07650484
2137,0.2415643
2138,0.16793339
2139,0.19124936
2140,0.37583157
2141,0.15182732
2142,0.024677359
2143,0.26130328
2144,0.12658353
2145,0.14430253
2146,0.72015494
2147,0.3755705
2148,0.29643664
2149,0.0
2150,0.022650864
2151,0.13259284
2152,0.0038531432
2153,0.055317238
2154,0.02906051
2155,0.022048522
2156,0.012591998
2157,0.07955262
2158,0.009767342
2159,0.009466124
2160,0.032047622
2161,0.059945233
2162,0.1303938
2163,0.122978374
2164,0.10613426
2165,0.095537715
2166,0.23428985
2167,0.18299976
2168,0.028240355
2169,0.16829807
2170,0.23829083
2171,0.014679396
2172,0.055095326
2173,0.6413212
2174,0.7948181
2175,0.41528746
2176,0.0
2177,0.023112725
2178,0.014824193
2179,0.051718943
2180,0.25334576
2181,0.07510619
2182,0.017226422
2183,0.00958116
2184,0.07087037
2185,0.06744763
2186,0.05611247
2187,0.0115540875
2188,0.23438343
2189,0.025868244
2190,0.033221584
2191,0.12624106
2192,0.13803564
2193,0.09294309
2194,0.046118163
2195,0.087902114
2196,0.08254775
2197,0.027553212
2198,0.12956686
2199,0.0871869
2200,0.14460169
2201,0.68351734
2202,0.9786596
2203,0.40510997
2204,0.020015342
2205,0.10872951
2206,0.044785794
2207,0.004192983
2208,0.09896139
2209,0.092225075
2210,0.19166522
2211,0.053459577
2212,0.07793395
2213,0.026468925
2214,0.043440823
2215,0.12668276
2216,0.2429889
2217,0.11332019
2218,0.4573484
2219,0.20925358
2220,0.2563994
2221,0.16282743
2222,0.105631165
2223,0.0883171
2224,0.12802349
2225,0.035413053
2226,0.040155154
2227,0.024902621
2228,0.12347985
2229,0.11631279
2230,0.06077077
2231,0.08581686
2232,0.024134059
2233,0.7970002
2234,0.9839732
2235,0.89143264
2236,0.0490204
2237,0.030622061
2238,0.25037205
2239,0.1334476
2240,0.028354602
2241,0.01857589
2242,0.027814113
2243,0.02911388
2244,0.056065693
2245,0.108036704
2246,0.048590183
2247,0.3837187
2248,0.46662083
2249,0.08017396
2250,0.14062828
2251,0.1432541
2252,0.18085381
2253,0.093596615
2254,0.37313965
2255,0.09686318
2256,0.031598873
2257,0.10531885
2258,0.124758
2259,0.09290848
2260,0.044001166
2261,0.026169663
2262,0.30466822
2263,0.39868128
2264,0.2279725
2265,0.062815875
2266,0.033987097
2267,0.15963034
2268,0.025138274
2269,0.061686687
2270,0.19514835
2271,0.041315213
2272,0.04876546
2273,0.046667866
2274,0.030666946
2275,0.025135405
2276,0.055555694
2277,0.05077623
2278,0.25142142
2279,0.6513946
2280,0.2691957
2281,0.25061455
2282,0.11462053
2283,0.2575415
2284,0.16364677
2285,0.3800606
2286,0.088406265
2287,0.028924476
2288,0.04077977
2289,0.03563027
2290,0.14918311
2291,0.15779318
2292,0.080436006
2293,0.19866182
2294,0.37709787
2295,0.24757189
2296,0.96921283
2297,0.10631839
2298,0.02263882
2299,0.124141976
2300,0.13555242
2301,0.06180984
2302,0.41511327
2303,0.08828577
2304,0.05047972
2305,0.04361687
2306,0.06432665
2307,0.14882973
2308,0.37575436
2309,0.37431198
2310,0.4549265
2311,0.3855582
2312,0.1600509
2313,0.15421602
2314,0.24633126
2315,0.02600746
2316,0.15168154
2317,0.095472865
2318,0.05141096
2319,0.24105972
2320,0.24559683
2321,0.06963404
2322,0.4150166
2323,0.2494797
2324,0.06351621
2325,0.09265736
2326,0.088001475
2327,0.079126924
2328,0.013670801
2329,0.007323733
2330,0.014445499
2331,0.033317085
2332,0.08644589
2333,0.09938025
2334,0.097633965
2335,0.156183
2336,0.3898612
2337,0.7224421
2338,0.36179188
2339,0.30050668
2340,0.5059207
2341,0.10388065
2342,0.045288105
2343,0.075402774
2344,0.12421144
2345,0.19683348
2346,0.089498475
2347,0.01930956
2348,0.0
2349,0.07038586
2350,0.1480381
2351,0.055121418
2352,0.14900917
2353,0.016804373
2354,0.040330805
2355,0.020606538
2356,0.023432164
2357,0.011855737
2358,0.048517883
2359,0.08115664
2360,0.06654676
2361,0.13004811
2362,0.26269767
2363,0.2776528
2364,0.38126236
2365,0.6613153
2366,0.64043814
2367,0.3676839
2368,0.08918354
2369,0.04233483
2370,0.023471192
2371,0.063433334
2372,0.09020131
2373,0.01888285
2374,0.0
2375,0.039693557
2376,0.4371554
2377,0.045704972
2378,0.018552857
2379,0.0784181
2380,0.04120991
2381,0.07547931
2382,0.03946511
2383,0.05129983
2384,0.060930952
2385,0.027650304
2386,0.027483582
2387,0.034196787
2388,0.104186684
2389,0.14349988
2390,0.44307956
2391,0.3773953
2392,0.13133295
2393,0.758291
2394,0.38051555
2395,0.4114619
2396,0.17231768
2397,0.068452045
2398,0.029106997
2399,0.06334637
2400,0.053079594
2401,0.042305402
2402,0.40745765
2403,0.09501246
2404,0.2457003
2405,0.0334368
2406,0.077619985
2407,0.09218729
2408,0.13928342
2409,0.19675583
2410,0.040452793
2411,0.032456588
2412,0.067587234
2413,0.16605872
2414,0.47409713
2415,0.38040587
2416,0.4125402
2417,0.15364973
2418,0.3704691
2419,0.17222129
2420,0.05286992
2421,0.03026933
2422,0.0035148098
2423,0.029667467
2424,0.003135628
2425,0.050846387
2426,0.041864987
2427,0.114297606
2428,0.14774922
2429,0.059812907
2430,0.25951672
2431,0.031557497
2432,0.04973586
2433,0.24061754
2434,0.040823057
2435,0.010860161
2436,0.01762285
2437,0.14337073
2438,0.13992389
2439,0.03686081
2440,0.1893247
2441,0.20805067
2442,0.088334106
2443,0.08689076
2444,0.0845621
2445,0.08206524
2446,0.033656087
2447,0.09275194
2448,0.09767732
2449,0.037638225
2450,0.028168058
2451,0.06878901
2452,0.11310105
2453,0.009169988
2454,0.018398082
2455,0.07399231
2456,0.0046586287
2457,0.03035066
2458,0.03210519
2459,0.1568852
2460,0.047875993
2461,0.058270734
2462,0.0071702353
2463,0.06244707
2464,0.18619709
2465,0.35838485
2466,0.35903737
2467,0.03222674
2468,0.06569817
2469,0.018094437
2470,0.050965346
2471,0.12623428
2472,0.017429044
2473,0.028809797
2474,0.020265432
2475,0.035504796
2476,0.016635943
2477,0.015587056
2478,0.032020878
2479,0.08305792
2480,0.1009954
2481,0.37171632
2482,0.013552753
2483,0.054894455
2484,0.06253892
2485,0.09992995
2486,0.24258906
2487,0.034257744
2488,0.019279366
2489,0.0943047
2490,0.014405785
2491,0.07385502
2492,0.23177476
2493,0.07608345
2494,0.020604441
2495,0.023060694
2496,0.0044865846
2497,0.28137636
2498,0.028096886
2499,0.013930747
2500,0.04081243
2501,0.14251973
2502,0.07630992
2503,0.06248
2504,0.018741228
2505,0.03871407
2506,0.092874214
2507,0.20121476
2508,0.036162797
2509,0.025223019
2510,0.05033663
2511,0.061018582
2512,0.0635543
2513,0.15841343
2514,0.078853846
2515,0.24647953
2516,0.08789985
2517,0.029765692
2518,0.05543676
2519,0.044020165
2520,0.03382806
2521,0.1413758
2522,0.019412873
2523,0.021326385
2524,0.07279297
2525,0.01780264
2526,0.14247413
2527,0.07248364
2528,0.021480849
2529,0.2537566
2530,0.47746325
2531,0.12678844
2532,0.037369635
2533,0.008496014
2534,0.09468726
2535,0.044257145
2536,0.026340287
2537,0.098479986
2538,0.09818244
2539,0.07650443
2540,0.655848
2541,0.0679485
2542,0.017217964
2543,0.10277472
2544,0.08726477
2545,0.013745098
2546,0.062049378
2547,0.14884746
2548,0.48671094
2549,0.09421521
2550,0.11838922
2551,0.036057267
2552,0.03525299
2553,0.036705468
2554,0.10912057
2555,0.04408018
2556,0.04140055
2557,0.008657955
2558,0.059560116
2559,0.030310836
2560,0.04169217
2561,0.023814239
2562,0.08521302
2563,0.059544623
2564,0.036314707
2565,0.014925398
2566,0.04251523
2567,0.0856326
2568,0.14697358
2569,0.023841515
2570,0.04177564
2571,0.4305841
2572,0.055969965
2573,0.09319908
2574,0.038715042
2575,0.043660343
2576,0.057954542
2577,0.06933081
2578,0.01567717
2579,0.021240907
2580,0.17207772
2581,0.039518952
2582,0.02215626
2583,0.056992926
2584,0.10306313
2585,0.03265978
2586,0.009850625
2587,0.14192095
2588,0.051352285
2589,0.026396567
2590,0.06852414
2591,0.37345415
2592,0.02325375
2593,8.1463135e-05
2594,0.022591513
2595,0.010938166
2596,0.066415995
2597,0.007989666
2598,0.04761866
2599,0.14797652
2600,0.06345683
2601,0.015097456
2602,0.08675029
2603,0.14445573
2604,0.09402729
2605,0.08182599
2606,0.046901096
2607,0.055984285
2608,0.020727068
2609,0.09109271
2610,0.26002607
2611,0.10348424
2612,0.004754222
2613,0.03883794
2614,0.018228928
2615,0.010037143
2616,0.016421922
2617,0.016298141
2618,0.017808253
2619,0.01215472
2620,0.020282598
2621,0.01834308
2622,0.038664322
2623,0.031815533
2624,0.05045862
2625,0.09770489
2626,0.019807357
2627,0.0
2628,0.10421997
2629,0.0074635735
2630,0.13987625
2631,0.021142403
2632,0.010742141
2633,0.035818134
2634,0.02296077
2635,0.031448647
2636,0.01131122
2637,0.05291758
2638,0.019100122
2639,0.007425513
2640,0.0039944923
2641,0.048352126
2642,0.021359505
2643,0.03218077
2644,0.023450257
2645,0.039005417
2646,0.015372245
2647,0.021211265
2648,0.010609261
2649,0.07872455
2650,0.04401309
2651,0.0873426
2652,0.010280857
2653,0.011289255
2654,0.038805425
2655,0.07819858
2656,0.009607136
2657,0.0011376598
2658,0.063253365
2659,0.049922597
2660,0.057545185
2661,0.036719035
2662,0.0
2663,0.113005705
2664,0.030783737
2665,0.010680865
2666,0.04001253
2667,0.016145535
2668,0.07001318
2669,0.13430747
2670,0.022165975
2671,0.020621512
2672,0.027952107
2673,0.043137014
2674,0.028207537
2675,0.02283667
2676,0.01237042
2677,0.005737399
2678,0.017735627
2679,0.014489144
2680,0.009468648
2681,0.03313665
2682,0.013186129
2683,0.0093134325
2684,0.066311665
2685,0.1236426
2686,0.025578374
2687,0.058960058
2688,0.028038234
2689,0.01073972
2690,0.031588227
2691,0.03370863
2692,0.0010692945
2693,0.033170372
2694,0.049007133
2695,0.09794594
2696,0.026731504
2697,0.08835543
2698,0.036008887
2699,0.013467923
2700,0.006854405
2701,0.051338594
2702,0.06411463
2703,0.0497624
2704,0.09853784
2705,0.05797595
2706,0.016786471
2707,0.0128502315
2708,0.09005252
2709,0.1835976
2710,0.3737015
2711,0.021858724
2712,0.013310662
2713,0.047245663
2714,0.15411007
2715,0.18288879
2716,0.043387633
2717,0.13555652
2718,0.058150653
2719,0.035176497
2720,0.03618497
2721,0.009817859
2722,0.00020601154
2723,0.1551546
2724,0.029881565
2725,0.54903233
2726,0.12851483
2727,0.026047608
2728,0.23639117
2729,0.023767669
2730,0.006855962
2731,0.028772593
2732,0.03742763
2733,0.033018295
2734,0.02498974
2735,0.017317753
2736,0.09986171
2737,0.11813971
2738,0.44580832
2739,0.41554776
2740,0.02838738
2741,0.025411462
2742,0.12294625
2743,0.15510198
2744,0.004484376
2745,0.084192015
2746,0.03728696
2747,0.06798685
2748,0.049204856
2749,0.3066138
2750,0.070260935
2751,0.3889779
2752,0.42369115
2753,0.0710687
2754,0.25525555
2755,0.0052939486
2756,0.01257609
2757,0.061588418
2758,0.16451208
2759,0.054175217
2760,0.045719225
2761,0.045267414
2762,0.04285507
2763,0.00875109
2764,0.07911786
2765,0.0706832
2766,0.0368167
2767,0.02625729
2768,0.06918916
2769,0.3928814
2770,0.03402786
2771,0.027198784
2772,0.06370628
2773,0.07547821
2774,0.055189386
2775,0.053426333
2776,0.028474227
2777,0.17632641
2778,0.03983911
2779,0.25215933
2780,0.038864847
2781,0.031086594
2782,0.005320528
2783,0.49168146
2784,0.114845514
2785,0.060759243
2786,0.30719283
2787,0.31575742
2788,0.08243738
2789,0.060477488
2790,0.018967213
2791,0.025374092
2792,0.023396531
2793,0.042356845
2794,0.00067477446
2795,0.044061024
2796,0.00042016065
2797,0.047025543
2798,0.095884256
2799,0.0702051
2800,0.2501747
2801,0.31234443
2802,0.022609519
2803,0.03517146
2804,0.026468879
2805,0.036371686
2806,0.15737306
2807,0.06674446
2808,0.038209256
2809,0.04739229
2810,0.15964146
2811,0.4518832
2812,0.048351064
2813,0.015348353
2814,0.027080027
2815,0.05286316
2816,0.047790587
2817,0.02507148
2818,0.012396126
2819,0.103336684
2820,0.17379041
2821,0.08870112
2822,0.14001696
2823,0.09416012
2824,0.051322393
2825,0.046824295
2826,0.069216125
2827,0.053461574
2828,0.06870003
2829,0.087046996
2830,0.020853005
2831,0.052675962
2832,0.042474
2833,0.024070747
2834,0.03390469
2835,0.03857984
2836,0.05829117
2837,0.0036795205
2838,0.094796166
2839,0.238719
2840,0.23179561
2841,0.06356121
2842,0.047164265
2843,0.050914075
2844,0.10730267
2845,0.078818806
2846,0.016188169
2847,0.09443768
2848,0.025230056
2849,0.032457348
2850,0.09365895
2851,0.04304626
2852,0.050128177
2853,0.043243613
2854,0.00284601
2855,0.073709995
2856,0.0894162
2857,0.18561888
2858,0.093890645
2859,0.1608134
2860,0.069701426
2861,0.05473051
2862,0.021714415
2863,0.06839448
2864,0.069482245
2865,0.077422455
2866,0.03621554
2867,0.43546677
2868,0.0847049
2869,0.016856674
2870,0.13236378
2871,0.09220438
2872,0.062402096
2873,0.023800278
2874,0.091380216
2875,0.028847126
2876,0.011029286
2877,0.036423214
2878,0.037512284
2879,0.087276034
2880,0.075985156
2881,0.07457078
2882,0.082484744
2883,0.10791384
2884,0.20523812
2885,0.3852585
2886,0.06319934
2887,0.045761827
2888,0.06822353
2889,0.024085738
2890,0.07025284
2891,0.0
2892,0.026106441
2893,0.045479346
2894,0.038762186
2895,0.13208625
2896,0.05960159
2897,0.11376792
2898,0.058681916
2899,0.047140617
2900,0.048085164
2901,0.01856712
2902,0.024536673
2903,0.12263824
2904,0.006520584
2905,0.032708935
2906,0.08774694
2907,0.05335452
2908,0.013603158
2909,0.0441845
2910,0.048544966
2911,0.056660328
2912,0.09387899
2913,0.1340594
2914,0.13045982
2915,0.22302327
2916,0.090008475
2917,0.10176533
2918,0.01460572
2919,0.09919718
2920,0.057671152
2921,0.064587794
2922,0.07471455
2923,0.03190245
2924,0.07337831
2925,0.05087167
2926,0.068309404
2927,0.09691338
2928,0.047396045
2929,0.06370569
2930,0.021580378
2931,0.04385114
2932,0.0118387425
2933,0.07705174
2934,0.028473793
2935,0.059554964
2936,0.052605584
2937,0.08195505
2938,0.1292472
2939,0.4547832
2940,0.13063656
2941,0.25352862
2942,0.07514586
2943,0.097573176
2944,0.09434759
2945,0.112455025
2946,0.06854044
2947,0.0044106306
2948,0.008995106
2949,0.019586397
2950,0.2723201
2951,0.07099857
2952,0.101277426
2953,0.08645084
2954,0.08618621
2955,0.019215884
2956,0.025810596
2957,0.0
2958,0.034149367
2959,0.049101707
2960,0.13762277
2961,0.06298109
2962,0.055220503
2963,0.13270426
2964,0.42655426
2965,0.09111846
2966,0.02757761
2967,0.12709308
2968,0.07703246
2969,0.24657291
2970,0.18582182
2971,0.09089609
2972,0.022971423
2973,0.05326503
2974,0.1078183
2975,0.22939819
2976,0.058270514
2977,0.24200056
2978,0.10524943
2979,0.08486475
2980,0.01834972
2981,0.0
2982,0.021595271
2983,0.044759978
2984,0.0439991
2985,0.085880205
2986,0.023113774
2987,0.128379
2988,0.2230572
2989,0.10819136
2990,0.08447206
2991,0.042788208
2992,0.10054053
2993,0.16896343
2994,0.23942876
2995,0.087952845
2996,0.013084795
2997,0.072497874
2998,0.023808653
2999,0.04074574
3000,0.42550614
3001,0.056724437
3002,0.06179171
3003,0.3984733
3004,0.24916929
3005,0.016044203
3006,0.010831323
3007,0.014411741
3008,0.054543644
3009,0.07900528
3010,0.13440564
3011,0.25232437
3012,0.06114574
3013,0.09217692
3014,0.23013082
3015,0.23582163
3016,0.16181931
3017,0.16444926
3018,0.42624936
3019,0.09628383
3020,0.0039898083
3021,0.023631664
3022,0.056098618
3023,0.10887665
3024,0.058458183
3025,0.20264482
3026,0.8697221
3027,0.000425604
3028,0.068238154
3029,0.37526613
3030,0.016680334
3031,0.051402573
3032,0.23801358
3033,0.023110298
3034,0.05317272
3035,0.10583723
3036,0.023743318
3037,0.12513146
3038,0.15290304
3039,0.056063868
3040,0.10715861
3041,0.15954632
3042,0.1444729
3043,0.17007275
3044,0.37651652
3045,0.19020861
3046,0.034413993
3047,0.22424683
3048,0.18681583
3049,0.15231375
3050,0.6596285
3051,0.38535562
3052,0.30624276
3053,0.0013938942
3054,0.04806427
3055,0.12419897
3056,0.0020394332
3057,0.05489229
3058,0.023115158
3059,0.009044029
3060,0.10171854
3061,0.0070189633
3062,0.007342439
3063,0.01036739
3064,0.071703635
3065,0.10738894
3066,0.13262223
3067,0.12402939
3068,0.09931011
3069,0.23295131
3070,0.10894208
3071,0.025927437
3072,0.10394545
3073,0.14290656
3074,0.020626014
3075,0.09875317
3076,0.70573527
3077,0.9151657
3078,0.3838149
3079,0.008143922
3080,0.028426582
3081,0.07074347
3082,0.2485457
3083,0.0792821
3084,0.0635325
3085,0.013925299
3086,0.09987993
3087,0.08933115
3088,0.05769671
3089,0.008782856
3090,0.2747506
3091,0.011077574
3092,0.03831572
3093,0.13005506
3094,0.122690246
3095,0.06081891
3096,0.068630785
3097,0.11831091
3098,0.12839898
3099,0.027384128
3100,0.08549439
3101,0.086054415
3102,0.09338422
3103,0.722719
3104,0.74705976
3105,0.45494348
3106,0.022757016
3107,0.09542734
3108,0.007209447
3109,0.12270881
3110,0.08998721
3111,0.23214069
3112,0.04189977
3113,0.07633206
3114,0.035810303
3115,0.0702154
3116,0.1363135
3117,0.23728849
3118,0.18268365
3119,0.45183977
3120,0.24915087
3121,0.1465487
3122,0.14106339
3123,0.08577702
3124,0.10193631
3125,0.11324772
3126,0.05219597
3127,0.048136488
3128,0.18219301
3129,0.11618974
3130,0.08384289
3131,0.07435753
3132,0.66725665
3133,0.9858701
3134,0.9550558
3135,0.018175183
3136,0.075279206
3137,0.11011142
3138,0.017925367
3139,0.1377686
3140,0.03270024
3141,0.030002125
3142,0.030164147
3143,0.045007184
3144,0.13121122
3145,0.045457024
3146,0.40816924
3147,0.5378407
3148,0.10182586
3149,0.115297444
3150,0.09069021
3151,0.15860388
3152,0.079054326
3153,0.22998089
3154,0.09767306
3155,0.024043709
3156,0.12081897
3157,0.11027598
3158,0.100963466
3159,0.034546778
3160,0.32585135
3161,0.399797
3162,0.2390752
3163,0.07461143
3164,0.026957463
3165,0.09676284
3166,0.0016519737
3167,0.09272758
3168,0.17372707
3169,0.04352167
3170,0.05212225
3171,0.05580885
3172,0.025151191
3173,0.03178081
3174,0.057654146
3175,0.053467963
3176,0.24633443
3177,0.53212893
3178,0.27511552
3179,0.2519228
3180,0.15842633
3181,0.17322315
3182,0.15255214
3183,0.41074124
3184,0.11210624
3185,0.027953127
3186,0.0526488
3187,0.037464682
3188,0.1277811
3189,0.14534073
3190,0.06851444
3191,0.19774456
3192,0.37599704
3193,0.24030216
3194,1.0
3195,0.22594582
3196,0.018297756
3197,0.08369785
3198,0.14510599
3199,0.043082487
3200,0.051353186
3201,0.14140303
3202,0.08764576
3203,0.05242975
3204,0.069271006
3205,0.07274277
3206,0.2269984
3207,0.3925823
3208,0.27027243
3209,0.43802312
3210,0.25878906
3211,0.14443117
3212,0.1343541
3213,0.25446397
3214,0.012188691
3215,0.028195446
3216,0.13065329
3217,0.07371718
3218,0.044021722
3219,0.18572952
3220,0.25836203
3221,0.070490256
3222,0.46331552
3223,0.2391526
3224,0.046369694
3225,0.1212215
3226,0.08420526
3227,0.06082277
3228,0.012508291
3229,0.051484685
3230,0.10414278
3231,0.09246044
3232,0.10592267
3233,0.16459177
3234,0.2601691
3235,0.71938163
3236,0.41919655
3237,0.39449295
3238,0.42304385
3239,0.10524494
3240,0.08090741
3241,0.10226404
3242,0.12192467
3243,0.24421878
3244,0.10381081
3245,0.01839629
3246,0.07337904
3247,0.11801886
3248,0.09514455
3249,0.022781234
3250,0.017156765
3251,0.039091587
3252,0.023183346
3253,0.024912635
3254,0.013903066
3255,0.04495011
3256,0.07006904
3257,0.084126666
3258,0.107269
3259,0.16738616
3260,0.2505732
3261,0.3765615
3262,0.5047297
3263,0.52310485
3264,0.25536156
3265,0.09141347
3266,0.03931048
3267,0.018192636
3268,0.058610298
3269,0.11197984
3270,0.01865323
3271,0.0
3272,0.037727375
3273,0.40812778
3274,0.047160294
3275,0.010739535
3276,0.049897663
3277,0.06700704
3278,0.09542111
3279,0.037480295
3280,0.0667356
3281,0.020520143
3282,0.05408649
3283,0.025360078
3284,0.028437994
3285,0.04992465
3286,0.12042512
3287,0.13260013
3288,0.46140683
3289,0.39244637
3290,0.1344598
3291,0.6929595
3292,0.38399762
3293,0.38764015
3294,0.09290841
3295,0.06684551
3296,0.053134564
3297,0.045762416
3298,0.06146848
3299,0.042629424
3300,0.06337286
3301,0.4161401
3302,0.08244125
3303,0.24787103
3304,0.032780524
3305,0.08735728
3306,0.08220754
3307,0.08498837
3308,0.18357514
3309,0.040464804
3310,0.029549293
3311,0.0128134955
3312,0.08802929
3313,0.17525907
3314,0.4395502
3315,0.3772632
3316,0.43333814
3317,0.13375612
3318,0.3936224
3319,0.15353642
3320,0.04996565
3321,0.025257885
3322,0.016015662
3323,0.016140554
3324,0.02131997
3325,0.037353728
3326,0.12872481
3327,0.11200627
3328,0.050817076
3329,0.17940165
3330,0.03373333
3331,0.06520176
3332,0.22694427
3333,0.0565498
3334,0.01440469
3335,0.0161449
3336,0.1496413
3337,0.13212445
3338,0.032256514
3339,0.117626056
3340,0.2439211
3341,0.07739133
3342,0.08659716
3343,0.026243033
3344,0.07758192
3345,0.093837894
3346,0.034791294
3347,0.10276805
3348,0.095166095
3349,0.058112305
3350,0.0236344
3351,0.005431631
3352,0.12680444
3353,0.003436946
3354,0.0558552
3355,0.05897147
3356,0.056657594
3357,0.23869014
3358,0.041492995
3359,0.051583823
3360,0.068111695
3361,0.16380621
3362,0.38443795
3363,0.38644695
3364,0.036794163
3365,0.0036539324
3366,0.018427234
3367,0.032798976
3368,0.06098023
3369,0.09034421
3370,0.12583077
3371,0.009021587
3372,0.02458695
3373,0.006070366
3374,0.038204912
3375,0.0044186627
3376,0.01873968
3377,0.12268308
3378,0.1267877
3379,0.38796017
3380,0.02834451
3381,0.019017974
3382,0.036338717
3383,0.08863308
3384,0.12724744
3385,0.24505867
3386,0.048794866
3387,0.011656063
3388,0.0064761066
3389,0.08871627
3390,0.046589117
3391,0.012732576
3392,0.100862555
3393,0.10696488
3394,0.0728057
3395,0.017709589
3396,0.035152033
3397,0.26650253
3398,0.014544222
3399,0.042753726
3400,0.15019582
3401,0.076567665
3402,0.046439454
3403,0.037343197
3404,0.038714916
3405,0.122809194
3406,0.24587326
3407,0.047552742
3408,0.02738424
3409,0.030741744
3410,0.056688678
3411,0.05512084
3412,0.121803366
3413,0.074496314
3414,0.18972838
3415,0.0924315
3416,0.023825958
3417,0.00921831
3418,0.08593294
3419,0.05799206
3420,0.029307341
3421,0.117823504
3422,0.0
3423,0.07401408
3424,0.024663202
3425,0.111553445
3426,0.06922775
3427,0.012933844
3428,0.007711384
3429,0.25195453
3430,0.49493876
3431,0.14689855
3432,0.05101834
3433,0.09091365
3434,0.041385375
3435,0.029518887
3436,0.082938544
3437,0.07996443
3438,0.09251954
3439,0.6531665
3440,0.075155854
3441,0.07711636
3442,0.06772247
3443,0.035792317
3444,0.13090464
3445,0.42548707
3446,0.07726792
3447,0.11936157
3448,0.016831785
3449,0.05675608
3450,0.1297076
3451,0.044785332
3452,0.028764347
3453,0.007860018
3454,0.061603952
3455,0.054837987
3456,0.044991076
3457,0.011234703
3458,0.016643826
3459,0.084700845
3460,0.04799379
3461,0.067273
3462,0.036406748
3463,0.07702501
3464,0.1034159
3465,0.028035711
3466,0.06546903
3467,0.45061135
3468,0.064018086
3469,0.09876923
3470,0.03385657
3471,0.04055589
3472,0.07950139
3473,0.071238235
3474,0.012755272
3475,0.25633618
3476,0.039094884
3477,0.0
3478,0.0
3479,0.019376807
3480,0.06697091
3481,0.09417298
3482,0.031601842
3483,0.09602152
3484,0.036638685
3485,0.05945755
3486,0.23745196
3487,0.03098767
3488,0.034159962
3489,0.07253391
3490,0.007928722
3491,0.055736523
3492,0.1167321
3493,0.08658737
3494,0.0011751199
3495,0.0133201545
3496,0.027985724
3497,0.0
3498,0.07339272
3499,0.10780358
3500,0.07827257
3501,0.098383196
3502,0.08275133
3503,0.029795786
3504,0.07718074
3505,0.022486946
3506,0.048244745
3507,0.18204309
3508,0.11965229
3509,0.0016835611
3510,0.06436847
3511,0.01272792
3512,0.015556377
3513,0.0150169525
3514,0.022427317
3515,0.0058040293
3516,0.0010900379
3517,0.017355934
3518,0.013977457
3519,0.03051348
3520,0.03799152
3521,0.08624775
3522,0.12703247
3523,0.12689272
3524,0.16475366
3525,0.0
3526,0.050966248
3527,0.011353773
3528,0.029152231
3529,0.036594745
3530,0.0009334055
3531,0.025676724
3532,0.031068446
3533,0.007091187
3534,0.008560623
3535,0.10094143
3536,0.024284558
3537,0.0124187
3538,0.06143022
3539,0.017386895
3540,0.015806533
3541,0.08443799
3542,0.037540864
3543,0.04951591
3544,2.7644124e-05
3545,0.03700105
3546,0.013451769
3547,0.016708076
3548,0.076684386
3549,0.012762791
3550,0.0035121385
3551,0.0033956051
3552,0.093589924
3553,0.06407959
3554,0.06777896
3555,0.07162371
3556,0.0
3557,0.138514
3558,0.037317853
3559,0.011384114
3560,0.0070021544
3561,0.10073158
3562,0.022093205
3563,0.07952299
3564,0.011627478
3565,0.13059215
3566,0.017897222
3567,0.028053012
3568,0.028244752
3569,0.022951804
3570,0.0065598534
3571,0.01706389
3572,0.009490266
3573,0.008552062
3574,0.006129829
3575,0.055933505
3576,0.007301204
3577,0.042688534
3578,0.068818755
3579,0.11543221
3580,0.02988069
3581,0.025087189
3582,0.019418946
3583,0.023007711
3584,0.067365065
3585,0.027845034
3586,0.013720492
3587,0.05289265
3588,0.011712842
3589,0.064242795
3590,0.048318487
3591,0.10187949
3592,0.016665226
3593,0.079029076
3594,0.0
3595,0.02722621
3596,0.0063100546
3597,0.046105508
3598,0.05938318
3599,0.023125894
3600,0.05787588
3601,0.03665801
3602,0.09309455
3603,0.07102537
3604,0.0
3605,0.027540172
3606,0.025941623
3607,0.009177941
3608,0.12278285
3609,0.39271575
3610,0.3801016
3611,0.022152923
3612,0.05458381
3613,0.390911
3614,0.057592034
3615,0.262886
3616,0.04390578
3617,0.25275528
3618,0.058295388
3619,0.03607375
3620,0.037786983
3621,0.007963153
3622,0.0
3623,0.17395496
3624,0.05669314
3625,0.5470238
3626,0.11651822
3627,0.12782556
3628,0.028281314
3629,0.028905308
3630,0.035219308
3631,0.027227176
3632,0.024010872
3633,0.01696384
3634,0.09755825
3635,0.13321719
3636,0.4371845
3637,0.46000502
3638,0.029213572
3639,0.02514178
3640,0.13060671
3641,0.2473507
3642,0.006774217
3643,0.0987966
3644,0.03913652
3645,0.0700021
3646,0.07224082
3647,0.3869199
3648,0.07598221
3649,0.3972186
3650,0.43437853
3651,0.07121783
3652,0.40556636
3653,0.003495877
3654,0.06365067
3655,0.25595692
3656,0.05409851
3657,0.042055726
3658,0.045458816
3659,0.04576619
3660,0.055594992
3661,0.080633916
3662,0.074160315
3663,0.036750622
3664,0.033642936
3665,0.07857923
3666,0.3061409
3667,0.03209238
3668,0.026266966
3669,0.05009305
3670,0.06782585
3671,0.07858523
3672,0.02957814
3673,0.054186538
3674,0.063305736
3675,0.072813384
3676,0.019348087
3677,0.032626588
3678,0.1726865
3679,0.039738834
3680,0.25241786
3681,0.040716827
3682,0.0035143807
3683,0.020526057
3684,0.024357824
3685,0.46849674
3686,0.11852078
3687,0.05924759
3688,0.20499085
3689,0.43461937
3690,0.0007463439
3691,0.0876131
3692,0.06009053
3693,0.012946603
3694,0.029277382
3695,0.026478989
3696,0.038650315
3697,0.0010784913
3698,0.046633516
3699,0.0
3700,0.044969626
3701,0.10023288
3702,0.06720056
3703,0.2521297
3704,0.3129588
3705,0.024047598
3706,0.03320405
3707,0.029963944
3708,0.028285196
3709,0.03779376
3710,0.15553644
3711,0.026369011
3712,0.067811735
3713,0.035335377
3714,0.17373809
3715,0.46137905
3716,0.05165485
3717,0.026332147
3718,0.05090261
3719,0.048325595
3720,0.02690341
3721,0.094791524
3722,0.17956014
3723,0.089747235
3724,0.14405751
3725,0.09673915
3726,0.035106644
3727,0.051454566
3728,0.04582278
3729,0.07591434
3730,0.052935015
3731,0.06922865
3732,0.13244173
3733,0.02194896
3734,0.055045146
3735,0.042465106
3736,0.02524515
3737,0.035434075
3738,0.03643537
3739,0.059314054
3740,0.0067686383
3741,0.09871476
3742,0.11655731
3743,0.23827276
3744,0.068934724
3745,0.047245625
3746,0.04876983
3747,0.1149157
3748,0.09388977
3749,0.016900139
3750,0.10759087
3751,0.0236401
3752,0.03188732
3753,0.087356284
3754,0.04593407
3755,0.048066664
3756,0.042876285
3757,0.07817871
3758,0.08774277
3759,0.13871579
3760,0.091244146
3761,0.113468885
3762,0.08045767
3763,0.053544123
3764,0.022706568
3765,0.07156849
3766,0.07193221
3767,0.080449715
3768,0.03924647
3769,0.42563704
3770,0.08787789
3771,0.03306313
3772,0.01619318
3773,0.13435309
3774,0.09388987
3775,0.06688134
3776,0.024495842
3777,0.013767313
3778,0.094895944
3779,0.010833752
3780,0.036702465
3781,0.037286684
3782,0.08826427
3783,0.08318779
3784,0.07186823
3785,0.08168235
3786,0.11009408
3787,0.18440309
3788,0.35117033
3789,0.06428857
3790,0.047024325
3791,0.071734846
3792,0.022962408
3793,0.06970975
3794,0.046314668
3795,0.037631005
3796,0.13519906
3797,0.06557907
3798,0.103425086
3799,0.061644863
3800,0.050515413
3801,0.017963825
3802,0.025079109
3803,0.12573455
3804,0.0032948472
3805,0.035859413
3806,0.09226224
3807,0.0141425
3808,0.04569748
3809,0.049085088
3810,0.05438453
3811,0.095558375
3812,0.1373087
3813,0.13080256
3814,0.22788888
3815,0.09427957
3816,0.09646914
3817,0.013893795
3818,0.09890158
3819,0.057666197
3820,0.068211354
3821,0.07790848
3822,0.032260954
3823,0.027410865
3824,0.07434279
3825,0.057606306
3826,0.009425204
3827,0.06789184
3828,0.10445992
3829,0.046105634
3830,0.062088184
3831,0.022273486
3832,0.054178186
3833,0.07798594
3834,0.028122773
3835,0.059457935
3836,0.05391514
3837,0.08377826
3838,0.12723748
3839,0.4225567
3840,0.13107388
3841,0.14138664
3842,0.07614849
3843,0.096925154
3844,0.10348753
3845,0.11523408
3846,0.071501374
3847,0.0
3848,0.0044954275
3849,0.019824885
3850,0.26705346
3851,0.072587736
3852,0.09655461
3853,0.08858797
3854,0.08577577
3855,0.021225315
3856,0.024283366
3857,0.0
3858,0.03463436
3859,0.049378335
3860,0.14313763
3861,0.06046509
3862,0.054446027
3863,0.13151953
3864,0.4379979
3865,0.090153426
3866,0.031563874
3867,0.20063692
3868,0.075549684
3869,0.19070686
3870,0.22833271
3871,0.094233416
3872,0.019631501
3873,0.05417169
3874,0.044072494
3875,0.11284818
3876,0.13983627
3877,0.057103626
3878,0.23982354
3879,0.10504566
3880,0.09628678
3881,0.018473646
3882,0.0001466621
3883,0.04419261
3884,0.045106634
3885,0.09140527
3886,0.023097575
3887,0.12674184
3888,0.13559908
3889,0.11405968
3890,0.08671105
3891,0.04197724
3892,0.10413292
3893,0.17415467
3894,0.23902251
3895,0.0913532
3896,0.074218616
3897,0.04209339
3898,0.4362468
3899,0.057386387
3900,0.061066896
3901,0.25184503
3902,0.24696158
3903,0.004643971
3904,0.021368716
3905,0.017004551
3906,0.056842018
3907,0.081817664
3908,0.13368419
3909,0.25104484
3910,0.06313701
3911,0.085797586
3912,0.24318288
3913,0.14965644
3914,0.16422464
3915,0.16758585
3916,0.37174287
3917,0.09452043
3918,0.028099762
3919,0.058752716
3920,0.099836595
3921,0.062480137
3922,0.28106728
3923,0.9021411
3924,0.0039385855
3925,0.07124951
3926,0.37660635
3927,0.018094989
3928,0.053411033
3929,0.24038981
3930,0.022555828
3931,0.051239204
3932,0.1102183
3933,0.023085102
3934,0.12580915
3935,0.0032395273
3936,0.24272542
3937,0.05337335
3938,0.10656114
3939,0.1518851
3940,0.13994221
3941,0.23626302
3942,0.36877164
3943,0.19348115
3944,0.03244304
3945,0.21882604
3946,0.11051736
3947,0.15407278
3948,0.71782315
3949,0.37305778
3950,0.31771636
3951,0.0
3952,0.043600667
3953,0.12495971
3954,0.052096933
3955,0.038466744
3956,0.0
3957,0.037522424
3958,0.0110404
3959,0.10712476
3960,0.0067423256
3961,0.010097566
3962,0.07231417
3963,0.10443098
3964,0.1328789
3965,0.12547733
3966,0.11627661
3967,0.22889315
3968,0.16730581
3969,0.025397254
3970,0.11964845
3971,0.23613732
3972,0.022450961
3973,0.1065628
3974,0.7938369
3975,0.9150881
3976,0.4083666
3977,0.029407643
3978,0.07156487
3979,0.25080946
3980,0.07984714
3981,0.06969459
3982,0.014654581
3983,0.09605806
3984,0.09067422
3985,0.05723244
3986,0.008378929
3987,0.26948282
3988,0.01252905
3989,0.035986498
3990,0.1314331
3991,0.12589596
3992,0.06079065
3993,0.06735871
3994,0.11805556
3995,0.12429519
3996,0.027611325
3997,0.10455349
3998,0.08641829
3999,0.097421825
4000,0.8008233
4001,0.80245614
4002,0.47168973
4003,0.02326751
4004,0.100237995
4005,0.03987248
4006,0.11938698
4007,0.09775136
4008,0.23192032
4009,0.041197386
4010,0.082345024
4011,0.03646224
4012,0.068890385
4013,0.13336326
4014,0.22899868
4015,0.18715689
4016,0.46272257
4017,0.2488579
4018,0.14415695
4019,0.13939886
4020,0.0864818
4021,0.10641
4022,0.109173425
4023,0.048069928
4024,0.049236808
4025,0.022095498
4026,0.18532436
4027,0.22920275
4028,0.102795504
4029,0.08059034
4030,0.02652513
4031,0.80539596
4032,0.9888065
4033,0.9385847
4034,0.022690123
4035,0.081724666
4036,0.11019762
4037,0.020818455
4038,0.14586847
4039,0.03197511
4040,0.030737987
4041,0.029759094
4042,0.045268595
4043,0.12785418
4044,0.047542658
4045,0.36515564
4046,0.5495364
4047,0.10315342
4048,0.11520194
4049,0.09100569
4050,0.22408386
4051,0.10017325
4052,0.22960901
4053,0.109509
4054,0.024657143
4055,0.11594438
4056,0.114287026
4057,0.09671383
4058,0.03559027
4059,0.4051645
4060,0.4025701
4061,0.1829141
4062,0.07692003
4063,0.028629275
4064,0.10065823
4065,0.09892325
4066,0.18764098
4067,0.046225034
4068,0.04886338
4069,0.05859543
4070,0.032321967
4071,0.056003593
4072,0.05369394
4073,0.23746254
4074,0.5508199
4075,0.25939724
4076,0.24500482
4077,0.14890157
4078,0.18566486
4079,0.22883241
4080,0.40734956
4081,0.10456345
4082,0.02771151
4083,0.0539395
4084,0.03832812
4085,0.12373948
4086,0.14425299
4087,0.080598325
4088,0.28540766
4089,0.27065763
4090,0.16198628
4091,0.9862132
4092,0.12628151
4093,0.021779949
4094,0.08480857
4095,0.15030436
4096,0.046475846
4097,0.051041424
4098,0.08527219
4099,0.09299038
4100,0.056746017
4101,0.076210834
4102,0.07527409
4103,0.14585795
4104,0.37876314
4105,0.26519486
4106,0.4509187
4107,0.3840732
4108,0.14241526
4109,0.131665
4110,0.3571452
4111,0.011405007
4112,0.029718526
4113,0.12679398
4114,0.07716678
4115,0.045211345
4116,0.2551938
4117,0.25137758
4118,0.0798685
4119,0.46631604
4120,0.24072924
4121,0.04572204
4122,0.1165507
4123,0.090992264
4124,0.06446018
4125,0.00993717
4126,0.013061471
4127,0.018920403
4128,0.052643817
4129,0.09779661
4130,0.10025129
4131,0.102015175
4132,0.15364659
4133,0.36952448
4134,0.82862264
4135,0.40848827
4136,0.26428765
4137,0.43016356
4138,0.11264089
4139,0.09054521
4140,0.08467865
4141,0.13052669
4142,0.18291068
4143,0.11103463
4144,0.015104574
4145,0.07636817
4146,0.12026722
4147,0.005270047
4148,0.07556942
4149,0.08720709
4150,0.024249982
4151,0.037097987
4152,0.021094814
4153,0.012644085
4154,0.045268565
4155,0.073782995
4156,0.08833566
4157,0.10587537
4158,0.17710462
4159,0.19740497
4160,0.3912647
4161,0.4751769
4162,0.53804654
4163,0.35658947
4164,0.09300026
4165,0.0073495144
4166,0.040105667
4167,0.018258087
4168,0.062191628
4169,0.11347427
4170,0.0
4171,0.040497407
4172,0.42579508
4173,0.048745375
4174,0.010054486
4175,0.047803838
4176,0.06938585
4177,0.10503516
4178,0.038249455
4179,0.06930713
4180,0.024812685
4181,0.052175373
4182,0.1270039
4183,0.13581963
4184,0.44382134
4185,0.37106314
4186,0.13553537
4187,0.7383247
4188,0.3742427
4189,0.39085096
4190,0.08848854
4191,0.074089535
4192,0.026290426
4193,0.057347346
4194,0.04604573
4195,0.061098676
4196,0.042760123
4197,0.06481885
4198,0.3989775
4199,0.09560069
4200,0.36858457
4201,0.030591821
4202,0.09206964
4203,0.08802044
4204,0.09267346
4205,0.18597394
4206,0.039986543
4207,0.029494973
4208,0.011774505
4209,0.09114075
4210,0.17824613
4211,0.4361076
4212,0.39094275
4213,0.42339024
4214,0.1284459
4215,0.3789575
4216,0.1556106
4217,0.045618303
4218,0.024047676
4219,0.012024698
4220,0.014879513
4221,0.020545926
4222,0.036105618
4223,0.13023065
4224,0.11425947
4225,0.05441227
4226,0.18140043
4227,0.03265387
4228,0.07152159
4229,0.2295892
4230,0.06300484
4231,0.013218737
4232,0.015490318
4233,0.14267774
4234,0.13805908
4235,0.03209635
4236,0.11840359
4237,0.24787597
4238,0.08157608
4239,0.0908433
4240,0.026802842
4241,0.07578617
4242,0.092531756
4243,0.04042333
4244,0.10024171
4245,0.10722501
4246,0.06593
4247,0.024810433
4248,0.007421387
4249,0.12873985
4250,0.0
4251,0.053779356
4252,0.055703867
4253,0.056486174
4254,0.16887759
4255,0.041265853
4256,0.051157106
4257,0.00574481
4258,0.068045825
4259,0.168104
4260,0.36912376
4261,0.37198156
4262,0.035882715
4263,0.0033811296
4264,0.020133575
4265,0.016697913
4266,0.03196512
4267,0.06430672
4268,0.016339915
4269,0.09873004
4270,0.12540431
4271,0.008187805
4272,0.023471106
4273,0.00483855
4274,0.0392507
4275,0.004756417
4276,0.12533958
4277,0.12015215
4278,0.25538507
4279,0.02543061
4280,0.018035809
4281,0.03675935
4282,0.0898028
4283,0.12809262
4284,0.24116613
4285,0.04757023
4286,0.010660702
4287,0.09091637
4288,0.053230733
4289,0.013291922
4290,0.113690354
4291,0.11183611
4292,0.07232271
4293,0.017996565
4294,0.016845914
4295,0.036942948
4296,0.25485885
4297,0.042506754
4298,0.1527988
4299,0.07978751
4300,0.04702415
4301,0.03842171
4302,0.04269131
4303,0.13435383
4304,0.24115974
4305,0.045985196
4306,0.023952555
4307,0.03046318
4308,0.061190665
4309,0.05856491
4310,0.23274131
4311,0.08075811
4312,0.24165691
4313,0.107141964
4314,0.024366423
4315,0.09904552
4316,0.059313778
4317,0.030774895
4318,0.23650265
4319,0.0
4320,0.07675771
4321,0.024006635
4322,0.11434809
4323,0.06997864
4324,0.0085434485
4325,0.24868295
4326,0.31058386
4327,0.09367005
4328,0.04904232
4329,0.09944064
4330,0.04082544
4331,0.03054773
4332,0.08478422
4333,0.08190569
4334,0.0966475
4335,0.61874336
4336,0.07751569
4337,0.08013567
4338,0.068461716
4339,0.035996914
4340,0.13708836
4341,0.42904577
4342,0.07927733
4343,0.11619258
4344,0.018643554
4345,0.029991731
4346,0.014378515
4347,0.055325784
4348,0.12904541
4349,0.045065247
4350,0.029682416
4351,0.059660666
4352,0.051900614
4353,0.017390352
4354,0.04640134
4355,0.016871436
4356,0.08934517
4357,0.055189602
4358,0.038004305
4359,0.07754018
4360,0.08586431
4361,0.02342506
4362,0.068913475
4363,0.46759233
4364,0.06963601
4365,0.09923422
4366,0.03560495
4367,0.040779855
4368,0.08558828
4369,0.071143605
4370,0.024612669
4371,0.3905097
4372,0.04022137
4373,0.0
4374,0.018226502
4375,0.068812065
4376,0.08973847
4377,0.025454024
4378,0.09953055
4379,0.03725556
4380,0.02423449
4381,0.0069436296
4382,0.057610676
4383,0.3686348
4384,0.03552941
4385,0.018287463
4386,0.003083994
4387,0.027670313
4388,0.08129413
4389,0.00814439
4390,0.054755937
4391,0.12912865
4392,0.099288024
4393,0.007997755
4394,0.014291691
4395,0.025837848
4396,0.076944925
4397,0.10673658
4398,0.0797699
4399,0.102039315
4400,0.08710109
4401,0.029743826
4402,0.07938296
4403,0.02353158
4404,0.04782651
4405,0.18723051
4406,0.1227927
4407,0.0015106401
4408,0.0119414665
4409,0.06728416
4410,0.010519097
4411,0.013772956
4412,0.026086444
4413,0.0060534095
4414,0.0019026693
4415,0.018056612
4416,0.015007252
4417,0.034860488
4418,0.036774993
4419,0.08755334
4420,0.12550898
4421,0.1207245
4422,0.17323631
4423,0.012077484
4424,0.054470062
4425,0.011394818
4426,0.02851097
4427,0.03710336
4428,0.023814682
4429,0.0054311026
4430,0.0036251103
4431,0.0032498825
4432,0.10207036
4433,0.007875984
4434,0.06119212
4435,0.015847415
4436,0.017291658
4437,0.010534913
4438,0.08197731
4439,0.035962887
4440,0.056111485
4441,0.011286492
4442,0.0016158698
4443,0.032784328
4444,0.017499644
4445,0.075704634
4446,0.0021643527
4447,0.013731119
4448,0.09153197
4449,0.06426744
4450,0.07145928
4451,0.073367275
4452,0.143448
4453,0.039600186
4454,0.011754252
4455,0.007344505
4456,0.1041434
4457,0.023712838
4458,0.080102235
4459,0.007510497
4460,0.13068967
4461,0.018149586
4462,0.037761506
4463,0.03241754
4464,0.013099249
4465,0.022663722
4466,0.052797046
4467,0.0064099827
4468,0.010033371
4469,0.04757244
4470,0.07074476
4471,0.02416221
4472,0.12190378
4473,0.026638929
4474,0.023522608
4475,0.0024911966
4476,0.0241181
4477,0.063563935
4478,0.02664699
4479,0.014485594
4480,0.053925097
4481,0.065336995
4482,0.005394815
4483,0.005360647
4484,0.013782968
4485,0.030475087
4486,0.062337372
4487,0.10503692
4488,0.019202389
4489,0.0801181
4490,0.021185266
4491,0.036925796
4492,0.029771218
4493,0.014937892
4494,0.009554519
4495,0.045568332
4496,0.06709227
4497,0.0070968866
4498,0.023883708
4499,0.048981354
4500,0.03644069
4501,0.08577315
4502,0.0681955
4503,0.028824436
4504,0.0071712076
4505,0.103582084
4506,0.04037913
4507,0.2697731
4508,0.37584078
4509,0.013321541
4510,0.0515686
4511,0.25213173
4512,0.060006924
4513,0.20658226
4514,0.03197768
4515,0.24656264
4516,0.05608769
4517,0.028022043
4518,0.012536381
4519,0.020764565
4520,0.18728723
4521,0.04550394
4522,0.60540384
4523,0.13679948
4524,0.13934407
4525,0.029731289
4526,0.030214582
4527,0.038154047
4528,0.026373563
4529,0.026435968
4530,0.017435927
4531,0.20884697
4532,0.112096585
4533,0.4702152
4534,0.43185005
4535,0.030751811
4536,0.028709248
4537,0.12931731
4538,0.16985139
4539,0.09980548
4540,0.03939696
4541,0.07432902
4542,0.069401175
4543,0.40421456
4544,0.13140915
4545,0.15650387
4546,0.43916896
4547,0.13392577
4548,0.41215777
4549,0.061657146
4550,0.25804725
4551,0.053484004
4552,0.04807628
4553,0.044834096
4554,0.041095313
4555,0.06114922
4556,0.14352004
4557,0.07608756
4558,0.03643069
4559,0.027280634
4560,0.08257657
4561,0.19824791
4562,0.028375145
4563,0.049275573
4564,0.074540995
4565,0.08700462
4566,0.033508804
4567,0.05744123
4568,0.06339011
4569,0.07563167
4570,0.021368247
4571,0.031377465
4572,0.27900785
4573,0.04300843
4574,0.25734004
4575,0.080369085
4576,0.03664713
4577,0.0045848
4578,0.020417517
4579,0.4639887
4580,0.11474209
4581,0.0099946875
4582,0.06230957
4583,0.21458414
4584,0.43200132
4585,0.0
4586,0.08896452
4587,0.06240239
4588,0.016952017
4589,0.03949597
4590,0.047332864
4591,0.0
4592,0.044874925
4593,0.10413594
4594,0.06676748
4595,0.25254944
4596,0.4189932
4597,0.023680199
4598,0.0226801
4599,0.035975657
4600,0.008179728
4601,0.0017558961
4602,0.027848676
4603,0.037163492
4604,0.16489032
4605,0.028012712
4606,0.07184149
4607,0.043092508
4608,0.027226947
4609,0.17427951
4610,0.5407003
4611,0.048258025
4612,0.012150836
4613,0.027703222
4614,0.057086356
4615,0.044673193
4616,0.018060887
4617,0.026037836
4618,0.009230215
4619,0.11044021
4620,0.24236906
4621,0.087950446
4622,0.13872729
4623,0.103544354
4624,0.036680654
4625,0.051214706
4626,0.047611296
4627,0.072909676
4628,0.053178128
4629,0.06791534
4630,0.13456072
4631,0.019756295
4632,0.05253401
4633,0.041008998
4634,0.02533376
4635,0.034432314
4636,0.039843254
4637,0.061001875
4638,0.024491074
4639,0.09680864
4640,0.13529837
4641,0.22335757
4642,0.06970174
4643,0.05121846
4644,0.058454532
4645,0.12038601
4646,0.09311198
4647,0.01627308
4648,0.09831829
4649,0.02346713
4650,0.032974906
4651,0.0
4652,0.0930145
4653,0.046174392
4654,0.051643573
4655,0.043246724
4656,0.07669055
4657,0.09203489
4658,0.17708859
4659,0.09217868
4660,0.16883744
4661,0.083425246
4662,0.053934943
4663,0.022160266
4664,0.071844675
4665,0.06516342
4666,0.08252396
4667,0.03616371
4668,0.42972654
4669,0.14000386
4670,0.034017377
4671,0.14153416
4672,0.08899963
4673,0.07123061
4674,0.021990126
4675,0.014569755
4676,0.011953609
4677,0.09602765
4678,0.012414571
4679,0.03336307
4680,0.036393188
4681,0.08986127
4682,0.077660576
4683,0.078227885
4684,0.08548849
4685,0.10642071
4686,0.20581555
4687,0.37774253
4688,0.06366494
4689,0.05008271
4690,0.074344434
4691,0.023153147
4692,0.07175685
4693,0.04780834
4694,0.03828731
4695,0.14169456
4696,0.06579149
4697,0.10553425
4698,0.06523586
4699,0.050711084
4700,0.01847427
4701,0.024433505
4702,0.1322845
4703,0.008393861
4704,0.033060074
4705,0.08702832
4706,0.052978363
4707,0.014033649
4708,0.045517474
4709,0.05184475
4710,0.05689573
4711,0.098006986
4712,0.14014095
4713,0.13668531
4714,0.22730815
4715,0.095068224
4716,0.102432854
4717,0.016730264
4718,0.100160584
4719,0.013649208
4720,0.060416445
4721,0.07213511
4722,0.083340526
4723,0.032485813
4724,0.027854644
4725,0.07624515
4726,0.059542626
4727,0.012296766
4728,0.073035024
4729,0.10538629
4730,0.04459252
4731,0.06221655
4732,0.0013277445
4733,0.0223731
4734,0.05396608
4735,0.08072297
4736,0.029303433
4737,0.058010478
4738,0.05444666
4739,0.08074705
4740,0.13495956
4741,0.4405076
4742,0.1372137
4743,0.14084432
4744,0.079207696
4745,0.102548346
4746,0.10466282
4747,0.11560117
4748,0.07166617
4749,0.001105499
4750,0.020972546
4751,0.2799289
4752,0.07369775
4753,0.097562686
4754,0.09878178
4755,0.09198258
4756,0.02326658
4757,0.024590058
4758,0.0
4759,0.025269585
4760,0.035657488
4761,0.051349215
4762,0.14852235
4763,0.063532315
4764,0.05702535
4765,0.13659112
4766,0.447486
4767,0.09447058
4768,0.20513487
4769,0.06716529
4770,0.24802837
4771,0.19656266
4772,0.09819779
4773,0.05735837
4774,0.045084283
4775,0.12559259
4776,0.22768815
4777,0.061660487
4778,0.19473927
4779,0.12282967
4780,0.09611566
4781,0.0219704
4782,0.044894572
4783,0.045887023
4784,0.09119691
4785,0.024135998
4786,0.13195767
4787,0.14179252
4788,0.112393536
4789,0.08974766
4790,0.04274995
4791,0.10317045
4792,0.17692693
4793,0.24521725
4794,0.1033954
4795,0.07661513
4796,0.023823297
4797,0.0015039758
4798,0.041477885
4799,0.4305125
4800,0.055915058
4801,0.060900584
4802,0.39141938
4803,0.24863969
4804,0.006460932
4805,0.022189187
4806,0.05719728
4807,0.081853196
4808,0.14769392
4809,0.24478936
4810,0.06640789
4811,0.09149469
4812,0.23389293
4813,0.1546232
4814,0.17585908
4815,0.17649433
4816,0.26846638
4817,0.10157204
4818,0.058822066
4819,0.1072292
4820,0.061273403
4821,0.27036703
4822,0.9404345
4823,0.0022687612
4824,0.07382367
4825,0.3803349
4826,0.015801838
4827,0.053802382
4828,0.24507253
4829,0.019081442
4830,0.024305176
4831,0.05321143
4832,0.10775857
4833,0.02635542
4834,0.12536812
4835,0.2489329
4836,0.055631954
4837,0.11070692
4838,0.16649115
4839,0.15026273
4840,0.18449807
4841,0.36555824
4842,0.2573739
4843,0.15079828
4844,0.1935592
4845,0.1590065
4846,0.68967867
4847,0.38681424
4848,0.32470992
4849,7.317765e-05
4850,0.048828337
4851,0.12933132
4852,0.056496985
4853,0.0
4854,0.0
4855,0.0104348585
4856,0.10831542
4857,0.010555684
4858,0.011181461
4859,0.07340603
4860,0.099644095
4861,0.13773076
4862,0.12680382
4863,0.10859534
4864,0.2394563
4865,0.0989613
4866,0.023832412
4867,0.11930722
4868,0.15469734
4869,0.02249254
4870,0.11137153
4871,0.88849133
4872,0.9490745
4873,0.40533915
4874,0.00758674
4875,0.02744041
4876,0.07145902
4877,0.25093696
4878,0.08485027
4879,0.07005437
4880,0.01408554
4881,0.10283602
4882,0.0958171
4883,0.055115897
4884,0.007743073
4885,0.26374176
4886,0.010926924
4887,0.036574878
4888,0.13290441
4889,0.12692964
4890,0.06022995
4891,0.0651138
4892,0.12649795
4893,0.13366374
4894,0.028319025
4895,0.116492204
4896,0.08635347
4897,0.099467866
4898,0.84724
4899,0.8508123
4900,0.4928839
4901,0.024940224
4902,0.04470248
4903,0.039104357
4904,0.00760094
4905,0.11963439
4906,0.0940485
4907,0.2325752
4908,0.042678915
4909,0.0838652
4910,0.036962323
4911,0.070874855
4912,0.13310952
4913,0.15839465
4914,0.19715407
4915,0.42520714
4916,0.2559169
4917,0.14970623
4918,0.14500408
4919,0.09179111
4920,0.1032173
4921,0.12037781
4922,0.052252743
4923,0.05035459
4924,0.19713801
4925,0.1298172
4926,0.090981744
4927,0.08319488
4928,0.031223293
4929,0.8449083
4930,0.99933434
4931,0.9889186
4932,0.020226529
4933,0.086172566
4934,0.2508654
4935,0.15395649
4936,0.030403305
4937,0.03069548
4938,0.030583309
4939,0.04594086
4940,0.13208458
4941,0.04556854
4942,0.3771879
4943,0.5591107
4944,0.10347516
4945,0.11484071
4946,0.092569485
4947,0.16104354
4948,0.08676543
4949,0.22312668
4950,0.15685035
4951,0.024180537
4952,0.123253554
4953,0.112198435
4954,0.11485881
4955,0.037924394
4956,0.046288036
4957,0.43135506
4958,0.40196824
4959,0.2536507
4960,0.08233604
4961,0.029086275
4962,0.10224198
4963,0.0014492021
4964,0.095034696
4965,0.18579806
4966,0.045316778
4967,0.04941267
4968,0.059727475
4969,0.027440269
4970,0.031476844
4971,0.054482102
4972,0.054720417
4973,0.39244112
4974,0.57289153
4975,0.27536833
4976,0.2522979
4977,0.15687008
4978,0.18474865
4979,0.1637599
4980,0.42753673
4981,0.10068535
4982,0.027286025
4983,0.056727167
4984,0.037672915
4985,0.13509287
4986,0.23440675
4987,0.08992937
4988,0.21064241
4989,0.26589176
4990,0.16937193
4991,0.93813014
4992,0.14330684
4993,0.017926926
4994,0.09248273
4995,0.16263705
4996,0.046795473
4997,0.05263798
4998,0.0843586
4999,0.093491346
5000,0.056271393
5001,0.073149055
5002,0.074460514
5003,0.14716575
5004,0.38229966
5005,0.26158765
5006,0.46533674
5007,0.2666438
5008,0.14934802
5009,0.1394994
5010,0.24507156
5011,0.025696274
5012,0.1366059
5013,0.08376527
5014,0.042902146
5015,0.25037956
5016,0.25136408
5017,0.0829597
5018,0.5336969
5019,0.24317189
5020,0.050562367
5021,0.12180819
5022,0.09147486
5023,0.060798638
5024,0.014166138
5025,0.018192362
5026,0.05778127
5027,0.10712042
5028,0.1045011
5029,0.10684857
5030,0.16148211
5031,0.25281107
5032,0.8446051
5033,0.40004367
5034,0.2670716
5035,0.4435243
5036,0.10811212
5037,0.022303717
5038,0.090158746
5039,0.106311314
5040,0.23395805
5041,0.17908633
5042,0.111835636
5043,0.013193619
5044,0.084939554
5045,0.12111246
5046,0.0026194023
5047,0.07617737
5048,0.09461409
5049,0.022676872
5050,0.039553706
5051,0.023315202
5052,0.013575711
5053,0.045423236
5054,0.07228266
5055,0.09018988
5056,0.11589768
5057,0.24010961
5058,0.20343396
5059,0.3835733
5060,0.50280035
5061,0.5534597
5062,0.37934938
5063,0.102180704
5064,0.0092068
5065,0.040288992
5066,0.017729454
5067,0.061267715
5068,0.11970718
5069,0.0
5070,0.03510201
5071,0.4326094
5072,0.049705707
5073,0.01268556
5074,0.0494007
5075,0.07038387
5076,0.095675744
5077,0.03680212
5078,0.0691682
5079,0.018368328
5080,0.024646
5081,0.030903801
5082,0.049798403
5083,0.12586965
5084,0.13730301
5085,0.45231655
5086,0.38359338
5087,0.140353
5088,0.6701116
5089,0.38315165
5090,0.39994907
5091,0.10971817
5092,0.024385743
5093,0.05677033
5094,0.046307374
5095,0.06401963
5096,0.067610875
5097,0.41377848
5098,0.1551757
5099,0.25808814
5100,0.030970445
5101,0.09422127
5102,0.0831541
5103,0.10002702
5104,0.19181965
5105,0.041948043
5106,0.029450221
5107,0.0102331415
5108,0.09447038
5109,0.17970707
5110,0.44502258
5111,0.3813582
5112,0.397865
5113,0.1999752
5114,0.2751601
5115,0.16252871
5116,0.048683908
5117,0.025487393
5118,0.0119230375
5119,0.014139847
5120,0.03662086
5121,0.026739411
5122,0.13042855
5123,0.12738216
5124,0.057051145
5125,0.18326536
5126,0.03578403
5127,0.07009509
5128,0.35740766
5129,0.061944786
5130,0.012027766
5131,0.018455895
5132,0.1467335
5133,0.13643485
5134,0.032890882
5135,0.17361827
5136,0.1882019
5137,0.08541395
5138,0.08853619
5139,0.025552768
5140,0.08177678
5141,0.09524156
5142,0.037824683
5143,0.0999922
5144,0.1021735
5145,0.06195084
5146,0.025138706
5147,0.007624719
5148,0.23302825
5149,0.0
5150,0.009985847
5151,0.05224211
5152,0.058288068
5153,0.056192227
5154,0.17811525
5155,0.0419575
5156,0.05138625
5157,0.0054852134
5158,0.0700724
5159,0.16859454
5160,0.290758
5161,0.3963021
5162,0.037509345
5163,0.03468245
5164,0.060689595
5165,0.11024535
5166,0.13526262
5167,0.008596183
5168,0.025541537
5169,0.00812299
5170,0.038766112
5171,0.004934447
5172,0.013300483
5173,0.13011716
5174,0.12700143
5175,0.37561083
5176,0.02464288
5177,0.018042475
5178,0.035497207
5179,0.09285591
5180,0.1328037
5181,0.3515703
5182,0.04928996
5183,0.005697561
5184,0.109029
5185,0.055424508
5186,0.017569361
5187,0.1128514
5188,0.099773526
5189,0.08025331
5190,0.017116228
5191,0.19883756
5192,0.008125351
5193,0.014919083
5194,0.045093313
5195,0.15807651
5196,0.08051494
5197,0.046689086
5198,0.041239284
5199,0.040061314
5200,0.1323711
5201,0.25081542
5202,0.047011554
5203,0.02366367
5204,0.032461256
5205,0.06040803
5206,0.05820811
5207,0.2373258
5208,0.07965069
5209,0.19512837
5210,0.10578366
5211,0.024047099
5212,0.09868426
5213,0.059392273
5214,0.028595017
5215,0.12666003
5216,0.0
5217,0.0014747476
5218,0.08368461
5219,0.02691486
5220,0.11486074
5221,0.071372375
5222,0.012096538
5223,0.007003569
5224,0.2537405
5225,0.47544345
5226,0.09658212
5227,0.05055791
5228,0.01854509
5229,0.095260814
5230,0.041435417
5231,0.02868884
5232,0.08888875
5233,0.08582872
5234,0.100128286
5235,0.7039136
5236,0.015482573
5237,0.084853634
5238,0.021417577
5239,0.08463014
5240,0.072928526
5241,0.01639895
5242,0.036239807
5243,0.14962062
5244,0.4260766
5245,0.0821867
5246,0.12310255
5247,0.028984057
5248,0.031010767
5249,0.056067795
5250,0.13242197
5251,0.046249826
5252,0.029349603
5253,0.05837772
5254,0.05799872
5255,0.038449958
5256,0.016785195
5257,0.047581047
5258,0.016478043
5259,0.09231974
5260,0.055766664
5261,0.0024771802
5262,0.038689476
5263,0.08073342
5264,0.093560345
5265,0.023448
5266,0.07084506
5267,0.4778766
5268,0.07093934
5269,0.10524728
5270,0.08112295
5271,0.073021024
5272,0.026080957
5273,0.40929213
5274,0.041263748
5275,0.018694911
5276,0.07163514
5277,0.097036816
5278,0.0309254
5279,0.09453343
5280,0.03849119
5281,0.024854394
5282,0.058328908
5283,0.37874743
5284,0.018049601
5285,0.0
5286,0.03043553
5287,0.013398895
5288,0.07533462
5289,0.0029268474
5290,0.05693654
5291,0.14135842
5292,0.10093297
5293,0.017242417
5294,0.02853728
5295,0.07582567
5296,0.115459435
5297,0.0846632
5298,0.1044415
5299,0.08958313
5300,0.031157216
5301,0.07718482
5302,0.024116596
5303,0.051799797
5304,0.24942665
5305,0.12959014
5306,0.007922805
5307,0.06850707
5308,0.0108820675
5309,0.013450783
5310,0.0163642
5311,0.017656552
5312,0.02463674
5313,0.0059271334
5314,0.0013519805
5315,0.018483497
5316,0.014886756
5317,0.030718656
5318,0.038535096
5319,0.0920839
5320,0.14033654
5321,0.0
5322,0.00067536347
5323,0.035923515
5324,0.13327135
5325,0.0037354538
5326,0.18646163
5327,0.003277169
5328,0.0204758
5329,0.05260232
5330,0.013135521
5331,0.014076834
5332,0.029978981
5333,0.036978863
5334,0.03208948
5335,0.009984537
5336,0.003767285
5337,0.10395671
5338,0.021550143
5339,0.013078298
5340,0.062453363
5341,0.015579086
5342,0.009245711
5343,0.08631801
5344,0.03659158
5345,0.051654063
5346,0.034173846
5347,0.017523333
5348,0.07958039
5349,0.0057549146
5350,0.014882672
5351,0.09953454
5352,0.065876566
5353,0.071468934
5354,0.07547294
5355,0.0
5356,0.15997612
5357,0.03996428
5358,0.014258497
5359,0.10372758
5360,0.025656043
5361,0.08548048
5362,0.14018643
5363,0.020749208
5364,0.025104526
5365,0.05783658
5366,0.031020714
5367,0.021845438
5368,0.022041073
5369,0.011855781
5370,0.009104526
5371,0.052334953
5372,0.0077738916
5373,0.011206561
5374,0.050040517
5375,0.06698256
5376,0.026668893
5377,0.008656685
5378,0.006160112
5379,0.12094769
5380,0.029990844
5381,0.013010863
5382,0.0251427
5383,0.06333602
5384,0.028474793
5385,0.015517096
5386,0.05324107
5387,0.0131511465
5388,0.06340954
5389,0.0062334924
5390,0.016155904
5391,0.030072575
5392,0.063594215
5393,0.1149476
5394,0.01839827
5395,0.08143651
5396,0.010704785
5397,0.022551443
5398,0.0
5399,0.01414123
5400,0.07708463
5401,0.016864227
5402,0.040506788
5403,0.08609856
5404,0.0
5405,0.03024505
5406,0.050215803
5407,0.032898664
5408,0.09695902
5409,0.062175218
5410,0.018138573
5411,0.008493026
5412,0.10854126
5413,0.42170644
5414,0.4046981
5415,0.010809794
5416,0.05000195
5417,0.26858315
5418,0.07794252
5419,0.2738809
5420,0.030716855
5421,0.1486187
5422,0.057428207
5423,0.038804654
5424,0.009084485
5425,0.020703139
5426,0.010325631
5427,0.0
5428,0.1637405
5429,0.04271455
5430,0.65623873
5431,0.12569757
5432,0.026974812
5433,0.25282386
5434,0.03709125
5435,0.028055405
5436,0.00925362
5437,0.040471133
5438,0.031585805
5439,0.019147735
5440,0.21893106
5441,0.124403924
5442,0.46940076
5443,0.4324083
5444,0.029717408
5445,0.13085894
5446,0.17029853
5447,5.3521693e-05
5448,0.0
5449,0.09005188
5450,0.039532024
5451,0.07606145
5452,0.06744625
5453,0.44672108
5454,0.08824715
5455,0.25387114
5456,0.4858567
5457,0.14245744
5458,0.02939758
5459,0.39083567
5460,0.06338408
5461,0.26083142
5462,0.05598741
5463,0.048620544
5464,0.04529012
5465,0.04702559
5466,0.08302384
5467,0.07769349
5468,0.02598086
5469,0.082247205
5470,0.39100328
5471,0.031579245
5472,0.028077597
5473,0.05151133
5474,0.07206152
5475,0.08662004
5476,0.032275155
5477,0.05616425
5478,0.05726979
5479,0.07222531
5480,0.02373449
5481,0.032102402
5482,0.2821226
5483,0.043385953
5484,0.25356427
5485,0.08108001
5486,0.039560057
5487,0.034565486
5488,0.021852557
5489,0.0
5490,0.4997357
5491,0.056834802
5492,0.18342821
5493,0.30861893
5494,0.0
5495,0.08935384
5496,0.061670117
5497,0.028304992
5498,0.040225655
5499,0.0048478413
5500,0.046928264
5501,0.0
5502,0.052134115
5503,0.10212829
5504,0.08068345
5505,0.25790057
5506,0.31635892
5507,0.02306679
5508,0.02368277
5509,0.036111146
5510,0.0
5511,0.02772409
5512,0.027385276
5513,0.033915687
5514,0.24026826
5515,0.029753515
5516,0.06749648
5517,0.015402995
5518,0.04163244
5519,0.049494017
5520,0.25397494
5521,0.5483072
5522,0.051698852
5523,0.015628578
5524,0.026908487
5525,0.05382311
5526,0.047178935
5527,0.020393219
5528,0.026018884
5529,0.009643883
5530,0.104377046
5531,0.24979348
5532,0.09266098
5533,0.14725475
5534,0.102082156
5535,0.036062345
5536,0.05197177
5537,0.048416022
5538,0.07220954
5539,0.060828663
5540,0.06658932
5541,0.136831
5542,0.020889116
5543,0.052632745
5544,0.042751182
5545,0.025095113
5546,0.03383925
5547,0.04240192
5548,0.061427515
5549,0.0058117956
5550,0.021591796
5551,0.098000675
5552,0.12758072
5553,0.13476215
5554,0.066962905
5555,0.049040105
5556,0.054990258
5557,0.11653391
5558,0.09992276
5559,0.015993759
5560,0.10872159
5561,0.031773403
5562,0.0
5563,0.10088786
5564,0.0465572
5565,0.049955405
5566,0.04372158
5567,0.0768087
5568,0.09304063
5569,0.13592552
5570,0.09507928
5571,0.15965748
5572,0.07695585
5573,0.05454254
5574,0.02372725
5575,0.07193104
5576,0.074451946
5577,0.08964422
5578,0.037916753
5579,0.4232374
5580,0.0924675
5581,0.13618208
5582,0.09796276
5583,0.07156276
5584,0.021837683
5585,0.015926003
5586,0.011304292
5587,0.013584944
5588,0.09703093
5589,0.026650993
5590,0.010785036
5591,0.036837213
5592,0.037193235
5593,0.08878655
5594,0.077726856
5595,0.072385974
5596,0.08322284
5597,0.10957956
5598,0.20207475
5599,0.3748597
5600,0.061651003
5601,0.049854163
5602,0.07526115
5603,0.024878748
5604,0.071351245
5605,0.05344717
5606,0.037926443
5607,0.14150225
5608,0.06682398
5609,0.10728307
5610,0.06345375
5611,0.050482985
5612,0.047661137
5613,0.016879184
5614,0.12955174
5615,0.007903589
5616,0.0334091
5617,0.10985156
5618,0.053075235
5619,0.014187751
5620,0.04836626
5621,0.052201815
5622,0.056254875
5623,0.09986362
5624,0.14072302
5625,0.1307708
5626,0.23279783
5627,0.09370866
5628,0.10186346
5629,0.015039875
5630,0.10384944
5631,0.014587681
5632,0.059957568
5633,0.07000856
5634,0.083255805
5635,0.031253997
5636,0.027548477
5637,0.07786229
5638,0.05908282
5639,0.07591334
5640,0.110272914
5641,0.063667536
5642,0.0005769329
5643,0.021826351
5644,0.056480765
5645,0.078126095
5646,0.058810707
5647,0.052159548
5648,0.0848543
5649,0.13524143
5650,0.47627187
5651,0.13210878
5652,0.1382758
5653,0.07805312
5654,0.16023248
5655,0.0997094
5656,0.12135932
5657,0.073149666
5658,0.005354202
5659,0.019801239
5660,0.28608376
5661,0.07467451
5662,0.09675823
5663,0.09945093
5664,0.095297515
5665,0.023092339
5666,0.026265759
5667,0.0
5668,0.023512721
5669,0.03651917
5670,0.051212344
5671,0.14084743
5672,0.062492575
5673,0.055003203
5674,0.13501298
5675,0.46151742
5676,0.0964035
5677,0.034540053
5678,0.19593213
5679,0.07326806
5680,0.24788816
5681,0.18752664
5682,0.10075549
5683,0.024412148
5684,0.053206626
5685,0.1216654
5686,0.14527123
5687,0.057915367
5688,0.18906517
5689,0.12484856
5690,0.10209759
5691,0.022462808
5692,0.047403973
5693,0.04585871
5694,0.089982994
5695,0.02545525
5696,0.13624173
5697,0.14118402
5698,0.11352518
5699,0.09263345
5700,0.037048392
5701,0.10827396
5702,0.17852373
5703,0.24750932
5704,0.096764
5705,0.076812126
5706,0.025321668
5707,0.04080302
5708,0.4835588
5709,0.059584387
5710,0.06932886
5711,0.3908601
5712,0.25126326
5713,0.007646838
5714,0.01439459
5715,0.055064503
5716,0.0816067
5717,0.14048095
5718,0.23834407
5719,0.06279538
5720,0.09257984
5721,0.24235696
5722,0.15716746
5723,0.17033696
5724,0.17087042
5725,0.27062333
5726,0.09761044
5727,0.060513064
5728,0.110846154
5729,0.061093654
5730,0.29228193
5731,0.9566744
5732,0.00310641
5733,0.07648064
5734,0.38609228
5735,0.019954767
5736,0.05394647
5737,0.23371024
5738,0.017675687
5739,0.05372397
5740,0.10056565
5741,0.02567429
5742,0.12958343
5743,0.0054311296
5744,0.24870908
5745,0.055767536
5746,0.10251588
5747,0.15179965
5748,0.14407311
5749,0.18042673
5750,0.37669456
5751,0.26803553
5752,0.03260802
5753,0.23656651
5754,0.43406147
5755,0.23906164
5756,0.7352397
5757,0.39870137
5758,0.39472297
5759,0.04600926
5760,0.12808272
5761,0.055366695
5762,0.023128856
5763,8.771289e-05
5764,0.0
5765,0.03663213
5766,0.010691221
5767,0.1061816
5768,0.009208266
5769,0.012106619
5770,0.011682196
5771,0.06972145
5772,0.107117645
5773,0.13527904
5774,0.1236044
5775,0.1169838
5776,0.24462028
5777,0.10588193
5778,0.024500351
5779,0.12185755
5780,0.23625936
5781,0.15810941
5782,0.80682546
5783,0.9626861
5784,0.4333041
5785,0.007213965
5786,0.02664065
5787,0.021505872
5788,0.078662835
5789,0.25102764
5790,0.078976795
5791,0.073147126
5792,0.015444791
5793,0.09658596
5794,0.09478104
5795,0.05591326
5796,0.008449948
5797,0.24981017
5798,0.009389644
5799,0.03693605
5800,0.13555238
5801,0.122986116
5802,0.050876044
5803,0.06465645
5804,0.12974387
5805,0.084403746
5806,0.026639836
5807,0.102132045
5808,0.08846534
5809,0.10202319
5810,0.88011676
5811,0.84383756
5812,0.49945882
5813,0.025235934
5814,0.11608863
5815,0.039350282
5816,0.120910875
5817,0.10220782
5818,0.23343706
5819,0.08623794
5820,0.035308305
5821,0.06736411
5822,0.13783991
5823,0.24380793
5824,0.18282333
5825,0.4399768
5826,0.25104144
5827,0.1465008
5828,0.14412789
5829,0.09279587
5830,0.10372736
5831,0.115755245
5832,0.052772414
5833,0.04683128
5834,0.19060199
5835,0.12681551
5836,0.09901379
5837,0.08275931
5838,0.024548199
5839,0.8659308
5840,1.0
5841,0.9654523
5842,0.02121688
5843,0.084850654
5844,0.4058559
5845,0.15030321
5846,0.030025756
5847,0.03258515
5848,0.030938977
5849,0.045419075
5850,0.12918298
5851,0.049468584
5852,0.38424885
5853,0.5497673
5854,0.10660761
5855,0.11335165
5856,0.092541225
5857,0.15993665
5858,0.09104295
5859,0.23218295
5860,0.10352407
5861,0.026616916
5862,0.12559266
5863,0.10832577
5864,0.1032712
5865,0.03862192
5866,0.42038015
5867,0.40488368
5868,0.25309977
5869,0.07889533
5870,0.028101938
5871,0.098151706
5872,0.10446276
5873,0.18543392
5874,0.045828823
5875,0.05016551
5876,0.05556145
5877,0.026070386
5878,0.033560563
5879,0.05503769
5880,0.056457054
5881,0.24526379
5882,0.541911
5883,0.39616245
5884,0.25989679
5885,0.15467045
5886,0.18957528
5887,0.23427252
5888,0.40758964
5889,0.16535078
5890,0.028470218
5891,0.059345003
5892,0.039279312
5893,0.13426942
5894,0.23366761
5895,0.0877391
5896,0.20756118
5897,0.26967978
5898,0.16818486
5899,1.0
5900,0.13374749
5901,0.020550933
5902,0.08789047
5903,0.15233882
5904,0.04717093
5905,0.05339785
5906,0.09872679
5907,0.09223551
5908,0.056201648
5909,0.073844954
5910,0.074567474
5911,0.14539808
5912,0.39417803
5913,0.26260534
5914,0.44815397
5915,0.3816549
5916,0.15114546
5917,0.14351259
5918,0.24761462
5919,0.12708446
5920,0.08571409
5921,0.044966694
5922,0.40637648
5923,0.37364322
5924,0.08320893
5925,0.5447547
5926,0.40827715
5927,0.051736306
5928,0.12068247
5929,0.1005048
5930,0.06676946
5931,0.014120341
5932,0.01657493
5933,0.05825947
5934,0.10798887
5935,0.1079258
5936,0.109382644
5937,0.16420479
5938,0.2702203
5939,0.8576806
5940,0.40332422
5941,0.40688002
5942,0.47434413
5943,0.10993796
5944,0.09427077
5945,0.11139801
5946,0.13133778
5947,0.24923691
5948,0.10522004
5949,0.015069772
5950,0.0006947812
5951,0.08418321
5952,0.118480794
5953,0.006039138
5954,0.07751226
5955,0.09392662
5956,0.024021752
5957,0.03975595
5958,0.024558883
5959,0.013668074
5960,0.04505483
5961,0.07181333
5962,0.0869304
5963,0.10863995
5964,0.25498977
5965,0.26090154
5966,0.3763615
5967,0.50923645
5968,0.5481097
5969,0.2598153
5970,0.10224171
5971,0.009335634
5972,0.039082088
5973,0.01880033
5974,0.065844424
5975,0.12924333
5976,0.0
5977,0.038689453
5978,0.4565473
5979,0.10620176
5980,0.0069614286
5981,0.04710506
5982,0.073577955
5983,0.099348
5984,0.03972319
5985,0.07186402
5986,0.020563282
5987,0.053205155
5988,0.024930678
5989,0.029703889
5990,0.05254422
5991,0.12819396
5992,0.1349504
5993,0.42066437
5994,0.38418394
5995,0.13861603
5996,0.6673705
5997,0.3801811
5998,0.39791638
5999,0.17409885
6000,0.0731874
6001,0.025068507
6002,0.05849164
6003,0.04450473
6004,0.06110502
6005,0.041522298
6006,0.06645637
6007,0.384287
6008,0.1511319
6009,0.25871378
6010,0.03027008
6011,0.09993828
6012,0.087238245
6013,0.0969606
6014,0.18973054
6015,0.042268403
6016,0.029484453
6017,0.092380375
6018,0.18133232
6019,0.4513394
6020,0.39382616
6021,0.44266894
6022,0.1325689
6023,0.27499264
6024,0.16291545
6025,0.05093456
6026,0.03719281
6027,0.025315877
6028,0.14242756
6029,0.12518933
6030,0.057820972
6031,0.24630389
6032,0.0427238
6033,0.078901164
6034,0.23348701
6035,0.060723826
6036,0.016471907
6037,0.14469334
6038,0.14243305
6039,0.03166152
6040,0.00481804
6041,0.16381243
6042,0.18909547
6043,0.079086535
6044,0.090859234
6045,0.028053675
6046,0.08678152
6047,0.10211578
6048,0.037141845
6049,0.098553784
6050,0.09712554
6051,0.065208286
6052,0.0266659
6053,0.006267876
6054,0.39721406
6055,0.0007486604
6056,0.008029033
6057,0.054648098
6058,0.059171546
6059,0.057925086
6060,0.1730383
6061,0.041856177
6062,0.052078072
6063,0.009104744
6064,0.06924626
6065,0.16466983
6066,0.3785091
6067,0.4225698
6068,0.03936083
6069,0.020936579
6070,0.029479325
6071,0.061574582
6072,0.018805047
6073,0.104289815
6074,0.13460879
6075,0.009178179
6076,0.02586297
6077,0.005630253
6078,0.03894742
6079,0.006754583
6080,0.12524699
6081,0.12850054
6082,0.3753809
6083,0.025724696
6084,0.018094525
6085,0.035442654
6086,0.090170406
6087,0.13289966
6088,0.37279844
6089,0.04852964
6090,0.09755613
6091,0.055337355
6092,0.015339465
6093,0.11070435
6094,0.11580481
6095,0.07962502
6096,0.017946605
6097,0.038514677
6098,0.26838896
6099,0.007058902
6100,0.013707338
6101,0.04294848
6102,0.15595463
6103,0.07651693
6104,0.046960406
6105,0.04140478
6106,0.041817866
6107,0.12746228
6108,0.3626979
6109,0.045610182
6110,0.0057078567
6111,0.02894631
6112,0.031434555
6113,0.058438554
6114,0.056477908
6115,0.23635454
6116,0.082474105
6117,0.25208905
6118,0.10278655
6119,0.023807978
6120,0.09526917
6121,0.06209738
6122,0.028477453
6123,0.2368713
6124,0.087753125
6125,0.027841413
6126,0.114118315
6127,0.07075198
6128,0.012394564
6129,0.008587941
6130,0.2564457
6131,0.49531472
6132,0.10539389
6133,0.04992459
6134,0.11257184
6135,0.042166885
6136,0.031935483
6137,0.08674125
6138,0.08358839
6139,0.098569736
6140,0.7072735
6141,0.083617486
6142,0.020374011
6143,0.09137009
6144,0.07512426
6145,0.015931096
6146,0.035209246
6147,0.1392562
6148,0.41983572
6149,0.083732165
6150,0.12185003
6151,0.032153785
6152,0.016111333
6153,0.056027286
6154,0.12936774
6155,0.04536763
6156,0.029893367
6157,0.05933116
6158,0.05237112
6159,0.03462316
6160,0.017356012
6161,0.046370234
6162,0.018610714
6163,0.09258487
6164,0.056203917
6165,0.07274848
6166,0.0017551207
6167,0.038292173
6168,0.084776305
6169,0.09383536
6170,0.022964664
6171,0.06874304
6172,0.46380603
6173,0.07191064
6174,0.10277482
6175,0.08114287
6176,0.074239776
6177,0.02917743
6178,0.4127087
6179,0.040658012
6180,0.0
6181,0.011757693
6182,0.0030510845
6183,0.06780483
6184,0.097997755
6185,0.029069213
6186,0.009149939
6187,0.10567828
6188,0.036928233
6189,0.058952123
6190,0.3851888
6191,0.037567116
6192,0.017672503
6193,0.029416911
6194,0.013606591
6195,0.08168821
6196,0.009496596
6197,0.056149293
6198,0.1409056
6199,0.10191891
6200,0.016765716
6201,0.028506467
6202,0.08110196
6203,0.11504611
6204,0.08655474
6205,0.10074015
6206,0.090900056
6207,0.03086761
6208,0.082630344
6209,0.024513105
6210,0.051611494
6211,0.2588666
6212,0.13221008
6213,0.06990713
6214,0.015871825
6215,0.012262479
6216,0.017336074
6217,0.018395463
6218,0.025210047
6219,0.007275668
6220,0.017579561
6221,0.0034162195
6222,0.015781874
6223,0.035033602
6224,0.04001462
6225,0.09049107
6226,0.13347588
6227,0.0
6228,0.0043451637
6229,0.13938953
6230,0.0041798255
6231,0.17669328
6232,0.00042036592
6233,0.056178175
6234,0.014161958
6235,0.01425589
6236,0.03327477
6237,0.04084261
6238,0.024787152
6239,0.03137089
6240,0.0017566928
6241,0.11147211
6242,0.023239303
6243,0.012998942
6244,0.016096823
6245,0.060818005
6246,0.017181551
6247,0.008480901
6248,0.016620118
6249,0.09561208
6250,0.039253525
6251,0.05486138
6252,0.012743627
6253,0.0023813234
6254,0.003846368
6255,0.032907974
6256,0.0
6257,0.0138659645
6258,0.01741995
6259,0.07545367
6260,0.013042551
6261,0.015861005
6262,0.09793984
6263,0.06579905
6264,0.07183585
6265,0.07149551
6266,0.0
6267,0.15264174
6268,0.039405856
6269,0.014988149
6270,0.09906002
6271,0.024838064
6272,0.08501257
6273,0.13610505
6274,0.020519227
6275,0.003374402
6276,0.031458158
6277,0.04450766
6278,0.031825155
6279,0.02253887
6280,0.006624065
6281,0.009311819
6282,0.027369088
6283,0.011827565
6284,0.01512098
6285,0.010294861
6286,0.052273955
6287,0.008025251
6288,0.052187778
6289,0.07059764
6290,0.12392775
6291,0.02415255
6292,0.042882543
6293,0.02484016
6294,0.06553705
6295,0.029715305
6296,0.016333636
6297,0.05344925
6298,0.0143765025
6299,0.06795495
6300,0.005385928
6301,0.004650946
6302,0.027383802
6303,0.06575431
6304,0.11037343
6305,0.016634608
6306,0.084795535
6307,0.02054412
6308,0.030931057
6309,0.066268
6310,0.02626031
6311,0.06846508
6312,0.0
6313,0.02165391
6314,0.029993203
6315,0.047886904
6316,0.06442912
6317,0.07999294
6318,0.052548792
6319,0.0
6320,0.051690035
6321,0.05066082
6322,0.05916355
6323,0.0515632
6324,0.40142974
6325,0.39315102
6326,0.13687605
6327,0.38223454
6328,0.047608946
6329,0.3037957
6330,0.15526468
6331,0.17223977
6332,0.034785803
6333,0.11561777
6334,0.003910556
6335,0.050762955
6336,0.016740441
6337,0.28377047
6338,0.018796202
6339,0.78119195
6340,0.16117498
6341,0.17905489
6342,0.06066864
6343,0.024665289
6344,0.02115813
6345,0.06367097
6346,0.019279772
6347,0.025730832
6348,0.15091063
6349,0.12586626
6350,0.4820171
6351,0.48081797
6352,0.05345138
6353,0.06832517
6354,0.13245687
6355,0.18211694
6356,0.0189704
6357,0.01832828
6358,0.024059473
6359,0.071988165
6360,0.060717043
6361,0.041383427
6362,0.06410307
6363,0.033185575
6364,0.45331737
6365,0.11046331
6366,0.29656366
6367,0.5276642
6368,0.11044217
6369,0.014202999
6370,0.44987568
6371,0.032810964
6372,0.07269832
6373,0.30466822
6374,0.061408922
6375,0.0737793
6376,0.065948464
6377,0.039311077
6378,0.027575351
6379,0.23485464
6380,0.11313273
6381,0.022323156
6382,0.07726974
6383,0.4315267
6384,0.05107926
6385,0.02915621
6386,0.098305285
6387,0.026657376
6388,0.066730894
6389,0.0336198
6390,0.070807114
6391,0.12081275
6392,0.01591319
6393,0.07893336
6394,0.12960835
6395,0.40338314
6396,0.0518021
6397,0.03712711
6398,0.0031302702
6399,0.013572712
6400,0.0024543584
6401,0.009907242
6402,0.51248944
6403,0.12804498
6404,0.060140863
6405,0.3035133
6406,0.46602005
6407,0.09604887
6408,0.050829634
6409,0.02167281
6410,0.017017134
6411,0.0001911144
6412,0.04089403
6413,0.0034729412
6414,0.0803083
6415,0.04562289
6416,0.0894244
6417,0.3827835
6418,0.41140237
6419,0.01880494
6420,0.3874529
6421,0.053425368
6422,0.012623358
6423,0.032152653
6424,0.034004193
6425,0.25016278
6426,0.018845327
6427,0.06816645
6428,0.01871978
6429,0.03985021
6430,0.018158564
6431,0.16672958
6432,0.6706199
6433,0.0016015645
6434,0.017656498
6435,0.06924009
6436,0.058880456
6437,0.055511665
6438,0.02784942
6439,0.013210979
6440,0.09192856
6441,0.1759747
6442,0.119834155
6443,0.082907416
6444,0.10230112
6445,0.01969412
6446,0.04862199
6447,0.054502174
6448,0.05994913
6449,0.07936632
6450,0.060992297
6451,0.13424173
6452,0.025280107
6453,0.04650344
6454,0.040818755
6455,0.032565918
6456,0.032037247
6457,0.039529342
6458,0.057087097
6459,0.0043438016
6460,0.08065058
6461,0.0042521125
6462,0.03291383
6463,0.092708014
6464,0.14792262
6465,0.18485737
6466,0.051272158
6467,0.061082106
6468,0.063383386
6469,0.12236508
6470,0.080825165
6471,0.017864024
6472,0.07469663
6473,0.018247318
6474,0.0188367
6475,0.048309743
6476,0.11885015
6477,0.04310444
6478,0.0383419
6479,0.04652691
6480,0.0731161
6481,0.09031748
6482,0.22262335
6483,0.24824876
6484,0.13620362
6485,0.0728199
6486,0.041277584
6487,0.024821222
6488,0.06586412
6489,0.061570827
6490,0.0026662468
6491,0.0028470396
6492,0.085045464
6493,0.06348557
6494,0.444732
6495,0.11371292
6496,0.022350295
6497,0.00062177534
6498,0.11343462
6499,0.043621894
6500,0.065836005
6501,0.022172261
6502,0.013908306
6503,0.0037026322
6504,0.09518714
6505,0.010593866
6506,0.032578815
6507,0.044882957
6508,0.10922364
6509,0.064088166
6510,0.08132225
6511,0.07541205
6512,0.13781199
6513,0.19768117
6514,0.38622764
6515,0.07751269
6516,0.040492367
6517,0.08215473
6518,0.02548564
6519,0.058376014
6520,0.08812764
6521,0.07945913
6522,0.10187472
6523,0.06392913
6524,0.14399453
6525,0.060469273
6526,0.0612232
6527,0.027423127
6528,0.01648355
6529,0.021419981
6530,0.1585616
6531,0.009824998
6532,0.030019267
6533,0.08920321
6534,0.055458736
6535,0.015211339
6536,0.030776583
6537,0.09575372
6538,0.0677791
6539,0.11215643
6540,0.13303998
6541,0.106855705
6542,0.39588696
6543,0.11657295
6544,0.13493289
6545,0.017647747
6546,0.12557352
6547,0.01466907
6548,0.07057528
6549,0.05098452
6550,0.08020277
6551,0.0400102
6552,0.023751495
6553,0.092766784
6554,0.05416537
6555,0.07352046
6556,0.08288319
6557,0.044545826
6558,0.07822315
6559,0.0075214426
6560,0.028133823
6561,0.07695988
6562,0.026880179
6563,0.06482593
6564,0.06761803
6565,0.06843075
6566,0.13467371
6567,0.45849007
6568,0.107462086
6569,0.15219139
6570,0.08593679
6571,0.13301732
6572,0.08403005
6573,0.10227867
6574,0.074124984
6575,0.01104871
6576,0.02271405
6577,0.2674899
6578,0.09100495
6579,0.11904466
6580,0.072471276
6581,0.095729455
6582,0.007527158
6583,0.03078423
6584,0.049949363
6585,0.17259035
6586,0.083797134
6587,0.06821764
6588,0.11872306
6589,0.47836795
6590,0.093378395
6591,0.02491519
6592,0.39803967
6593,0.081251256
6594,0.2561461
6595,0.2599688
6596,0.09483963
6597,0.06867075
6598,0.07130585
6599,0.16537671
6600,0.058292832
6601,0.17355081
6602,0.09714005
6603,0.01053826
6604,0.09684054
6605,0.021634258
6606,0.0374736
6607,0.05058895
6608,0.08790213
6609,0.022842458
6610,0.133898
6611,0.13854592
6612,0.11758736
6613,0.115993276
6614,0.04484842
6615,0.13417712
6616,0.1825169
6617,0.25682738
6618,0.093960136
6619,0.0045606703
6620,0.06546715
6621,0.037774418
6622,0.018018922
6623,0.05982505
6624,0.41657427
6625,0.037331015
6626,0.052621577
6627,0.40767026
6628,0.25234202
6629,0.021193782
6630,0.0058796573
6631,0.01091821
6632,0.058324
6633,0.06944111
6634,0.23166743
6635,0.22640976
6636,0.08379173
6637,0.084048085
6638,0.23129179
6639,0.15764734
6640,0.16058366
6641,0.17839809
6642,0.37683687
6643,0.101338
6644,0.021675153
6645,0.066052526
6646,0.08790152
6647,0.058067456
6648,0.3969341
6649,0.9648394
6650,0.000998982
6651,0.03911749
6652,0.38807634
6653,0.019868769
6654,0.06613808
6655,0.251026
6656,0.022389956
6657,0.05763429
6658,0.08852163
6659,0.026045496
6660,0.06916321
6661,0.3867017
6662,0.04702184
6663,0.08856089
6664,0.23683424
6665,0.15162909
6666,0.24153858
6667,0.38674963
6668,0.2613675
6669,0.17773584
6670,0.3814364
6671,0.23823245
6672,0.7063876
6673,0.39115375
6674,0.45601788
6675,0.00927107
6676,0.02870052
6677,0.14589271
6678,0.030326769
6679,0.025614781
6680,0.022422656
6681,0.014316747
6682,0.08556695
6683,4.9878938e-05
6684,0.0015697723
6685,0.011769021
6686,0.07336786
6687,0.08855634
6688,0.111714594
6689,0.13119617
6690,0.09046529
6691,0.23576735
6692,0.14189503
6693,0.033747092
6694,0.13044153
6695,0.17309132
6696,0.031592194
6697,0.14220083
6698,0.92558986
6699,0.93934965
6700,0.47859323
6701,0.0
6702,0.039509326
6703,0.022813998
6704,0.07479505
6705,0.30007797
6706,0.09205471
6707,0.023494853
6708,0.06728026
6709,0.01642945
6710,0.06745708
6711,0.09444425
6712,0.058499582
6713,0.007931571
6714,0.24951133
6715,0.004029475
6716,0.030508796
6717,0.1288911
6718,0.11900514
6719,0.08565493
6720,0.06168764
6721,0.117999546
6722,0.23872617
6723,0.00445843
6724,0.027987251
6725,0.079519354
6726,0.13550876
6727,0.2562216
6728,0.93751556
6729,0.93306386
6730,0.65478444
6731,0.018219855
6732,0.12063403
6733,0.025912618
6734,0.23831794
6735,0.09892252
6736,0.24041799
6737,0.05474828
6738,0.09378369
6739,0.044854138
6740,0.09523083
6741,0.10781545
6742,0.2190857
6743,0.11686845
6744,0.4723144
6745,0.27180782
6746,0.14152154
6747,0.1513177
6748,0.10484707
6749,0.06992555
6750,0.11326753
6751,0.05044934
6752,0.057660524
6753,0.17170309
6754,0.140062
6755,0.08460592
6756,0.09256942
6757,0.033361997
6758,0.8969649
6759,0.9997516
6760,1.0
6761,0.04881127
6762,0.06728188
6763,0.22974032
6764,0.008970982
6765,0.17254622
6766,0.033126276
6767,0.016075986
6768,0.025386129
6769,0.03068157
6770,0.05035942
6771,0.10428853
6772,0.051537182
6773,0.40352997
6774,0.59663516
6775,0.106743924
6776,0.13316506
6777,0.08985489
6778,0.15623389
6779,0.078141004
6780,0.3828943
6781,0.101014085
6782,0.042008992
6783,0.10498665
6784,0.09646037
6785,0.10702615
6786,0.040382735
6787,0.028543422
6788,0.42314705
6789,0.37803724
6790,0.26262566
6791,0.085003115
6792,0.031669952
6793,0.08499913
6794,0.081643976
6795,0.25122455
6796,0.032862984
6797,0.057408392
6798,0.048713718
6799,0.03399102
6800,0.060162265
6801,0.053942923
6802,0.23327564
6803,0.61491436
6804,0.39906162
6805,0.25289506
6806,0.14207105
6807,0.1861402
6808,0.24021935
6809,0.43819278
6810,0.16212581
6811,0.028096918
6812,0.061882418
6813,0.0499361
6814,0.12098165
6815,0.19146274
6816,0.08037652
6817,0.3272828
6818,0.2601664
6819,0.1647012
6820,0.9476481
6821,0.1669992
6822,0.02178811
6823,0.23202024
6824,0.119524464
6825,0.024761764
6826,0.06580965
6827,0.15494406
6828,0.096754566
6829,0.058401074
6830,0.051124465
6831,0.07372744
6832,0.1325352
6833,0.37509456
6834,0.2603899
6835,0.45639387
6836,0.3955604
6837,0.15881094
6838,0.15114947
6839,0.255011
6840,0.15429175
6841,0.08241693
6842,0.047299806
6843,0.40275624
6844,0.26069698
6845,0.09291749
6846,0.54501736
6847,0.39346063
6848,0.004928348
6849,0.07686507
6850,0.07542964
6851,0.078153394
6852,0.06942131
6853,0.009104505
6854,0.016240528
6855,0.033928387
6856,0.07894896
6857,0.12431401
6858,0.114548326
6859,0.13718714
6860,0.39149493
6861,0.9426014
6862,0.4323701
6863,0.3870331
6864,0.41981506
6865,0.13164088
6866,0.09396438
6867,0.08453149
6868,0.12984914
6869,0.17683941
6870,0.077624254
6871,0.022905156
6872,0.0937632
6873,0.14087853
6874,0.021166261
6875,0.05689536
6876,0.082475595
6877,0.01402071
6878,0.057383295
6879,0.020409504
6880,0.010503263
6881,0.05698508
6882,0.0684515
6883,0.07050672
6884,0.12659496
6885,0.2442937
6886,0.24007644
6887,0.3925836
6888,0.644138
6889,0.6130716
6890,0.3954774
6891,0.1300428
6892,0.0026021407
6893,0.05745551
6894,0.018945925
6895,0.053163745
6896,0.10858662
6897,0.014832326
6898,0.6207446
6899,0.1330324
6900,0.01088185
6901,0.04917674
6902,0.056582946
6903,0.08732573
6904,0.050770212
6905,0.0698973
6906,0.05727813
6907,0.023205385
6908,0.02524863
6909,0.040672213
6910,0.0888945
6911,0.108083874
6912,0.46992767
6913,0.37563404
6914,0.13188589
6915,0.7428643
6916,0.39679068
6917,0.41169372
6918,0.16419037
6919,0.04192206
6920,0.026349524
6921,0.033003703
6922,0.058192503
6923,0.04866263
6924,0.04385195
6925,0.08036082
6926,0.37762153
6927,0.15130614
6928,0.39556676
6929,0.026074305
6930,0.07505358
6931,0.09181113
6932,0.13832317
6933,0.16668591
6934,0.04850679
6935,0.03607019
6936,0.07063626
6937,0.23253982
6938,0.63958263
6939,0.38537794
6940,0.44510767
6941,0.22900538
6942,0.41330367
6943,0.17838474
6944,0.048425395
6945,0.024509523
6946,0.022617953
6947,0.03667307
6948,0.022155559
6949,0.13713667
6950,0.107048176
6951,0.12308239
6952,0.39535874
6953,0.014793587
6954,0.072380766
6955,0.39143142
6956,0.043016553
6957,0.0010915557
6958,0.014361247
6959,0.12595022
6960,0.18159805
6961,0.035050977
6962,0.19330953
6963,0.25943384
6964,0.09508476
6965,0.0824102
6966,0.025685728
6967,0.08984602
6968,0.073129416
6969,0.03789885
6970,0.0884906
6971,0.08684163
6972,0.035297405
6973,0.023718
6974,0.014787919
6975,0.23273721
6976,0.0028319792
6977,0.09117307
6978,0.05186183
6979,0.052224122
6980,0.16083641
6981,0.044090495
6982,0.06027143
6983,0.014156005
6984,0.07375085
6985,0.19244502
6986,0.38648367
6987,0.44293243
6988,0.063696586
6989,0.012420197
6990,0.021730263
6991,0.064652875
6992,0.013903363
6993,0.054358117
6994,0.1572595
6995,0.011013311
6996,0.07919947
6997,0.006823761
6998,0.021419534
6999,0.014426399
7000,0.11148211
7001,0.12627693
7002,0.38680065
7003,0.01632457
7004,0.03583717
7005,0.08666054
7006,0.10159163
7007,0.37466308
7008,0.07077944
7009,0.022322541
7010,0.0078249965
7011,0.11508581
7012,0.04292473
7013,0.018496223
7014,0.091564156
7015,0.22970915
7016,0.090744585
7017,0.01795158
7018,0.00575453
7019,0.2805354
7020,0.03015589
7021,0.036220223
7022,0.12960725
7023,0.07498994
7024,0.051644243
7025,0.027279738
7026,0.045973618
7027,0.10976988
7028,0.25639084
7029,0.042654455
7030,0.0
7031,0.021956041
7032,0.040301114
7033,0.055769574
7034,0.07058013
7035,0.22250065
7036,0.062332686
7037,0.2641609
7038,0.11444457
7039,0.038184952
7040,0.049000196
7041,0.040764704
7042,0.037772015
7043,0.233872
7044,0.0
7045,0.118265904
7046,0.026822127
7047,0.1043924
7048,0.0722636
7049,0.0045151156
7050,0.011695681
7051,0.26633158
7052,0.48890442
7053,0.1412014
7054,0.06899882
7055,0.013201677
7056,0.08571466
7057,0.033965215
7058,0.028476465
7059,0.103948444
7060,0.10861418
7061,0.09316365
7062,0.93356323
7063,0.08290538
7064,0.027927758
7065,0.09083344
7066,0.09070111
7067,0.023075541
7068,0.0401074
7069,0.1516581
7070,0.44494647
7071,0.101435184
7072,0.119399555
7073,0.039485604
7074,0.012712031
7075,0.03590252
7076,0.13999379
7077,0.057847895
7078,0.032051183
7079,0.07606546
7080,0.03589534
7081,0.013703801
7082,0.016235102
7083,0.09094069
7084,0.017928246
7085,0.098328345
7086,0.0682926
7087,0.049519513
7088,0.012268475
7089,0.034248978
7090,0.092456385
7091,0.1333693
7092,0.025983077
7093,0.09942894
7094,0.5517413
7095,0.07892693
7096,0.08880715
7097,0.044332724
7098,0.08103117
7099,0.081519775
7100,0.020881929
7101,0.3487151
7102,0.04791478
7103,0.012333619
7104,0.016102094
7105,0.054098874
7106,0.12886226
7107,0.05505213
7108,0.091991596
7109,0.062730365
7110,0.027117712
7111,0.062598124
7112,0.37361625
7113,0.057232186
7114,0.025866596
7115,0.025406497
7116,0.014323026
7117,0.069721475
7118,0.05781561
7119,0.002613055
7120,0.17737022
7121,0.11349483
7122,0.015137523
7123,0.08084938
7124,0.14200203
7125,0.105866864
7126,0.09143068
7127,0.061948474
7128,0.035252478
7129,0.050703768
7130,0.017605476
7131,0.13833164
7132,0.25461596
7133,0.11503195
7134,0.0016059235
7135,0.0018003659
7136,0.06337516
7137,0.015533192
7138,0.011400042
7139,0.013390159
7140,0.01960003
7141,0.0065634926
7142,0.0031791313
7143,0.0029135556
7144,0.026964078
7145,0.015037118
7146,0.021711346
7147,0.057470936
7148,0.056988813
7149,0.14011571
7150,0.0
7151,0.14480297
7152,0.18715212
7153,0.0050285948
7154,0.05444433
7155,0.017566107
7156,0.019044518
7157,0.03389659
7158,0.040314738
7159,0.024457019
7160,0.052913804
7161,0.006533266
7162,0.02522747
7163,0.00074209634
7164,0.010845769
7165,0.06625388
7166,0.02069113
7167,0.053115565
7168,0.018557018
7169,0.015631646
7170,0.060456447
7171,0.021445815
7172,0.006958577
7173,0.106957644
7174,0.03330805
7175,0.07317144
7176,0.013098262
7177,0.0026883848
7178,0.009753084
7179,0.032053757
7180,0.0
7181,0.0211102
7182,0.10901576
7183,0.016268482
7184,0.0043155407
7185,0.009284751
7186,0.1380609
7187,0.080403514
7188,0.10123751
7189,0.04145664
7190,0.15960705
7191,0.040450063
7192,0.016162602
7193,0.0
7194,0.101604536
7195,0.026501395
7196,0.07480049
7197,0.012619418
7198,0.11585019
7199,0.01951961
7200,0.010832551
7201,0.024192104
7202,0.023402216
7203,0.041405592
7204,0.027958104
7205,0.033581056
7206,0.013810308
7207,0.020345833
7208,0.0071149715
7209,0.0088856965
7210,0.060490195
7211,0.012960783
7212,0.011839852
7213,0.0
7214,0.029430991
7215,0.080259085
7216,0.02731279
7217,0.002674257
7218,0.17807128
7219,0.032658666
7220,0.036340043
7221,0.0051692147
7222,0.023155868
7223,0.025075248
7224,0.075663686
7225,0.029121764
7226,0.03098544
7227,0.030977188
7228,0.017322069
7229,0.0047663487
7230,0.012459094
7231,0.02827202
7232,0.09742137
7233,0.1585262
7234,0.09337929
7235,0.019263856
7236,0.014329712
7237,0.03366935
7238,0.079767786
7239,0.0024214606
7240,0.036963366
7241,0.06601805
7242,0.003762622
7243,0.022295706
7244,0.029932337
7245,0.06265412
7246,0.055722345
7247,0.07738728
7248,0.057254985
7249,0.0011732718
7250,0.055278473
7251,0.033596557
7252,0.07036547
7253,0.05978012
7254,0.054382168
7255,0.27141944
7256,0.38904235
7257,0.037548117
7258,0.13298629
7259,0.29981023
7260,0.044352144
7261,0.4115507
7262,0.08308783
7263,0.17674401
7264,0.033869956
7265,0.026492877
7266,0.11993515
7267,0.050259873
7268,0.016243905
7269,0.009687725
7270,0.18173441
7271,0.021369562
7272,0.7821984
7273,0.17578633
7274,0.050103884
7275,0.013745683
7276,0.1839084
7277,0.058516677
7278,0.026154796
7279,0.019362641
7280,0.065853976
7281,0.02621817
7282,0.015421472
7283,0.013918978
7284,0.028172081
7285,0.15849015
7286,0.12578845
7287,0.4760039
7288,0.50151247
7289,0.054350603
7290,0.07533487
7291,0.24700078
7292,0.19420922
7293,0.024197381
7294,0.080773234
7295,0.062823355
7296,0.04013213
7297,0.07136615
7298,0.46481535
7299,0.11049024
7300,0.3994631
7301,0.5466936
7302,0.096618555
7303,0.014660009
7304,0.4659573
7305,0.078101255
7306,0.308143
7307,0.06645077
7308,0.07804551
7309,0.066268325
7310,0.040422898
7311,0.2432638
7312,0.11955512
7313,0.06948687
7314,0.061308824
7315,0.07622555
7316,0.40504733
7317,0.05270771
7318,0.028933853
7319,0.09969194
7320,0.028188832
7321,0.073854156
7322,0.098728135
7323,0.07837542
7324,0.11634359
7325,0.016702099
7326,0.08239316
7327,0.23486358
7328,0.18340608
7329,0.05309344
7330,0.03944637
7331,0.0018411652
7332,0.014577612
7333,0.49094462
7334,0.1284924
7335,0.06365178
7336,0.40926623
7337,0.49021554
7338,0.094836496
7339,0.051840086
7340,0.0068844324
7341,0.017164202
7342,0.040716555
7343,0.0051154513
7344,0.09465387
7345,0.050102685
7346,0.0039420114
7347,0.09414734
7348,0.27375188
7349,0.41820514
7350,0.0014639761
7351,0.020927064
7352,0.024645317
7353,0.053028528
7354,0.010768832
7355,0.037516914
7356,0.03403715
7357,0.03537942
7358,0.24664414
7359,0.022985054
7360,0.07155738
7361,0.0061283177
7362,0.04034048
7363,0.041274793
7364,0.019193308
7365,0.18175688
7366,0.6563755
7367,0.016075186
7368,0.074159816
7369,0.026450185
7370,0.021523172
7371,0.056958105
7372,0.056492273
7373,0.002528358
7374,0.02884701
7375,0.016466027
7376,0.10199139
7377,0.17156756
7378,0.12608245
7379,0.08611247
7380,0.09949995
7381,0.019059468
7382,0.04826286
7383,0.058610145
7384,0.06532074
7385,0.08340764
7386,0.058904056
7387,0.13795252
7388,0.02533764
7389,0.047042657
7390,0.04280225
7391,0.03391082
7392,0.03316088
7393,0.040196363
7394,0.059035115
7395,0.00209795
7396,0.033139292
7397,0.097135976
7398,0.1554782
7399,0.23868726
7400,0.05354831
7401,0.067546956
7402,0.06551954
7403,0.12474456
7404,0.09228161
7405,0.015547597
7406,0.07931981
7407,0.017757596
7408,0.015067607
7409,0.048088513
7410,0.121469595
7411,0.042633124
7412,0.03843183
7413,0.047216184
7414,0.071046725
7415,0.09004006
7416,0.1352337
7417,0.13495567
7418,0.22676301
7419,0.07830985
7420,0.040466364
7421,0.025139809
7422,0.071846925
7423,0.054429274
7424,0.0032029115
7425,0.087941214
7426,0.05873514
7427,0.44876882
7428,0.11526318
7429,0.023371568
7430,0.11485558
7431,0.042220343
7432,0.07045709
7433,0.021996586
7434,0.018173946
7435,0.0054984535
7436,0.09926173
7437,0.022128072
7438,0.010398509
7439,0.033821527
7440,0.043490212
7441,0.10599198
7442,0.06753043
7443,0.13640958
7444,0.07774996
7445,0.13339257
7446,0.41409457
7447,0.37520644
7448,0.07181558
7449,0.041438676
7450,0.07817867
7451,0.025927207
7452,0.0609346
7453,0.0011071031
7454,0.08727693
7455,0.08134576
7456,0.10361753
7457,0.06462438
7458,0.15208837
7459,0.06579228
7460,0.06402111
7461,0.026853688
7462,0.016760234
7463,0.024089454
7464,0.1625975
7465,0.01392949
7466,0.030064823
7467,0.08913068
7468,0.053737134
7469,0.022109168
7470,0.03251558
7471,0.099890664
7472,0.07017514
7473,0.110224664
7474,0.1341631
7475,0.109550215
7476,0.23030216
7477,0.11465191
7478,0.14318244
7479,0.015472918
7480,0.13072324
7481,0.07087789
7482,0.05794636
7483,0.08262174
7484,0.045091283
7485,0.09196436
7486,0.05864573
7487,0.08107736
7488,0.08843899
7489,0.048742328
7490,0.07910395
7491,0.0062335413
7492,0.022663908
7493,0.02883117
7494,0.012379211
7495,0.07854163
7496,0.025939772
7497,0.061908763
7498,0.0779446
7499,0.067600146
7500,0.14437662
7501,0.408009
7502,0.111397065
7503,0.14576954
7504,0.088444166
7505,0.12558548
7506,0.07844639
7507,0.10407922
7508,0.073114105
7509,0.022776281
7510,0.26749954
7511,0.09138101
7512,0.110224254
7513,0.075896434
7514,0.0989517
7515,0.007880553
7516,0.018458506
7517,0.032557458
7518,0.049754128
7519,0.16578639
7520,0.084264085
7521,0.064208545
7522,0.12286851
7523,0.49736035
7524,0.08749398
7525,0.02695187
7526,0.40180108
7527,0.0825511
7528,0.25282103
7529,0.25424337
7530,0.10046362
7531,0.07148953
7532,0.011669371
7533,0.075213425
7534,0.16401938
7535,0.059725057
7536,0.18511781
7537,0.098961234
7538,0.0988333
7539,0.019650215
7540,0.019108145
7541,0.053356387
7542,0.08945716
7543,0.022079663
7544,0.13652356
7545,0.13336995
7546,0.11425224
7547,0.12105354
7548,0.045981333
7549,0.13257903
7550,0.18006979
7551,0.25714874
7552,0.0907617
7553,0.0046872846
7554,0.06857756
7555,0.037528295
7556,0.06378793
7557,0.42735004
7558,0.036568005
7559,0.049641076
7560,0.36653072
7561,0.24773413
7562,0.013994367
7563,0.019717116
7564,0.008709888
7565,0.006676694
7566,0.056594122
7567,0.06766442
7568,0.13976297
7569,0.14459342
7570,0.13488296
7571,0.08728047
7572,0.23203844
7573,0.23182708
7574,0.16285188
7575,0.23121679
7576,0.37460807
7577,0.105060466
7578,0.07036774
7579,0.10456391
7580,0.05913768
7581,0.3078617
7582,0.9706237
7583,0.00335024
7584,0.04472733
7585,0.39654538
7586,0.020552011
7587,0.06659267
7588,0.24173234
7589,0.025411416
7590,0.021256205
7591,0.057347964
7592,0.09164581
7593,0.026237678
7594,0.06879616
7595,0.25643995
7596,0.048584286
7597,0.092735894
7598,0.23248637
7599,0.14937538
7600,0.20074223
7601,0.3736309
7602,0.18795209
7603,0.043055434
7604,0.24285355
7605,0.39365777
7606,0.24451837
7607,0.70834374
7608,0.4002789
7609,0.3224481
7610,0.013608551
7611,0.026435863
7612,0.14260046
7613,0.030678332
7614,0.020428829
7615,0.0081038475
7616,0.0
7617,0.07934404
7618,0.0035486168
7619,0.010682339
7620,0.07021486
7621,0.09043205
7622,0.10900978
7623,0.1347596
7624,0.10253465
7625,0.23612902
7626,0.1468216
7627,0.031278968
7628,0.13576573
7629,0.24449567
7630,0.032503985
7631,0.14766878
7632,0.94843894
7633,0.9577181
7634,0.48686603
7635,0.0
7636,0.039232753
7637,0.07776818
7638,0.28905725
7639,0.092348024
7640,0.06871595
7641,0.07090799
7642,0.098956235
7643,0.05826948
7644,0.009971621
7645,0.37103927
7646,0.006201926
7647,0.031754166
7648,0.13187607
7649,0.120202675
7650,0.08593589
7651,0.06567636
7652,0.23063982
7653,0.2528947
7654,0.007175873
7655,0.033180404
7656,0.13839565
7657,0.13836212
7658,0.11889856
7659,0.92583716
7660,0.9407989
7661,0.6366479
7662,0.0
7663,0.023864236
7664,0.12346263
7665,0.026978962
7666,0.15593146
7667,0.09490817
7668,0.24156746
7669,0.05521981
7670,0.10327489
7671,0.044621177
7672,0.095126435
7673,0.10811682
7674,0.13798633
7675,0.12592135
7676,0.487814
7677,0.2699813
7678,0.2310092
7679,0.15798442
7680,0.10760934
7681,0.07266804
7682,0.11568168
7683,0.051226914
7684,0.05773849
7685,0.027603028
7686,0.17761275
7687,0.13989428
7688,0.09322653
7689,0.09105048
7690,0.030067021
7691,0.93996406
7692,1.0
7693,1.0
7694,0.037494216
7695,0.067256294
7696,0.3942975
7697,0.012317323
7698,0.18170314
7699,0.034717746
7700,0.025040371
7701,0.030782772
7702,0.052911725
7703,0.108987525
7704,0.049887266
7705,0.39075944
7706,0.6733371
7707,0.10643412
7708,0.13093606
7709,0.09256716
7710,0.23555014
7711,0.07933951
7712,0.39268395
7713,0.11029279
7714,0.047076795
7715,0.108716175
7716,0.10070902
7717,0.11533403
7718,0.040380247
7719,0.029489107
7720,0.38599518
7721,0.37701413
7722,0.2528416
7723,0.10208298
7724,0.032304708
7725,0.09718421
7726,0.08384733
7727,0.24521336
7728,0.034712996
7729,0.059728764
7730,0.048983864
7731,0.029883115
7732,0.034470916
7733,0.060553588
7734,0.052512158
7735,0.2293027
7736,0.5979868
7737,0.3796994
7738,0.26133007
7739,0.14462768
7740,0.21323696
7741,0.2438406
7742,0.42957
7743,0.10321068
7744,0.028431129
7745,0.07004401
7746,0.0527248
7747,0.12957281
7748,0.19411944
7749,0.086308464
7750,0.41020268
7751,0.24962448
7752,0.16390127
7753,1.0
7754,0.09612646
7755,0.020626582
7756,0.12980887
7757,0.123549215
7758,0.027599188
7759,0.07271138
7760,0.24065508
7761,0.1009046
7762,0.066028684
7763,0.051845558
7764,0.07491362
7765,0.20292762
7766,0.38067725
7767,0.25806743
7768,0.45879766
7769,0.38778305
7770,0.1568175
7771,0.15534434
7772,0.37220234
7773,0.028712656
7774,0.15130879
7775,0.085288644
7776,0.05235209
7777,0.39031717
7778,0.39048114
7779,0.09269718
7780,0.5156217
7781,0.3647037
7782,0.07521248
7783,0.0769077
7784,0.08348214
7785,0.0704726
7786,0.00884092
7787,0.015633527
7788,0.034931332
7789,0.07812183
7790,0.123920344
7791,0.11136322
7792,0.13844152
7793,0.38276517
7794,0.9325157
7795,0.41142195
7796,0.3869218
7797,0.41123858
7798,0.13009448
7799,0.029653085
7800,0.0914348
7801,0.09133823
7802,0.13160717
7803,0.24054284
7804,0.079436205
7805,0.022201959
7806,0.095562145
7807,0.13760126
7808,0.018353611
7809,0.054420404
7810,0.08887981
7811,0.0183408
7812,0.059588116
7813,0.017905517
7814,0.011649356
7815,0.06018753
7816,0.06788672
7817,0.07250996
7818,0.12781103
7819,0.24791856
7820,0.25150502
7821,0.4031663
7822,0.68999827
7823,0.56914437
7824,0.2635619
7825,0.13085076
7826,0.0023688741
7827,0.06222483
7828,0.019565376
7829,0.057351585
7830,0.10178375
7831,0.015534174
7832,0.022791035
7833,0.05035168
7834,0.69323313
7835,0.11898659
7836,0.014207313
7837,0.047935955
7838,0.060156953
7839,0.093368344
7840,0.05317121
7841,0.07568475
7842,0.022606192
7843,0.061064232
7844,0.025054747
7845,0.040910844
7846,0.09300842
7847,0.111001864
7848,0.49175316
7849,0.37725708
7850,0.20585863
7851,0.7377732
7852,0.3968866
7853,0.38768986
7854,0.17461255
7855,0.040793184
7856,0.027777871
7857,0.034472294
7858,0.05908064
7859,0.049481843
7860,0.03959179
7861,0.08445909
7862,0.39457518
7863,0.13834009
7864,0.3693513
7865,0.0286067
7866,0.079681985
7867,0.08187494
7868,0.13746123
7869,0.17562574
7870,0.049549777
7871,0.041527737
7872,0.07374638
7873,0.2281433
7874,0.6545329
7875,0.38501483
7876,0.45134142
7877,0.13345952
7878,0.40715885
7879,0.17852344
7880,0.0511127
7881,0.02262109
7882,0.022043115
7883,0.0026854554
7884,0.017187513
7885,0.035408262
7886,0.029468708
7887,0.14077647
7888,0.10081047
7889,0.12843573
7890,0.20720436
7891,0.0173789
7892,0.07464861
7893,0.3741617
7894,0.04322787
7895,0.00064830465
7896,0.0018993147
7897,0.013861257
7898,0.12350422
7899,0.18323426
7900,0.03606417
7901,0.39747837
7902,0.24271227
7903,0.09942594
7904,0.08725158
7905,0.027879262
7906,0.085998334
7907,0.077318504
7908,0.04038015
7909,0.086671904
7910,0.092424944
7911,0.03730679
7912,0.018013746
7913,0.37282574
7914,0.0
7915,0.08794382
7916,0.0038590475
7917,0.058405697
7918,0.0580765
7919,0.15518038
7920,0.045129992
7921,0.058633585
7922,0.014195054
7923,0.066617705
7924,0.19797665
7925,0.38099033
7926,0.4041858
7927,0.07238409
7928,0.0051289205
7929,0.02251243
7930,0.020140214
7931,0.06794392
7932,0.05423761
7933,0.15542702
7934,0.013144118
7935,0.08392817
7936,0.009379468
7937,0.03736239
7938,0.019264106
7939,0.014734212
7940,0.012814002
7941,0.10860058
7942,0.12426688
7943,0.37818792
7944,0.015906159
7945,0.017452793
7946,0.035163116
7947,0.092547275
7948,0.1143439
7949,0.37073165
7950,0.07301592
7951,0.015385409
7952,0.12342304
7953,0.041306704
7954,0.0987592
7955,0.22407623
7956,0.08681427
7957,0.01733831
7958,0.008436083
7959,0.20499982
7960,0.02672087
7961,0.03652643
7962,0.13440101
7963,0.078975536
7964,0.052197598
7965,0.027262619
7966,0.046272654
7967,0.10797796
7968,0.2593772
7969,0.03882719
7970,0.024695812
7971,0.0362532
7972,0.05976338
7973,0.07503089
7974,0.22334057
7975,0.06797329
7976,0.19621174
7977,0.123238474
7978,0.040566873
7979,0.050766863
7980,0.041782413
7981,0.03631519
7982,0.15739082
7983,0.002091645
7984,0.123954624
7985,0.027607724
7986,0.10634596
7987,0.07384574
7988,0.0021511018
7989,0.01254624
7990,0.2565381
7991,0.46964446
7992,0.13815117
7993,0.06921853
7994,0.012759157
7995,0.09112801
7996,0.035968095
7997,0.030664496
7998,0.10128742
7999,0.11470111
8000,0.103775196
8001,0.9036614
8002,0.009841183
8003,0.08687845
8004,0.026652183
8005,0.09558603
8006,0.093043834
8007,0.021327306
8008,0.04282087
8009,0.15745866
8010,0.4254755
8011,0.08789732
8012,0.11882575
8013,0.022378823
8014,0.0403878
8015,0.014445189
8016,0.03673058
8017,0.14215828
8018,0.06433928
8019,0.03260028
8020,0.077341475
8021,0.032228973
8022,0.009942741
8023,0.10061638
8024,0.017032813
8025,0.09743031
8026,0.074046865
8027,0.052283652
8028,0.0106996745
8029,0.033811785
8030,0.09759933
8031,0.14441606
8032,0.025249086
8033,0.0397554
8034,0.09652142
8035,0.5980045
8036,0.07857052
8037,0.09242805
8038,0.03842547
8039,0.0480997
8040,0.08555408
8041,0.08667486
8042,0.45062435
8043,0.050008528
8044,0.03260135
8045,0.05580445
8046,0.1314476
8047,0.05190463
8048,0.08759678
8049,0.06506933
8050,0.026984798
8051,0.06714555
8052,0.3663718
8053,0.04519772
8054,0.025138523
8055,0.011387659
8056,0.024407938
8057,0.07511397
8058,0.0068683056
8059,0.060699284
8060,0.24055772
8061,0.110318884
8062,0.08302729
8063,0.14419727
8064,0.11219582
8065,0.095900394
8066,0.06562703
8067,0.05064783
8068,0.15256707
8069,0.25401583
8070,0.12400114
8071,0.00060214417
8072,0.0
8073,0.06528635
8074,0.01519572
8075,0.011087508
8076,0.015007728
8077,0.015795976
8078,0.018138744
8079,0.007531133
8080,0.007462586
8081,0.0033367258
8082,0.015860947
8083,0.010737356
8084,0.0245323
8085,0.061873898
8086,0.058214884
8087,0.14547281
8088,0.14202586
8089,0.19184837
8090,0.010184894
8091,0.0118028
8092,0.057435323
8093,0.01714551
8094,0.017618058
8095,0.037551798
8096,0.025972579
8097,0.053861737
8098,0.007628857
8099,0.0026856405
8100,0.015508803
8101,0.06784612
8102,0.054968376
8103,0.021748833
8104,0.061207224
8105,0.01779705
8106,0.02452111
8107,0.0058373883
8108,0.11888918
8109,0.03409901
8110,0.07288554
8111,0.011552545
8112,0.0026570885
8113,0.005638778
8114,0.029209087
8115,0.0022220986
8116,0.10287097
8117,0.0049454276
8118,0.1378787
8119,0.08477374
8120,0.10683466
8121,0.048868846
8122,0.0043380107
8123,0.18477222
8124,0.042227127
8125,0.012521633
8126,0.1009554
8127,0.022904038
8128,0.07821491
8129,0.011129132
8130,0.12584415
8131,0.01863749
8132,0.023887053
8133,0.042829335
8134,0.03493906
8135,0.017664626
8136,0.018586254
8137,0.008453053
8138,0.057899423
8139,0.01016998
8140,0.0100810025
8141,0.029938558
8142,0.08377583
8143,0.03092632
8144,0.17767468
8145,0.034434125
8146,0.0039754165
8147,0.02125418
8148,0.02367915
8149,0.08291655
8150,0.027709253
8151,0.013791683
8152,0.03228336
8153,0.032729156
8154,0.01027112
8155,0.10718572
8156,0.15834428
8157,0.01126523
8158,0.019315377
8159,0.093817376
8160,0.017187703
8161,0.017561786
8162,0.020967815
8163,0.06346595
8164,0.02162595
8165,0.019804265
8166,0.073384814
8167,0.05446565
8168,0.051873416
8169,0.07953337
8170,0.034752034
8171,0.059117377
8172,0.050046574
8173,0.26783472
8174,0.38855326
8175,0.2977312
8176,0.045140576
8177,0.31358317
8178,0.14691545
8179,0.2604785
8180,0.035866857
8181,0.02322178
8182,0.0
8183,0.11246331
8184,0.0030315942
8185,0.053974006
8186,0.019860864
8187,0.28052217
8188,0.017017787
8189,0.80609435
8190,0.2652277
8191,0.046811692
8192,0.009794252
8193,0.2641998
8194,0.05657608
8195,0.026468074
8196,0.07084685
8197,0.032071967
8198,0.015842875
8199,0.015459035
8200,0.023163654
8201,0.14673156
8202,0.1323997
8203,0.46747848
8204,0.46837652
8205,0.046326313
8206,0.06790998
8207,0.23244415
8208,0.26828954
8209,0.014120358
8210,0.07734417
8211,0.06762269
8212,0.04381708
8213,0.06624333
8214,0.034191586
8215,0.4446427
8216,0.12346083
8217,0.1875757
8218,0.5221712
8219,0.090040684
8220,0.013655754
8221,0.42743516
8222,0.07881872
8223,0.41961828
8224,0.061439548
8225,0.07655865
8226,0.068197206
8227,0.03780029
8228,0.02651439
8229,0.118690506
8230,0.12610427
8231,0.060535155
8232,0.02482758
8233,0.056015387
8234,0.08018826
8235,0.40324593
8236,0.052233625
8237,0.101386085
8238,0.03097372
8239,0.073536865
8240,0.035649452
8241,0.1008535
8242,0.08599634
8243,0.12737928
8244,0.016345039
8245,0.08816564
8246,0.13386612
8247,0.39920437
8248,0.052264024
8249,0.038480893
8250,0.0031766247
8251,0.012048853
8252,0.48840007
8253,0.13120432
8254,0.06286706
8255,0.40019557
8256,0.31140295
8257,0.011423822
8258,0.0040606125
8259,0.09582212
8260,0.054106295
8261,0.007104678
8262,0.017865684
8263,0.016302887
8264,0.037789855
8265,0.089513935
8266,0.05007886
8267,0.09048432
8268,0.18481983
8269,0.41218543
8270,0.019449273
8271,0.025899865
8272,0.013972107
8273,0.040783245
8274,0.037679296
8275,0.034765944
8276,0.246344
8277,0.018068843
8278,0.07325769
8279,0.017617272
8280,0.039831348
8281,0.04454063
8282,0.017077198
8283,0.17148638
8284,0.6378202
8285,0.015111193
8286,0.08142778
8287,0.026564691
8288,0.022437936
8289,0.058235828
8290,0.053035077
8291,0.0021394414
8292,0.027290339
8293,0.015493761
8294,0.102776214
8295,0.16684791
8296,0.12477976
8297,0.088737264
8298,0.096487865
8299,0.018887926
8300,0.049728934
8301,0.057768438
8302,0.06282339
8303,0.08419087
8304,0.06088998
8305,0.13797362
8306,0.025363283
8307,0.0460145
8308,0.040341232
8309,0.033356894
8310,0.031458426
8311,0.0408
8312,0.05640364
8313,0.03283445
8314,0.105211094
8315,0.15232226
8316,0.18364313
8317,0.05340662
8318,0.0656313
8319,0.068970025
8320,0.12681213
8321,0.098464966
8322,0.015722305
8323,0.07632741
8324,0.01892454
8325,0.015124096
8326,0.049159236
8327,0.11718003
8328,0.042524114
8329,0.039264217
8330,0.047228336
8331,0.072776474
8332,0.091294706
8333,0.24200304
8334,0.2711957
8335,0.2304891
8336,0.07585292
8337,0.041685708
8338,0.024937076
8339,0.06739594
8340,0.06005678
8341,0.00012524652
8342,0.09566626
8343,0.06159326
8344,0.4582802
8345,0.12061328
8346,0.02224758
8347,0.11312162
8348,0.04131549
8349,0.074884966
8350,0.022992592
8351,0.005215791
8352,0.012458988
8353,0.09911728
8354,0.007854626
8355,0.032326605
8356,0.04391879
8357,0.10981234
8358,0.06612237
8359,0.078777656
8360,0.07779489
8361,0.13759336
8362,0.39003226
8363,0.3876539
8364,0.07273638
8365,0.041547544
8366,0.07830343
8367,0.026079407
8368,0.05924811
8369,0.02515357
8370,7.412664e-05
8371,0.0900465
8372,0.0809454
8373,0.110389404
8374,0.06552291
8375,0.14859055
8376,0.062072627
8377,0.05984964
8378,0.01821154
8379,0.024413835
8380,0.1656252
8381,0.015734293
8382,0.030456541
8383,0.089074574
8384,0.014730814
8385,0.033733893
8386,0.094698094
8387,0.07036009
8388,0.10873641
8389,0.2560513
8390,0.11011643
8391,0.2298916
8392,0.11402713
8393,0.1359386
8394,0.014565864
8395,0.12928225
8396,0.015866557
8397,0.07065875
8398,0.019575542
8399,0.051216543
8400,0.082748376
8401,0.046203613
8402,0.02322387
8403,0.10267592
8404,0.054946598
8405,0.083821304
8406,0.10304116
8407,0.04653132
8408,0.08008592
8409,0.0094236955
8410,0.029340575
8411,0.07801308
8412,0.064938396
8413,0.07478746
8414,0.06535516
8415,0.13943157
8416,0.43831328
8417,0.11347615
8418,0.15063867
8419,0.08868263
8420,0.21223684
8421,0.08587479
8422,0.103764765
8423,0.07717669
8424,0.024803277
8425,0.26339546
8426,0.08779108
8427,0.119579576
8428,0.078083016
8429,0.10111869
8430,0.009976556
8431,0.031317256
8432,0.020045323
8433,0.03282382
8434,0.05039665
8435,0.17151709
8436,0.08551324
8437,0.06691501
8438,0.12442035
8439,0.48608044
8440,0.08981172
8441,0.025757479
8442,0.19638334
8443,0.08956716
8444,0.25270525
8445,0.2504312
8446,0.101078786
8447,0.019236915
8448,0.07120876
8449,0.013489938
8450,0.073820025
8451,0.1626955
8452,0.060162444
8453,0.1831268
8454,0.09873607
8455,0.09964218
8456,0.02052872
8457,0.039161947
8458,0.052487705
8459,0.088650905
8460,0.024326
8461,0.13371928
8462,0.14206852
8463,0.11506718
8464,0.12215096
8465,0.045924455
8466,0.13816611
8467,0.17573416
8468,0.25372407
8469,0.099399135
8470,0.0021429854
8471,0.06640045
8472,0.062225267
8473,0.42669028
8474,0.036441986
8475,0.05905256
8476,0.39806727
8477,0.24666676
8478,0.021135809
8479,0.02018574
8480,0.00561745
8481,0.056614067
8482,0.06883898
8483,0.14913927
8484,0.22979614
8485,0.010846544
8486,0.08842851
8487,0.089292035
8488,0.23649745
8489,0.1612099
8490,0.16751538
8491,0.23646384
8492,0.3879785
8493,0.10151278
8494,0.07479607
8495,0.09178635
8496,0.05934683
8497,0.31088412
8498,0.98141474
8499,0.0038118868
8500,0.04181397
8501,0.3938425
8502,0.020482702
8503,0.06620091
8504,0.37276536
8505,0.021183167
8506,0.05847473
8507,0.09228576
8508,0.025807466
8509,0.06911321
8510,0.37527078
8511,0.048184548
8512,0.09180101
8513,0.236116
8514,0.16969666
8515,0.24081667
8516,0.37947723
8517,0.25750065
8518,0.03431082
8519,0.23827288
8520,0.23449782
8521,0.17056319
8522,0.7473687
8523,0.40969473
8524,0.4279185
8525,0.013250128
8526,0.02825825
8527,0.14847325
8528,0.0
8529,0.031772226
8530,0.02614362
8531,0.021405684
8532,0.013546608
8533,0.0107125975
8534,0.0011967927
8535,0.084756196
8536,0.0057103583
8537,0.011781747
8538,0.074990086
8539,0.09144214
8540,0.10733703
8541,0.13714051
8542,0.09189712
8543,0.23731984
8544,0.233444
8545,0.036269985
8546,0.13459668
8547,0.17986035
8548,0.029767644
8549,0.1442849
8550,0.8889547
8551,0.9630662
8552,0.45415512
8553,0.0
8554,0.03960988
8555,0.017265486
8556,0.08141303
8557,0.3814162
8558,0.09354225
8559,0.02703278
8560,0.06644431
8561,0.01628655
8562,0.06962272
8563,0.09650556
8564,0.061861258
8565,0.01073422
8566,0.3790982
8567,0.0021668442
8568,0.031961564
8569,0.13270983
8570,0.122328565
8571,0.09022201
8572,0.068119206
8573,0.22361109
8574,0.24169995
8575,0.02893328
8576,0.13552128
8577,0.1407484
8578,0.25045583
8579,0.9396071
8580,0.92040503
8581,0.67259604
8582,0.021236405
8583,0.12376696
8584,0.028074462
8585,0.15597214
8586,0.09971368
8587,0.23822673
8588,0.05789622
8589,0.09874031
8590,0.04354377
8591,0.09684402
8592,0.10985345
8593,0.13491522
8594,0.11550178
8595,0.4531948
8596,0.3987523
8597,0.23639467
8598,0.15615563
8599,0.10682222
8600,0.06771749
8601,0.115236335
8602,0.049643923
8603,0.058642045
8604,0.17958294
8605,0.14290372
8606,0.103765465
8607,0.09776331
8608,0.035754375
8609,0.9148391
8610,0.99876064
8611,0.9808631
8612,0.04322064
8613,0.06594509
8614,0.36161822
8615,0.25049374
8616,0.024337642
8617,0.031911038
8618,0.05338357
8619,0.107266
8620,0.052070547
8621,0.38438717
8622,0.6577214
8623,0.10923275
8624,0.13415895
8625,0.09333454
8626,0.15266703
8627,0.08200373
8628,0.37576056
8629,0.18847713
8630,0.045138326
8631,0.10685375
8632,0.11494376
8633,0.12686782
8634,0.040317383
8635,0.02801749
8636,0.39485437
8637,0.32326284
8638,0.25497806
8639,0.089604855
8640,0.030865965
8641,0.10321069
8642,0.08465403
8643,0.23426077
8644,0.033470616
8645,0.06018889
8646,0.05204552
8647,0.030210298
8648,0.034324814
8649,0.062183406
8650,0.054793894
8651,0.24118395
8652,0.5758521
8653,0.37413728
8654,0.2463604
8655,0.14732803
8656,0.20054072
8657,0.17992468
8658,0.4103527
8659,0.11621509
8660,0.030830448
8661,0.052820697
8662,0.12002069
8663,0.18887155
8664,0.09169968
8665,0.3210986
8666,0.24738875
8667,0.24029078
8668,0.98266107
8669,0.10197958
8670,0.020036498
8671,0.12462675
8672,0.21517023
8673,0.027667817
8674,0.072406866
8675,0.25190648
8676,0.10072839
8677,0.06898201
8678,0.052189946
8679,0.07846891
8680,0.20222884
8681,0.36618236
8682,0.3687211
8683,0.47263855
8684,0.40100294
8685,0.15637165
8686,0.15214361
8687,0.24882151
8688,0.0076547447
8689,0.027595958
8690,0.1559573
8691,0.08570785
8692,0.050395984
8693,0.277795
8694,0.36136836
8695,0.10142023
8696,0.51920205
8697,0.37506154
8698,0.0031668663
8699,0.084181614
8700,0.08098689
8701,0.08256196
8702,0.073495954
8703,0.014815003
8704,0.034851715
8705,0.081613705
8706,0.12107531
8707,0.108418964
8708,0.13444535
8709,0.38477072
8710,0.9160772
8711,0.40739244
8712,0.37132108
8713,0.4859353
8714,0.12774152
8715,0.03323268
8716,0.09622562
8717,0.096015334
8718,0.12713353
8719,0.24293904
8720,0.08272806
8721,0.024452625
8722,0.09875154
8723,0.23069723
8724,0.019118808
8725,0.0
8726,0.0531558
8727,0.091020264
8728,0.015060419
8729,0.06337739
8730,0.024757626
8731,0.012771583
8732,0.05528577
8733,0.06692984
8734,0.07491325
8735,0.1257457
8736,0.24505657
8737,0.23400691
8738,0.3899719
8739,0.6372164
8740,0.5407517
8741,0.3676754
8742,0.13112418
8743,0.002770045
8744,0.061768524
8745,0.019550262
8746,0.055495955
8747,0.10200019
8748,0.019684289
8749,0.02229813
8750,0.05469016
8751,0.6156973
8752,0.1221845
8753,0.010848115
8754,0.050940137
8755,0.0598063
8756,0.15503158
8757,0.054504756
8758,0.07790708
8759,0.02065966
8760,0.06293577
8761,0.023006767
8762,0.02480894
8763,0.04098729
8764,0.09072636
8765,0.109751076
8766,0.43033484
8767,0.3791087
8768,0.20091234
8769,0.754958
8770,0.39979783
8771,0.40364462
8772,0.1696929
8773,0.0417149
8774,0.027059153
8775,0.031493075
8776,0.058747675
8777,0.04956067
8778,0.012627786
8779,0.04164781
8780,0.08700675
8781,0.40435678
8782,0.14634453
8783,0.3767474
8784,0.029517714
8785,0.08049563
8786,0.08599009
8787,0.14208652
8788,0.16899557
8789,0.049941726
8790,0.04353454
8791,0.072752446
8792,0.1366618
8793,0.61601543
8794,0.37467366
8795,0.44275334
8796,0.22234733
8797,0.27097887
8798,0.17818531
8799,0.051956873
8800,0.02459274
8801,0.022316491
8802,0.003981948
8803,0.038083117
8804,0.026193945
8805,0.13545328
8806,0.0976646
8807,0.14357623
8808,0.26126936
8809,0.015557279
8810,0.07597559
8811,0.3769214
8812,0.041141808
8813,0.0034633128
8814,0.0022574337
8815,0.015141169
8816,0.12825061
8817,0.18007189
8818,0.035986524
8819,0.21316934
8820,0.25365603
8821,0.0974189
8822,0.08671
8823,0.024868207
8824,0.09122958
8825,0.07869395
8826,0.03729023
8827,0.10483135
8828,0.090966515
8829,0.037036847
8830,0.01631732
8831,0.38445902
8832,0.0011309333
8833,0.0037690555
8834,0.099816725
8835,0.004699241
8836,0.05436345
8837,0.05761671
8838,0.15830007
8839,0.044855617
8840,0.059034806
8841,0.01507983
8842,0.06784846
8843,0.19510172
8844,0.39342973
8845,0.40624744
8846,0.071785346
8847,0.0049161287
8848,0.021213302
8849,0.023191877
8850,0.018663436
8851,0.067835726
8852,0.013371284
8853,0.055472407
8854,0.15147294
8855,0.010827878
8856,0.10164976
8857,0.010032012
8858,0.042644802
8859,0.020109052
8860,0.012797703
8861,0.01199213
8862,0.10688061
8863,0.12553391
8864,0.37434515
8865,0.016063381
8866,0.01828645
8867,0.03458321
8868,0.09335721
8869,0.120071255
8870,0.3652517
8871,0.07247892
8872,0.020608746
8873,0.22583196
8874,0.04459562
8875,0.01785781
8876,0.104546204
8877,0.12761447
8878,0.09290719
8879,0.015174563
8880,0.015261317
8881,0.006944112
8882,0.20412542
8883,0.031214453
8884,0.037423573
8885,0.13780536
8886,0.07700244
8887,0.05304991
8888,0.028329752
8889,0.044911332
8890,0.11368917
8891,0.37598577
8892,0.043520845
8893,0.0056761913
8894,0.021760885
8895,0.03832013
8896,0.060588654
8897,0.07516855
8898,0.22760561
8899,0.06403453
8900,0.25176227
8901,0.1266592
8902,0.038919605
8903,0.049085464
8904,0.042113137
8905,0.038399737
8906,0.15946214
8907,0.0016304171
8908,0.12276243
8909,0.027961928
8910,0.106425636
8911,0.073769726
8912,0.0017273058
8913,0.011642271
8914,0.26120406
8915,0.48302832
8916,0.15431878
8917,0.07305029
8918,0.090995826
8919,0.03510713
8920,0.029150909
8921,0.097067304
8922,0.11396138
8923,0.10456628
8924,0.87911296
8925,0.011481204
8926,0.08754432
8927,0.027633807
8928,0.09494545
8929,0.08633632
8930,0.021718875
8931,0.04073854
8932,0.15569943
8933,0.43387926
8934,0.093456216
8935,0.24055113
8936,0.022763252
8937,0.017213093
8938,0.040274054
8939,0.01672448
8940,0.038166944
8941,0.13489963
8942,0.06104029
8943,0.03215968
8944,0.0058097225
8945,0.081166305
8946,0.035787024
8947,0.011531566
8948,0.017200883
8949,0.10290674
8950,0.016479421
8951,0.10908499
8952,0.07453359
8953,0.049062546
8954,0.010962099
8955,0.0348419
8956,0.09515149
8957,0.13667773
8958,0.024886329
8959,0.043774262
8960,0.097851135
8961,0.5891039
8962,0.08067421
8963,0.094886765
8964,0.03749511
8965,0.04629351
8966,0.08487614
8967,0.08603938
8968,0.03143274
8969,0.4419722
8970,0.05044878
8971,0.008140812
8972,0.004222334
8973,0.029013894
8974,0.056584727
8975,0.13183129
8976,0.058358803
8977,0.09005271
8978,0.064595744
8979,0.026037488
8980,0.0
8981,0.06146075
8982,0.3753467
8983,0.047350124
8984,0.026495606
8985,0.009291008
8986,0.030056238
8987,0.014677
8988,0.07410091
8989,0.004486528
8990,0.060613096
8991,0.0
8992,0.23989318
8993,0.11903757
8994,0.003342044
8995,0.018374218
8996,0.014350793
8997,0.009465002
8998,0.083205216
8999,0.14252113
9000,0.11435238
9001,0.097544715
9002,0.06457586
9003,0.037047256
9004,0.05303682
9005,0.017229022
9006,0.080189206
9007,0.2513759
9008,0.12479444
9009,0.0052199485
9010,0.0
9011,0.066839665
9012,0.020143745
9013,0.012498602
9014,0.012160119
9015,0.016546289
9016,0.017933946
9017,0.0090890555
9018,0.0031711976
9019,0.002469494
9020,0.030097272
9021,0.025847197
9022,0.060946744
9023,0.055644672
9024,0.14249416
9025,0.0019130264
9026,0.14152867
9027,0.24575765
9028,0.024101641
9029,0.011797219
9030,0.019173283
9031,0.021775072
9032,0.03376363
9033,0.037277807
9034,0.025488708
9035,0.05345086
9036,0.0029580072
9037,0.018283619
9038,0.070914194
9039,0.0555824
9040,0.02144292
9041,0.060851652
9042,0.018502781
9043,0.028056338
9044,0.0042825597
9045,0.11627186
9046,0.035290048
9047,0.07552992
9048,0.0012137035
9049,0.005606424
9050,0.029504009
9051,0.0004172587
9052,0.104242146
9053,2.346534e-05
9054,0.022373099
9055,0.14542578
9056,0.08349981
9057,0.09919637
9058,0.047112256
9059,0.18744966
9060,0.041589368
9061,0.01312917
9062,0.101636
9063,0.025459731
9064,0.07747292
9065,0.0104469415
9066,0.11904367
9067,0.019204043
9068,0.025339346
9069,0.04061173
9070,0.03024962
9071,0.036460035
9072,0.006779399
9073,0.018929139
9074,0.020412449
9075,0.008996128
9076,0.013062963
9077,0.058392137
9078,0.012433669
9079,0.011738223
9080,0.030010294
9081,0.08328031
9082,0.03016539
9083,0.006203222
9084,0.17514461
9085,0.025631355
9086,0.03275748
9087,0.038373176
9088,0.005886954
9089,0.023005161
9090,0.02496641
9091,0.07928218
9092,0.028587546
9093,0.032189365
9094,0.031095318
9095,0.010576248
9096,0.027705668
9097,0.101365246
9098,0.16528079
9099,0.011993095
9100,0.096522495
9101,0.025930144
9102,0.03225247
9103,0.07200939
9104,0.022550492
9105,0.014325087
9106,0.030624803
9107,0.006101188
9108,0.08573123
9109,0.05694027
9110,0.003370249
9111,0.06809649
9112,0.03769288
9113,0.057423756
9114,0.047511015
9115,0.27333698
9116,0.41703787
9117,0.0028156433
9118,0.27836844
9119,0.045111265
9120,0.19264407
9121,0.08253618
9122,0.17518297
9123,0.032827027
9124,0.0
9125,0.10870477
9126,0.0016954741
9127,0.052100644
9128,0.016433444
9129,0.0080912765
9130,0.18376553
9131,0.014131514
9132,0.8012561
9133,0.16860415
9134,0.051228005
9135,0.010919645
9136,0.18107903
9137,0.055688158
9138,0.030527761
9139,0.069334954
9140,0.015951967
9141,0.013258241
9142,0.025987677
9143,0.1570286
9144,0.13434593
9145,0.45722392
9146,0.422734
9147,0.04674364
9148,0.07039599
9149,0.40496778
9150,0.19312924
9151,0.07744287
9152,0.06719529
9153,0.04288471
9154,0.07205348
9155,0.03627295
9156,0.4537409
9157,0.11729234
9158,0.29249084
9159,0.47649294
9160,0.10494723
9161,0.014696176
9162,0.45870644
9163,0.004930666
9164,0.080477886
9165,0.30442828
9166,0.0650598
9167,0.07972839
9168,0.0708374
9169,0.043356355
9170,0.0
9171,0.025959888
9172,0.10856953
9173,0.11192374
9174,0.0232838
9175,0.05163554
9176,0.40880838
9177,0.41187415
9178,0.056663446
9179,0.030588802
9180,0.103046685
9181,0.028831603
9182,0.074269794
9183,0.03371955
9184,0.09238072
9185,0.07852034
9186,0.11592221
9187,0.08549877
9188,0.13237917
9189,0.03015062
9190,0.41298756
9191,0.047699556
9192,0.03807915
9193,0.0077107674
9194,0.010137496
9195,0.008076396
9196,0.013110436
9197,0.011064518
9198,0.018813966
9199,0.4674879
9200,0.12165985
9201,0.06572067
9202,0.38812757
9203,0.32486457
9204,0.09445254
9205,0.053177714
9206,0.014093221
9207,0.020218732
9208,0.020262415
9209,0.042164322
9210,0.0
9211,0.09902204
9212,0.050600115
9213,0.09414708
9214,0.42377418
9215,0.4147055
9216,0.017821925
9217,0.023919644
9218,0.055502385
9219,0.011984238
9220,0.007586473
9221,0.03270178
9222,0.032432314
9223,0.03457945
9224,0.1927526
9225,0.019311657
9226,0.07192421
9227,0.018686246
9228,0.040665004
9229,0.17386979
9230,0.6694219
9231,0.015830258
9232,0.08167919
9233,0.024718476
9234,0.023737108
9235,0.06316938
9236,0.053338636
9237,0.01014366
9238,0.02927947
9239,0.09784563
9240,0.17075005
9241,0.12619066
9242,0.14403176
9243,0.10422579
9244,0.01919739
9245,0.05256453
9246,0.056955863
9247,0.06330653
9248,0.08383937
9249,0.061296217
9250,0.14020139
9251,0.026173854
9252,0.045596216
9253,0.04129272
9254,0.03381859
9255,0.034084853
9256,0.040752374
9257,0.05662531
9258,0.07009387
9259,0.0030477194
9260,0.032934975
9261,0.102183215
9262,0.14631766
9263,0.18694809
9264,0.05712664
9265,0.06558862
9266,0.06911803
9267,0.12882671
9268,0.09484107
9269,0.018108562
9270,0.015487447
9271,0.04993576
9272,0.12569171
9273,0.043681532
9274,0.03976819
9275,0.048385117
9276,0.07127703
9277,0.093059376
9278,0.23825176
9279,0.14394495
9280,0.2331576
9281,0.0779599
9282,0.04332648
9283,0.025819192
9284,0.07073511
9285,0.061985817
9286,0.09608348
9287,0.06343711
9288,0.42286178
9289,0.11859702
9290,0.022605315
9291,0.0013612706
9292,0.12283373
9293,0.043682426
9294,0.07280878
9295,0.021678997
9296,0.0052930936
9297,0.09922605
9298,0.009756104
9299,0.03417742
9300,0.046365794
9301,0.11154125
9302,0.06905816
9303,0.08027352
9304,0.07861493
9305,0.13777587
9306,0.20027383
9307,0.38242954
9308,0.07498489
9309,0.042018805
9310,0.08491451
9311,0.02766411
9312,0.06426883
9313,0.023844851
9314,0.09086992
9315,0.080498464
9316,0.10714922
9317,0.06721305
9318,0.14861488
9319,0.06556802
9320,0.066355236
9321,0.029152645
9322,0.018201798
9323,0.024235962
9324,0.16285814
9325,0.029760964
9326,0.092149496
9327,0.014120715
9328,0.032895267
9329,0.099235855
9330,0.07028747
9331,0.102844365
9332,0.25096112
9333,0.11157511
9334,0.14304195
9335,0.11701203
9336,0.1385082
9337,0.015392543
9338,0.12828365
9339,0.014078409
9340,0.07358768
9341,0.052590158
9342,0.08772223
9343,0.04364386
9344,0.024246808
9345,0.102023184
9346,0.05569965
9347,0.07747654
9348,0.08879162
9349,0.045906894
9350,0.0815851
9351,0.024504213
9352,0.028811857
9353,0.012838718
9354,0.08028687
9355,0.028716106
9356,0.0633602
9357,0.07628513
9358,0.071716435
9359,0.14138152
9360,0.44951844
9361,0.1148281
9362,0.14513735
9363,0.08987162
9364,0.12568854
9365,0.08485388
9366,0.10732736
9367,0.076865226
9368,0.012010478
9369,0.022593793
9370,0.2706643
9371,0.100156344
9372,0.119274676
9373,0.076741375
9374,0.0896736
9375,0.010459393
9376,0.032608945
9377,0.032180756
9378,0.053142603
9379,0.16996968
9380,0.08750274
9381,0.06616452
9382,0.12589328
9383,0.50135654
9384,0.09376578
9385,0.02625082
9386,0.2287523
9387,0.0834762
9388,0.25569898
9389,0.256905
9390,0.10327921
9391,0.018739764
9392,0.07359385
9393,0.07796077
9394,0.16232438
9395,0.06239947
9396,0.24144426
9397,0.10112673
9398,0.1048841
9399,0.01975196
9400,0.038065057
9401,0.051675785
9402,0.09009236
9403,0.02223483
9404,0.13972951
9405,0.13987844
9406,0.11785169
9407,0.12361468
9408,0.047933288
9409,0.13559152
9410,0.24052513
9411,0.26068842
9412,0.099370584
9413,0.002760323
9414,0.06742332
9415,0.03776746
9416,0.013806624
9417,0.0640654
9418,0.46500337
9419,0.036852006
9420,0.057977118
9421,0.39616248
9422,0.18785545
9423,0.015834272
9424,0.022997675
9425,0.004372745
9426,0.0075667645
9427,0.056307264
9428,0.07152526
9429,0.1461744
9430,0.23898241
9431,0.08628634
9432,0.09017851
9433,0.22820915
9434,0.2302993
9435,0.16444354
9436,0.2397446
9437,0.38188413
9438,0.105821244
9439,0.020708358
9440,0.0744137
9441,0.10042797
9442,0.060921635
9443,0.30655405
9444,0.95543015
9445,0.008128529
9446,0.041586865
9447,0.37399465
9448,0.020788943
9449,0.067683965
9450,0.2530601
9451,0.023329897
9452,0.057950225
9453,0.094314985
9454,0.027204813
9455,0.06811795
9456,0.0031006804
9457,0.2579617
9458,0.04933561
9459,0.0910781
9460,0.24111782
9461,0.15879756
9462,0.24311604
9463,0.37500685
9464,0.26627558
9465,0.040491883
9466,0.17441288
9467,0.23662125
9468,0.24361514
9469,0.73590416
9470,0.40517694
9471,0.31670204
9472,0.02947489
9473,0.14428525
9474,0.0026569692
9475,0.031983662
9476,0.025652979
9477,0.02097348
9478,0.014767623
9479,0.011182638
9480,0.08819935
9481,0.0005714148
9482,0.0029539177
9483,0.012583158
9484,0.075003505
9485,0.08881762
9486,0.106510416
9487,0.13438383
9488,0.095062956
9489,0.17769708
9490,0.23304269
9491,0.03201251
9492,0.12944013
9493,0.23768272
9494,0.030960755
9495,0.08103942
9496,0.9157252
9497,0.9302837
9498,0.50195616
9499,0.0
9500,0.039320074
9501,0.020238236
9502,0.08209845
9503,0.3924141
9504,0.09394407
9505,0.025906345
9506,0.07194019
9507,0.017263172
9508,0.06778205
9509,0.10016955
9510,0.059483673
9511,0.01139592
9512,0.39631292
9513,0.003329616
9514,0.033144135
9515,0.12826023
9516,0.12483505
9517,0.08871632
9518,0.066729315
9519,0.23679434
9520,0.24766721
9521,0.39949408
9522,0.14221397
9523,0.12007692
9524,0.924905
9525,0.88628656
9526,0.59589994
9527,0.015400244
9528,0.060971014
9529,0.025580097
9530,0.014517482
9531,0.24807556
9532,0.10620861
9533,0.245149
9534,0.054548323
9535,0.09698099
9536,0.042948354
9537,0.10101024
9538,0.11188183
9539,0.13732904
9540,0.118850715
9541,0.45799083
9542,0.264534
9543,0.13931361
9544,0.15594707
9545,0.109099835
9546,0.07897805
9547,0.12242894
9548,0.0507214
9549,0.0606488
9550,0.025067458
9551,0.17089492
9552,0.234512
9553,0.09577597
9554,0.08869026
9555,0.035167247
9556,0.9621329
9557,0.9882774
9558,1.0
9559,0.047876295
9560,0.067590274
9561,0.23619735
9562,0.013601966
9563,0.25595817
9564,0.032146934
9565,0.01448204
9566,0.026928872
9567,0.032282513
9568,0.054525018
9569,0.108337484
9570,0.045586817
9571,0.41682866
9572,0.62929857
9573,0.10971006
9574,0.13602035
9575,0.0942478
9576,0.16347836
9577,0.086078666
9578,0.40128592
9579,0.10985304
9580,0.042584267
9581,0.113732554
9582,0.11219096
9583,0.11728802
9584,0.041263755
9585,0.030288538
9586,0.4142808
9587,0.39163223
9588,0.26476148
9589,0.090328015
9590,0.031775083
9591,0.097885035
9592,0.08467664
9593,0.25094196
9594,0.033719506
9595,0.060006816
9596,0.051190402
9597,0.031057905
9598,0.035395443
9599,0.06374746
9600,0.053449742
9601,0.40094525
9602,0.5383754
9603,0.3689239
9604,0.25706112
9605,0.14565636
9606,0.1927362
9607,0.23909743
9608,0.4269934
9609,0.10447271
9610,0.028813416
9611,0.06915465
9612,0.055960566
9613,0.22492139
9614,0.18593068
9615,0.0922817
9616,0.3149107
9617,0.20150906
9618,0.2380413
9619,1.0
9620,0.10077432
9621,0.23408805
9622,0.22384125
9623,0.025294371
9624,0.07344984
9625,0.40823722
9626,0.094514064
9627,0.063727975
9628,0.050859362
9629,0.07566985
9630,0.20779157
9631,0.36549646
9632,0.25674
9633,0.461114
9634,0.41068882
9635,0.15748458
9636,0.23317875
9637,0.37593842
9638,0.006470242
9639,0.02851029
9640,0.2318488
9641,0.089478396
9642,0.049104463
9643,0.41299728
9644,0.2676346
9645,0.09540881
9646,0.53794074
9647,0.39100313
9648,0.0052509084
9649,0.08371246
9650,0.082295395
9651,0.08654964
9652,0.07475735
9653,0.01554266
9654,0.015670717
9655,0.036012225
9656,0.08202102
9657,0.12401254
9658,0.11255848
9659,0.13596883
9660,0.3759251
9661,0.911018
9662,0.4274824
9663,0.38972467
9664,0.4411508
9665,0.1285076
9666,0.031318475
9667,0.088502094
9668,0.10095557
9669,0.22367679
9670,0.23864058
9671,0.07990136
9672,0.026569843
9673,0.10421049
9674,0.23549056
9675,0.024229294
9676,0.0
9677,0.056585077
9678,0.09305544
9679,0.022443648
9680,0.016341943
9681,0.060974643
9682,0.02154206
9683,0.013310941
9684,0.059772354
9685,0.06910584
9686,0.07541978
9687,0.12608922
9688,0.24846691
9689,0.25113225
9690,0.39231762
9691,0.72243065
9692,0.6198228
9693,0.36557904
9694,0.123531364
9695,0.06140797
9696,0.019428855
9697,0.05744897
9698,0.10027587
9699,0.0157506
9700,0.0581925
9701,0.6900024
9702,0.06285241
9703,0.010343393
9704,0.11672383
9705,0.061685316
9706,0.17071445
9707,0.07441117
9708,0.02314496
9709,0.061724585
9710,0.024030501
9711,0.025631508
9712,0.042761695
9713,0.092024505
9714,0.114489965
9715,0.46411946
9716,0.37987807
9717,0.20578991
9718,0.7688554
9719,0.39919704
9720,0.3834174
9721,0.1754744
9722,0.039958213
9723,0.03296245
9724,0.062308993
9725,0.048374455
9726,0.014112154
9727,0.040273316
9728,0.08537135
9729,0.3928848
9730,0.1517172
9731,0.37135506
9732,0.029892804
9733,0.0854714
9734,0.08431546
9735,0.14124165
9736,0.16938317
9737,0.049356367
9738,0.04446284
9739,0.07507732
9740,0.13852209
9741,0.60602325
9742,0.38413745
9743,0.42775574
9744,0.23873408
9745,0.4045255
9746,0.1811804
9747,0.050748434
9748,0.026318604
9749,0.024997883
9750,0.0012249027
9751,0.014637681
9752,0.036979917
9753,0.026255062
9754,0.14425102
9755,0.11393194
9756,0.13072288
9757,0.2671195
9758,0.018474739
9759,0.08011553
9760,0.0020177409
9761,0.22322929
9762,0.043262918
9763,0.0013373543
9764,0.014269553
9765,0.1281639
9766,0.13709871
9767,0.037429772
9768,0.0056631193
9769,0.2128942
9770,0.24625608
9771,0.099234715
9772,0.091542326
9773,0.09336287
9774,0.081453785
9775,0.040793676
9776,0.10102153
9777,0.09370738
9778,0.036848113
9779,0.015272396
9780,0.23411116
9781,0.0
9782,0.0
9783,0.006727373
9784,0.097512364
9785,0.049958955
9786,0.057792023
9787,0.15658462
9788,0.046536695
9789,0.061031736
9790,0.015142589
9791,0.07114815
9792,0.2438079
9793,0.39528453
9794,0.43628263
9795,0.0744725
9796,0.0048557627
9797,0.02424054
9798,0.02462983
9799,0.019680757
9800,0.06622665
9801,0.016033486
9802,0.05594418
9803,0.15245654
9804,0.015386143
9805,0.094857246
9806,0.009573806
9807,0.041061025
9808,0.019219007
9809,0.014347616
9810,0.013207119
9811,0.106644064
9812,0.12858266
9813,0.38922065
9814,0.015291691
9815,0.017186595
9816,0.037512638
9817,0.09470135
9818,0.107399635
9819,0.24478604
9820,0.077338755
9821,0.019922309
9822,0.22935008
9823,0.043730617
9824,0.104980856
9825,0.1309304
9826,0.10528495
9827,0.013881025
9828,0.017070314
9829,0.005435898
9830,0.20827578
9831,0.026771013
9832,0.037109725
9833,0.1348137
9834,0.07934317
9835,0.054842386
9836,0.027104096
9837,0.045244545
9838,0.10850263
9839,0.3924103
9840,0.045372102
9841,0.005773112
9842,0.038005486
9843,0.061622623
9844,0.07649335
9845,0.23019314
9846,0.06561385
9847,0.26154074
9848,0.115932845
9849,0.038690515
9850,0.050208934
9851,0.04327802
9852,0.03744535
9853,0.22998503
9854,0.0028722074
9855,0.1185004
9856,0.030378083
9857,0.10955528
9858,0.07575458
9859,0.004637067
9860,0.012014741
9861,0.3951644
9862,0.48886532
9863,0.15341634
9864,0.074690945
9865,0.0135123255
9866,0.092129976
9867,0.038102362
9868,0.029274894
9869,0.09996589
9870,0.11723308
9871,0.09983902
9872,0.9436601
9873,0.012759086
9874,0.089567
9875,0.09639847
9876,0.087650314
9877,0.021084039
9878,0.041758258
9879,0.1475186
9880,0.31940126
9881,0.09127575
9882,0.24713807
9883,0.02618414
9884,0.04058731
9885,0.016170682
9886,0.035493508
9887,0.13458428
9888,0.062469497
9889,0.03176505
9890,0.08184911
9891,0.03403967
9892,0.018590152
9893,0.09934547
9894,0.020545643
9895,0.10452018
9896,0.07723636
9897,0.054129347
9898,0.007975739
9899,0.036112603
9900,0.112114035
9901,0.14297494
9902,0.10280264
9903,0.63689935
9904,0.07971291
9905,0.09928697
9906,0.039080486
9907,0.08568734
9908,0.08741203
9909,0.030007234
9910,0.45677292
9911,0.053464726
9912,0.0
9913,0.0075030583
9914,0.05431878
9915,0.1334845
9916,0.058278613
9917,0.0
9918,0.09323233
9919,0.06798018
9920,0.028522644
9921,0.06159713
9922,0.37576875
9923,0.045149244
9924,0.024334813
9925,0.033434257
9926,0.01400447
9927,0.07386981
9928,0.06228023
9929,0.0025297808
9930,0.25399408
9931,0.11437257
9932,0.0036235682
9933,0.013903278
9934,0.015477931
9935,0.08727785
9936,0.1421212
9937,0.108990215
9938,0.09244362
9939,0.066007785
9940,0.037385013
9941,0.05418514
9942,0.08260924
9943,0.2589341
9944,0.12490525
9945,0.012558445
9946,0.069288515
9947,0.01665808
9948,0.011487144
9949,0.01801781
9950,0.019491853
9951,0.0073872954
9952,0.0013938899
9953,0.015412284
9954,0.011486272
9955,0.0234631
9956,0.06405373
9957,0.058438826
9958,0.14684154
9959,0.007952883
9960,0.0007738387
9961,0.23676951
9962,0.18140568
9963,0.006572677
9964,0.0060791853
9965,0.022454252
9966,0.05650655
9967,0.017677173
9968,0.016519016
9969,0.032225523
9970,0.03770203
9971,0.025361983
9972,0.053919803
9973,0.009186195
9974,0.004811262
9975,0.018240154
9976,0.022463234
9977,0.05650908
9978,0.061589327
9979,0.019348744
9980,0.005529394
9981,0.11757288
9982,0.032281235
9983,0.07753772
9984,0.032120854
9985,0.0008347581
9986,0.11113798
9987,0.020695064
9988,0.0039647385
9989,0.13966098
9990,0.08612324
9991,0.103534676
9992,0.05083064
9993,9.573702e-06
9994,0.18670167
9995,0.045656934
9996,0.01482997
9997,0.0
9998,0.103886075
9999,0.08245568
10000,0.01011633
10001,0.12917772
10002,0.01968352
10003,0.025935806
10004,0.043595128
10005,0.031312946
10006,0.03744259
10007,0.015778715
10008,0.019610923
10009,0.00879124
10010,0.059729487
10011,0.013292633
10012,0.012187438
10013,0.031514537
10014,0.083456844
10015,0.03081654
10016,0.17574418
10017,0.022929087
10018,0.03367192
10019,0.0029485766
10020,0.02151032
10021,0.026928566
10022,0.07824748
10023,0.028183283
10024,0.014825774
10025,0.034458045
10026,0.008884894
10027,0.014600445
10028,0.03003664
10029,0.10993031
10030,0.16355143
10031,0.09397515
10032,0.018024683
10033,0.047711655
10034,0.033304773
10035,0.12602904
10036,0.07247828
10037,0.02581258
10038,0.022254707
10039,0.030793153
10040,0.026041832
10041,0.09589715
10042,0.05142282
10043,0.0331066
10044,0.044408996
10045,0.11288307
10046,0.050552204
10047,0.07864326
10048,0.3867094
10049,0.41137573
10050,0.038357656
10051,0.021945966
10052,0.05643685
10053,0.0093353465
10054,0.30325034
10055,0.039301157
10056,0.2766243
10057,0.1018119
10058,0.24840927
10059,0.07395607
10060,0.00010801833
10061,0.052352384
10062,0.053814214
10063,0.015005894
10064,0.13942783
10065,0.04413471
10066,0.6767001
10067,0.24093719
10068,0.057867378
10069,0.009434842
10070,0.13605633
10071,0.06542609
10072,0.000486667
10073,0.07699343
10074,0.048626833
10075,0.010663079
10076,0.041335817
10077,0.11061459
10078,0.25607055
10079,0.5119954
10080,0.41432387
10081,0.1173323
10082,0.107934505
10083,0.27287558
10084,0.005850405
10085,0.016074108
10086,0.05990076
10087,0.061483867
10088,0.0073080263
10089,0.13252139
10090,0.41404444
10091,0.08551694
10092,0.236581
10093,0.5012659
10094,0.15012874
10095,0.0072335205
10096,0.42805445
10097,0.07327659
10098,0.32293245
10099,0.05558665
10100,0.073886044
10101,0.059728492
10102,0.044883266
10103,0.03672953
10104,0.1316741
10105,0.07321577
10106,0.034421884
10107,0.03750154
10108,0.10444953
10109,0.2880915
10110,0.10206709
10111,0.039131314
10112,0.07611119
10113,0.03743201
10114,0.09122922
10115,0.026797326
10116,0.032188788
10117,0.010898149
10118,0.090882644
10119,0.019066852
10120,0.100406066
10121,0.13531126
10122,0.045991033
10123,0.27998623
10124,0.022533143
10125,0.04117813
10126,0.05122645
10127,0.033221576
10128,0.01761235
10129,0.014020081
10130,0.0008477818
10131,0.5112785
10132,0.110274784
10133,0.05856732
10134,0.41387644
10135,0.2996968
10136,0.0717638
10137,0.05042251
10138,0.018327856
10139,0.009056826
10140,0.022776857
10141,0.0
10142,0.050993893
10143,0.0020721983
10144,0.007927523
10145,0.09339146
10146,0.09793851
10147,0.11645557
10148,0.28440052
10149,0.4770037
10150,0.019664982
10151,0.020654308
10152,0.06653306
10153,0.018486727
10154,0.012816613
10155,0.031942714
10156,0.023453187
10157,0.049647413
10158,0.24547118
10159,0.023968983
10160,0.06106924
10161,0.05197094
10162,0.041236233
10163,0.13345997
10164,0.41328743
10165,0.017710056
10166,0.068517804
10167,0.024592824
10168,0.020985287
10169,0.04812668
10170,0.08301731
10171,0.020233395
10172,0.029627698
10173,0.028532363
10174,0.12425611
10175,0.14479963
10176,0.10898132
10177,0.08045695
10178,0.09453923
10179,0.026513338
10180,0.06693023
10181,0.06191218
10182,0.06157934
10183,0.12173376
10184,0.092409894
10185,0.19654503
10186,0.025218261
10187,0.056924205
10188,0.048928317
10189,0.04193325
10190,0.029684914
10191,0.058086723
10192,0.063365184
10193,0.0031387229
10194,0.06362187
10195,0.02747435
10196,0.11121383
10197,0.25515714
10198,0.23591387
10199,0.05528946
10200,0.04196567
10201,0.042998534
10202,0.0889134
10203,0.044358358
10204,0.008966559
10205,0.03537401
10206,0.18403469
10207,0.04418708
10208,0.03930454
10209,0.058649156
10210,0.08176418
10211,0.10130997
10212,0.24371041
10213,0.20005986
10214,0.23974328
10215,0.07876334
10216,0.06447512
10217,0.030147688
10218,0.0787244
10219,0.096828565
10220,0.08488835
10221,0.064408556
10222,0.45739058
10223,0.12907344
10224,0.021323696
10225,0.09218224
10226,0.050272964
10227,0.04725394
10228,0.013978881
10229,0.09370144
10230,0.022437803
10231,0.010638041
10232,0.03634102
10233,0.0436433
10234,0.14164062
10235,0.072914645
10236,0.08199088
10237,0.08889287
10238,0.1203796
10239,0.38001612
10240,0.4024869
10241,0.107331365
10242,0.03668928
10243,0.10817703
10244,0.025100933
10245,0.0710205
10246,0.0016591203
10247,7.49318e-05
10248,0.08083787
10249,0.034173965
10250,0.13564195
10251,0.07497762
10252,0.13205402
10253,0.042232785
10254,0.07416963
10255,0.025425337
10256,0.016771877
10257,0.02077196
10258,0.13726366
10259,0.013425163
10260,0.041499447
10261,0.05238749
10262,0.014243781
10263,0.0121086305
10264,0.059249226
10265,0.07401839
10266,0.11079216
10267,0.15465118
10268,0.13248323
10269,0.17291935
10270,0.13921294
10271,0.1495424
10272,0.013315221
10273,0.13398838
10274,0.01794919
10275,0.087257266
10276,0.014197529
10277,0.03525459
10278,0.11540633
10279,0.039801538
10280,0.025257634
10281,0.06721103
10282,0.033014484
10283,0.01671836
10284,0.06721526
10285,0.086193465
10286,0.033922266
10287,0.057074264
10288,0.005023978
10289,0.025176948
10290,0.028500253
10291,0.08752385
10292,0.030159134
10293,0.06372139
10294,0.09379045
10295,0.09998985
10296,0.16540036
10297,0.44375706
10298,0.11314395
10299,0.10952346
10300,0.084938355
10301,0.12705381
10302,0.09731771
10303,0.10990502
10304,0.08173722
10305,0.019684387
10306,0.376097
10307,0.07346207
10308,0.07913722
10309,0.05002277
10310,0.09877107
10311,0.017876841
10312,0.025821447
10313,0.0036839908
10314,0.030907905
10315,0.07226267
10316,0.3292572
10317,0.073875464
10318,0.062963344
10319,0.13828549
10320,0.5906113
10321,0.09653866
10322,0.023462504
10323,0.13228346
10324,0.09100944
10325,0.2459767
10326,0.28992847
10327,0.09550596
10328,0.01708852
10329,0.054141026
10330,0.0916223
10331,0.22762635
10332,0.059210066
10333,0.1687826
10334,0.089855194
10335,0.05517692
10336,0.012745219
10337,0.034876868
10338,0.060272507
10339,0.0669144
10340,0.111127354
10341,0.028441273
10342,0.13061036
10343,0.1402505
10344,0.14381102
10345,0.123198725
10346,0.0617204
10347,0.13285966
10348,0.23766576
10349,0.25730306
10350,0.07221798
10351,0.0027314706
10352,0.10063203
10353,0.027561171
10354,0.012829277
10355,0.07161939
10356,0.53011173
10357,0.047981933
10358,0.054868378
10359,0.4074497
10360,0.24427009
10361,0.012242939
10362,0.00775934
10363,0.07498731
10364,0.0882009
10365,0.1823749
10366,0.25681996
10367,0.104498126
10368,0.07604471
10369,0.23414283
10370,0.12460859
10371,0.16184092
10372,0.23593055
10373,0.40100735
10374,0.12911908
10375,0.0028843281
10376,0.019301334
10377,0.059535705
10378,0.07791476
10379,0.06266734
10380,0.21132621
10381,0.93692935
10382,0.002954631
10383,0.049892772
10384,0.3896229
10385,0.02818392
10386,0.058213916
10387,0.26926237
10388,0.018754773
10389,0.026823666
10390,0.08092804
10391,0.12160363
10392,0.025774136
10393,0.079405695
10394,0.43432862
10395,0.05406271
10396,0.107906505
10397,0.25395814
10398,0.1399102
10399,0.24827212
10400,0.3963403
10401,0.31713536
10402,0.028393885
10403,0.3922837
10404,0.16502321
10405,0.22144589
10406,0.7821163
10407,0.31605464
10408,0.3943082
10409,0.029048977
10410,0.120761186
10411,0.00062312983
10412,0.05392576
10413,0.032706182
10414,0.016386023
10415,0.017182138
10416,0.08838284
10417,0.004897898
10418,0.01200225
10419,0.023677398
10420,0.06736807
10421,0.10071206
10422,0.13640201
10423,0.12649465
10424,0.09305689
10425,0.24488603
10426,0.1278594
10427,0.034710057
10428,0.09947057
10429,0.2535379
10430,0.026544059
10431,0.04283225
10432,1.0
10433,0.84899473
10434,0.6332136
10435,0.0
10436,0.026229972
10437,0.020220788
10438,0.051072564
10439,0.40192622
10440,0.09180171
10441,0.069710426
10442,0.022128176
10443,0.12773396
10444,0.12102207
10445,0.07709261
10446,0.01485707
10447,0.38235846
10448,0.0053140963
10449,0.034961164
10450,0.14279617
10451,0.124731146
10452,0.108837344
10453,0.061275285
10454,0.22093557
10455,0.15457736
10456,0.0043503013
10457,0.016219294
10458,0.3813268
10459,0.10897753
10460,0.10081976
10461,0.99353874
10462,0.8294394
10463,0.6681604
10464,0.012364806
10465,0.06769709
10466,0.027649283
10467,0.18909472
10468,0.0917606
10469,0.23716433
10470,0.046721518
10471,0.06912275
10472,0.039672688
10473,0.09660319
10474,0.10931453
10475,0.16259485
10476,0.15956019
10477,0.47351283
10478,0.39072657
10479,0.2559921
10480,0.14641568
10481,0.12738584
10482,0.113710865
10483,0.100555055
10484,0.06189186
10485,0.0574854
10486,0.13899946
10487,0.2320551
10488,0.09878791
10489,0.09360176
10490,0.026354933
10491,0.95573545
10492,0.98534137
10493,0.9796033
10494,0.08799918
10495,0.03855399
10496,0.15717825
10497,0.24086283
10498,0.026473956
10499,0.02744
10500,0.03353425
10501,0.064077884
10502,0.12468693
10503,0.061595283
10504,0.39349258
10505,0.82418466
10506,0.12597494
10507,0.14319442
10508,0.11229627
10509,0.19000791
10510,0.08091829
10511,0.39705622
10512,0.12719066
10513,0.028102078
10514,0.09832431
10515,0.10685372
10516,0.07730802
10517,0.044911835
10518,0.04211867
10519,0.39546412
10520,0.41375458
10521,0.23032966
10522,0.06818857
10523,0.022753958
10524,0.07766325
10525,0.09213865
10526,0.37999898
10527,0.03502635
10528,0.05998166
10529,0.05395375
10530,0.03231976
10531,0.06518338
10532,0.071633846
10533,0.3996686
10534,0.7149975
10535,0.39006573
10536,0.28610104
10537,0.14372432
10538,0.28223166
10539,0.16582629
10540,0.51781666
10541,0.06683009
10542,0.02909598
10543,0.036854845
10544,0.05300459
10545,0.13091181
10546,0.1666811
10547,0.10183829
10548,0.3203163
10549,0.3934013
10550,0.24483997
10551,0.99500567
10552,0.14868893
10553,0.23028156
10554,0.2388614
10555,0.033383314
10556,0.2774168
10557,0.08913108
10558,0.048827395
10559,0.06632082
10560,0.079525225
10561,0.247131
10562,0.41197956
10563,0.40261674
10564,0.4520798
10565,0.41272798
10566,0.17808817
10567,0.23606068
10568,0.24929123
10569,0.012637462
10570,0.14746723
10571,0.09562831
10572,0.06604911
10573,0.3903579
10574,0.19919981
10575,0.069256075
10576,0.55041486
10577,0.37242046
10578,0.0011572165
10579,0.08099859
10580,0.08583351
10581,0.08837386
10582,0.016916214
10583,0.040573437
10584,0.08470052
10585,0.12149446
10586,0.09558157
10587,0.24206701
10588,0.41111577
10589,0.84854877
10590,0.43033433
10591,0.4035704
10592,0.49869108
10593,0.09808312
10594,0.021247163
10595,0.079351574
10596,0.088994265
10597,0.12032222
10598,0.24124546
10599,0.06393445
10600,0.02500041
10601,0.09245952
10602,0.13003635
10603,0.023748046
10604,0.035684694
10605,0.08314568
10606,0.031229204
10607,0.017701311
10608,0.057758413
10609,0.03006505
10610,0.0132151535
10611,0.04165245
10612,0.07699654
10613,0.08550171
10614,0.1286253
10615,0.38220382
10616,0.24773006
10617,0.40620333
10618,0.69820136
10619,0.6952879
10620,0.39127296
10621,0.13919224
10622,0.0007397643
10623,0.054600827
10624,0.077717066
10625,0.10881772
10626,0.02084162
10627,0.0014551139
10628,0.0452847
10629,0.7917697
10630,0.041678213
10631,0.01789559
10632,0.1419984
10633,0.048756883
10634,0.09768923
10635,0.038318865
10636,0.07287718
10637,0.017999414
10638,0.06330191
10639,0.031305727
10640,0.025895776
10641,0.06416992
10642,0.12652619
10643,0.1391362
10644,0.47710872
10645,0.39719775
10646,0.14546213
10647,0.8641258
10648,0.41392627
10649,0.37676737
10650,0.31111822
10651,0.059294015
10652,0.029391205
10653,0.04352892
10654,0.04852431
10655,0.05964648
10656,0.03952685
10657,0.09562478
10658,0.3966127
10659,0.11031919
10660,0.40214276
10661,0.09775405
10662,0.082751885
10663,0.09360272
10664,0.14076844
10665,0.1264168
10666,0.04837337
10667,0.028881352
10668,0.063652724
10669,0.13606885
10670,0.7617569
10671,0.3948273
10672,0.44996542
10673,0.39079356
10674,0.26288602
10675,0.17567246
10676,0.084796205
10677,0.028029937
10678,0.013882363
10679,0.06564484
10680,0.022736955
10681,0.11542637
10682,0.08651659
10683,0.11369732
10684,0.3982798
10685,0.02953621
10686,0.06483573
10687,0.0034798246
10688,0.22963105
10689,0.03933652
10690,0.12702797
10691,0.1423698
10692,0.038312353
10693,0.2658781
10694,0.23695277
10695,0.103753805
10696,0.11187908
10697,0.032460142
10698,0.12954332
10699,0.08849831
10700,0.037295222
10701,0.15468425
10702,0.09369049
10703,0.047327936
10704,0.004313198
10705,0.23701997
10706,0.017988801
10707,0.0052374746
10708,0.02010054
10709,0.0932242
10710,0.0042870888
10711,0.045783274
10712,0.06928948
10713,0.1503261
10714,0.0544805
10715,0.069431685
10716,0.0
10717,0.07677308
10718,0.15777533
10719,0.4047769
10720,0.37718958
10721,0.07263756
10722,0.0035990444
10723,0.012839503
10724,0.02202393
10725,0.01187365
10726,0.046530485
10727,0.015576915
10728,0.09126293
10729,0.17052543
10730,0.010939324
10731,0.02662516
10732,0.028492087
10733,0.030852973
10734,0.012604518
10735,0.013048165
10736,0.108476065
10737,0.11205469
10738,0.4003991
10739,0.014798788
10740,0.017783156
10741,0.12190117
10742,0.092484035
10743,0.1485071
10744,0.38044536
10745,0.08250783
10746,0.016129712
10747,0.087118596
10748,0.04355679
10749,0.019711548
10750,0.07366622
10751,0.14357917
10752,0.06863758
10753,0.013548566
10754,0.0045776265
10755,0.018161615
10756,0.0072176927
10757,0.20417528
10758,0.015492942
10759,0.035476934
10760,0.13131568
10761,0.08423917
10762,0.064263724
10763,0.030286586
10764,0.05330536
10765,0.09712115
10766,0.31199774
10767,0.047663316
10768,0.002436692
10769,0.018083977
10770,0.05482
10771,0.059250258
10772,0.07284315
10773,0.23304535
10774,0.074545205
10775,0.25797763
10776,0.08936806
10777,0.042258155
10778,0.06284481
10779,0.049638472
10780,0.031941015
10781,0.38474426
10782,0.089946635
10783,0.028613692
10784,0.097382665
10785,0.08777605
10786,0.0
10787,0.00901177
10788,0.40937933
10789,0.7363074
10790,0.22921056
10791,0.07261852
10792,0.07495316
10793,0.07323723
10794,0.03493576
10795,0.09492343
10796,0.089444086
10797,0.09756976
10798,0.9318365
10799,0.01794926
10800,0.07613374
10801,0.0765372
10802,0.07618225
10803,0.0126832
10804,0.050085757
10805,0.12547992
10806,0.39004067
10807,0.07862515
10808,0.14821064
10809,0.015116684
10810,0.037142154
10811,0.036184765
10812,0.12791821
10813,0.046395358
10814,0.035739623
10815,0.07893407
10816,0.048590716
10817,0.06910528
10818,0.027455227
10819,0.10550496
10820,0.045852594
10821,0.047206607
10822,0.01726959
10823,0.039114382
10824,0.07323727
10825,0.08825413
10826,0.029562386
10827,0.038306642
10828,0.06729274
10829,0.61844003
10830,0.14882505
10831,0.08898447
10832,0.048023343
10833,0.053138804
10834,0.085955285
10835,0.08413013
10836,0.01456954
10837,0.030472616
10838,0.4302853
10839,0.03979361
10840,0.0050099185
10841,0.045843914
10842,0.115830064
10843,0.12142805
10844,0.06544006
10845,0.030754859
10846,0.04749237
10847,0.38684794
10848,0.020289125
10849,0.033165317
10850,0.01689368
10851,0.07357547
10852,0.057904117
10853,0.0023350467
10854,0.14927687
10855,0.11060814
10856,0.0054212348
10857,0.009179552
10858,0.06928961
10859,0.14042279
10860,0.091186576
10861,0.074039906
10862,0.056288816
10863,0.027340127
10864,0.077463776
10865,0.067854814
10866,0.14473513
10867,0.13002491
10868,0.007025909
10869,0.010043694
10870,0.018934239
10871,0.010306019
10872,0.016407063
10873,0.014804941
10874,0.027929537
10875,0.008656189
10876,0.0034588047
10877,0.01766392
10878,0.013956521
10879,0.0071381447
10880,0.065103635
10881,0.03708782
10882,0.07392647
10883,0.13277064
10884,0.010280591
10885,0.014248782
10886,0.12810332
10887,0.25632298
10888,0.02209004
10889,0.012880864
10890,0.04414229
10891,0.012803796
10892,0.015315476
10893,0.031214047
10894,0.03640688
10895,0.021089097
10896,0.022545373
10897,0.047765944
10898,0.009702439
10899,0.002982933
10900,0.008432907
10901,0.056384724
10902,0.02649514
10903,0.03176175
10904,0.063930586
10905,0.0063765463
10906,0.13958009
10907,0.044073377
10908,0.07316638
10909,0.011400121
10910,0.0028519735
10911,0.038452372
10912,0.005864892
10913,0.08302566
10914,0.018406317
10915,0.0077936156
10916,0.0
10917,0.0016005244
10918,0.0048213117
10919,0.24682702
10920,0.04954094
10921,0.10368583
10922,0.063759364
10923,0.0
10924,0.0014575251
10925,0.008610701
10926,0.13183834
10927,0.039197244
10928,0.012208419
10929,0.10401233
10930,0.022932304
10931,0.084357195
10932,0.014742059
10933,0.23747218
10934,0.019980973
10935,0.03618282
10936,0.033196118
10937,0.024929326
10938,0.001355591
10939,0.013552859
10940,0.0027132113
10941,0.0143729
10942,0.010138772
10943,0.04925104
10944,0.011989259
10945,0.04396052
10946,0.100943655
10947,0.04563183
10948,0.23174222
10949,0.018396495
10950,0.021976363
10951,0.0040402724
10952,0.02109747
10953,0.025378503
10954,0.08609933
10955,0.0394211
10956,0.03132629
10957,0.014994018
10958,0.009793638
10959,0.019658584
10960,0.008060822
10961,0.036105707
10962,0.10860955
10963,0.16744044
10964,0.06384637
10965,0.036440987
10966,0.038889717
10967,0.061409835
10968,0.06454501
10969,0.025836645
10970,0.020269841
10971,0.037283715
10972,0.061860982
10973,0.023752209
10974,0.09499164
10975,0.06030308
10976,0.03160997
10977,0.04256616
10978,0.086972505
10979,0.053031933
10980,0.07813495
10981,0.25117669
10982,0.37856254
10983,0.037132207
10984,0.061423346
10985,0.008924683
10986,0.310186
10987,0.041058443
10988,0.20078935
10989,0.11864738
10990,0.14331941
10991,0.0715562
10992,0.0
10993,0.0016681203
10994,0.050594237
10995,0.13526133
10996,0.04357998
10997,0.6841012
10998,0.24104968
10999,0.007863494
11000,0.14082745
11001,0.07141628
11002,0.029647408
11003,0.03136469
11004,0.085660376
11005,0.048482135
11006,0.015549228
11007,0.007963944
11008,0.04202961
11009,0.118677616
11010,0.1433345
11011,0.48247692
11012,0.4290049
11013,0.05703323
11014,0.13101916
11015,0.0032768634
11016,0.24005508
11017,0.19078818
11018,0.017035382
11019,0.0630052
11020,0.06886259
11021,0.06457741
11022,0.14253029
11023,0.42372602
11024,0.078394204
11025,0.24036771
11026,0.5602095
11027,0.14910144
11028,0.4102437
11029,0.07633432
11030,0.507604
11031,0.054941654
11032,0.07483356
11033,0.0632127
11034,0.045150567
11035,0.037517034
11036,0.07465425
11037,0.070762336
11038,0.030936511
11039,0.04758498
11040,0.29486132
11041,0.08970664
11042,0.03469922
11043,0.078323536
11044,0.09266778
11045,0.025201205
11046,0.031329572
11047,0.0027378115
11048,0.0118946815
11049,0.08862249
11050,0.02026369
11051,0.10719349
11052,0.23553526
11053,0.17561752
11054,0.015760515
11055,0.04420465
11056,0.06543472
11057,0.053247225
11058,0.040312007
11059,0.018102063
11060,0.55939066
11061,0.11390208
11062,0.06443322
11063,0.3771406
11064,0.40062013
11065,0.07267268
11066,0.051751822
11067,0.008272356
11068,0.021663764
11069,0.0056132106
11070,0.054649685
11071,0.011512257
11072,0.080421954
11073,0.09728896
11074,0.12481794
11075,0.19364467
11076,0.452082
11077,0.0003299414
11078,0.09087389
11079,0.06887426
11080,0.019041732
11081,0.010585781
11082,0.027804002
11083,0.023046516
11084,0.049878612
11085,0.247338
11086,0.023554014
11087,0.06280581
11088,0.0014273582
11089,0.016540768
11090,0.061970234
11091,0.040097844
11092,0.13318998
11093,0.4077582
11094,0.020281082
11095,0.07474743
11096,0.024158407
11097,0.023620814
11098,0.04841902
11099,0.089686796
11100,0.020215938
11101,0.0064499
11102,0.028621588
11103,0.03404696
11104,0.13072005
11105,0.143915
11106,0.10377551
11107,0.08898335
11108,0.09055653
11109,0.027896758
11110,0.062380366
11111,0.065594494
11112,0.065624066
11113,0.12011035
11114,0.09573417
11115,0.13178882
11116,0.025050193
11117,0.052065797
11118,0.046300504
11119,0.044183705
11120,0.055714756
11121,0.065253995
11122,0.02660422
11123,0.104277045
11124,0.18468381
11125,0.23270966
11126,0.052807093
11127,0.04147337
11128,0.041369695
11129,0.082872406
11130,0.04839841
11131,0.008623513
11132,0.083245605
11133,0.035452478
11134,0.25069556
11135,0.042149566
11136,0.039215542
11137,0.05836997
11138,0.088929005
11139,0.102923706
11140,0.23779514
11141,0.1988621
11142,0.2352258
11143,0.07692728
11144,0.066713184
11145,0.029582314
11146,0.0788653
11147,0.09412086
11148,0.016128726
11149,0.08419384
11150,0.06087134
11151,0.44564065
11152,0.122095
11153,0.022340205
11154,0.016686903
11155,0.107199565
11156,0.05111018
11157,0.05082095
11158,0.01984408
11159,0.013895169
11160,0.102129176
11161,0.013743142
11162,0.035847124
11163,0.04328122
11164,0.14174244
11165,0.0741234
11166,0.081581205
11167,0.08734536
11168,0.123189434
11169,0.238377
11170,0.38145834
11171,0.112918094
11172,0.036033764
11173,0.100943126
11174,0.027853422
11175,0.07234271
11176,0.0030007432
11177,0.0012993084
11178,0.08640391
11179,0.038587213
11180,0.13495153
11181,0.076987535
11182,0.1295566
11183,0.04170698
11184,0.07835755
11185,0.023583898
11186,0.019471811
11187,0.13612624
11188,0.016230986
11189,0.03860737
11190,0.051609635
11191,0.0130957095
11192,0.04635504
11193,0.05940716
11194,0.07541473
11195,0.114581
11196,0.15837267
11197,0.1320168
11198,0.24757442
11199,0.13697203
11200,0.14997023
11201,0.013554417
11202,0.12763692
11203,0.019349132
11204,0.08809073
11205,0.015526394
11206,0.03885234
11207,0.11520918
11208,0.045011718
11209,0.025270384
11210,0.06963648
11211,0.030881304
11212,0.071062125
11213,0.08665753
11214,0.035298888
11215,0.057042547
11216,0.02478987
11217,0.029122887
11218,0.09091254
11219,0.033212114
11220,0.06845286
11221,0.09607052
11222,0.10093557
11223,0.18044646
11224,0.32408574
11225,0.1131907
11226,0.10502072
11227,0.08828657
11228,0.12576619
11229,0.10063164
11230,0.10976674
11231,0.08458573
11232,0.008071427
11233,0.012259796
11234,0.017283859
11235,0.3794784
11236,0.08000143
11237,0.082034625
11238,0.057756297
11239,0.09259394
11240,0.017381227
11241,0.023818444
11242,0.03148098
11243,0.07359409
11244,0.33203548
11245,0.07543923
11246,0.06291303
11247,0.13391523
11248,0.6915167
11249,0.09631136
11250,0.02431633
11251,0.2487025
11252,0.0914535
11253,0.23942141
11254,0.27759102
11255,0.09518522
11256,0.01912302
11257,0.052784186
11258,0.043583248
11259,0.10088414
11260,0.14757681
11261,0.057691388
11262,0.16250995
11263,0.09135888
11264,0.054941867
11265,0.0073060724
11266,0.013116278
11267,0.038256954
11268,0.05904573
11269,0.06815517
11270,0.11275739
11271,0.028037732
11272,0.13673742
11273,0.13846615
11274,0.14554642
11275,0.124957435
11276,0.06602309
11277,0.1322996
11278,0.24064124
11279,0.2500379
11280,0.06751595
11281,0.0036467246
11282,0.0946934
11283,0.027779771
11284,0.07138276
11285,0.47678515
11286,0.052679423
11287,0.05015917
11288,0.38020346
11289,0.23959373
11290,0.009945194
11291,0.075273424
11292,0.08679255
11293,0.18506537
11294,0.2578348
11295,0.011314238
11296,0.11064611
11297,0.076906785
11298,0.13337846
11299,0.13675945
11300,0.16468854
11301,0.17675523
11302,0.37188464
11303,0.13302188
11304,0.06033381
11305,0.08232299
11306,0.06217127
11307,0.27405465
11308,0.92799973
11309,0.0023159771
11310,0.049972195
11311,0.37521747
11312,0.025757957
11313,0.057140507
11314,0.25798303
11315,0.02727523
11316,0.084994905
11317,0.11799992
11318,0.024606442
11319,0.0821889
11320,0.008181582
11321,0.3652516
11322,0.053589974
11323,0.11397988
11324,0.2453731
11325,0.13350597
11326,0.24694328
11327,0.37530977
11328,0.30891767
11329,0.025240421
11330,0.1847727
11331,0.16509157
11332,0.23274118
11333,0.7839909
11334,0.32788745
11335,0.4069514
11336,0.02915028
11337,0.12932605
11338,0.056935705
11339,0.048620902
11340,0.02966849
11341,0.010507405
11342,0.015586303
11343,0.08544551
11344,0.0020949596
11345,0.010998247
11346,0.024557104
11347,0.0695266
11348,0.099296674
11349,0.13632812
11350,0.12966764
11351,0.098613985
11352,0.2225503
11353,0.2327044
11354,0.032756213
11355,0.09772674
11356,0.2493111
11357,0.027380452
11358,0.041286062
11359,0.9980554
11360,0.8043716
11361,0.5825819
11362,0.0
11363,0.026464455
11364,0.05209662
11365,0.3829193
11366,0.0935488
11367,0.06905317
11368,0.12563096
11369,0.11758516
11370,0.080038466
11371,0.015524325
11372,0.37560382
11373,0.00506916
11374,0.03576828
11375,0.14410831
11376,0.1336356
11377,0.11103921
11378,0.06739686
11379,0.2256256
11380,0.14791903
11381,0.015374214
11382,0.13785534
11383,0.11615686
11384,0.08808011
11385,1.0
11386,0.8134797
11387,0.6753174
11388,0.010536977
11389,0.065938875
11390,0.027435241
11391,0.24982613
11392,0.10718632
11393,0.24024297
11394,0.04329464
11395,0.0771184
11396,0.038634557
11397,0.0921135
11398,0.109767325
11399,0.15344195
11400,0.15011823
11401,0.43087286
11402,0.39950207
11403,0.25276873
11404,0.1477932
11405,0.1307051
11406,0.11297355
11407,0.094069004
11408,0.06095141
11409,0.05651822
11410,0.019794896
11411,0.13646194
11412,0.14606266
11413,0.09836406
11414,0.101908974
11415,0.028582888
11416,0.9330913
11417,0.95616734
11418,0.99746245
11419,0.0852632
11420,0.03952992
11421,0.15160882
11422,0.24801476
11423,0.025002062
11424,0.029851042
11425,0.03519666
11426,0.061632436
11427,0.12846269
11428,0.06081858
11429,0.3862769
11430,0.86091506
11431,0.12537968
11432,0.14383823
11433,0.11119461
11434,0.19013166
11435,0.080392316
11436,0.37961495
11437,0.12138459
11438,0.025035985
11439,0.095933
11440,0.11095537
11441,0.074696116
11442,0.0455452
11443,0.047016516
11444,0.30969855
11445,0.3681225
11446,0.15445028
11447,0.0731768
11448,0.023803717
11449,0.08059593
11450,0.10097277
11451,0.2590003
11452,0.034722727
11453,0.058006536
11454,0.05379571
11455,0.04936229
11456,0.035086192
11457,0.06514796
11458,0.07091251
11459,0.40489385
11460,0.66582626
11461,0.37552857
11462,0.22299874
11463,0.13103409
11464,0.20560582
11465,0.17007394
11466,0.50563943
11467,0.07117694
11468,0.027125057
11469,0.036469273
11470,0.050233983
11471,0.13150293
11472,0.15806463
11473,0.09199072
11474,0.39312664
11475,0.37126127
11476,0.24643642
11477,1.0
11478,0.15104762
11479,0.021741029
11480,0.14652918
11481,0.19748469
11482,0.021983173
11483,0.034317303
11484,0.19442321
11485,0.08987989
11486,0.048739433
11487,0.064443804
11488,0.08064945
11489,0.14168641
11490,0.40077102
11491,0.39409956
11492,0.47084588
11493,0.37811673
11494,0.18124594
11495,0.22969334
11496,0.24773146
11497,0.013486402
11498,0.037393715
11499,0.14334555
11500,0.09974374
11501,0.38425624
11502,0.19565992
11503,0.06923844
11504,0.52528393
11505,0.385355
11506,0.0
11507,0.08307965
11508,0.0868514
11509,0.08697485
11510,0.059688356
11511,0.0160109
11512,0.041327454
11513,0.088286184
11514,0.12337567
11515,0.09905748
11516,0.24435179
11517,0.38626647
11518,0.8460487
11519,0.43019006
11520,0.38675123
11521,0.49663198
11522,0.10517067
11523,0.089634314
11524,0.08966987
11525,0.11987035
11526,0.16589676
11527,0.06677817
11528,0.027563151
11529,0.09226101
11530,0.12818788
11531,0.023771621
11532,0.0013545594
11533,0.03875155
11534,0.08727655
11535,0.032257184
11536,0.06115276
11537,0.01219326
11538,0.041580714
11539,0.07075904
11540,0.08748453
11541,0.12892744
11542,0.25144535
11543,0.25402904
11544,0.39111647
11545,0.79366136
11546,0.6564879
11547,0.3845576
11548,0.14240623
11549,0.051238045
11550,0.07686788
11551,0.10544633
11552,0.020785794
11553,0.0
11554,0.042748597
11555,0.78314364
11556,0.04557095
11557,0.017555209
11558,0.08460507
11559,0.049172997
11560,0.10177746
11561,0.03790216
11562,0.07567895
11563,0.034576733
11564,0.026306732
11565,0.063980795
11566,0.1274197
11567,0.14197832
11568,0.47394595
11569,0.39772275
11570,0.14576738
11571,0.8109502
11572,0.4049286
11573,0.37686455
11574,0.20507117
11575,0.055680577
11576,0.030297665
11577,0.04455903
11578,0.05244724
11579,0.055654105
11580,0.041406382
11581,0.098584004
11582,0.3925209
11583,0.2168122
11584,0.38557202
11585,0.028579941
11586,0.08547968
11587,0.08495457
11588,0.13615309
11589,0.22499982
11590,0.04999875
11591,0.028116262
11592,0.00076414616
11593,0.066793844
11594,0.14521593
11595,0.74490106
11596,0.3904025
11597,0.44691738
11598,0.24063021
11599,0.38907042
11600,0.17015524
11601,0.0806946
11602,0.027863
11603,0.014306802
11604,0.008499167
11605,0.06748336
11606,0.025452098
11607,0.12014276
11608,0.082130626
11609,0.10195801
11610,0.21204765
11611,0.03034741
11612,0.06824344
11613,0.23168726
11614,0.03853027
11615,0.015576965
11616,0.12761456
11617,0.23427297
11618,0.036413487
11619,0.26224527
11620,0.18500097
11621,0.10367164
11622,0.11258519
11623,0.1343714
11624,0.09161241
11625,0.035829213
11626,0.1503784
11627,0.09979525
11628,0.048050165
11629,0.0034251334
11630,0.22704896
11631,0.0029610626
11632,0.024507245
11633,0.09332239
11634,0.071042836
11635,0.15066935
11636,0.05428781
11637,0.06725705
11638,0.073500924
11639,0.14827517
11640,0.38736805
11641,0.42410323
11642,0.07702219
11643,0.004785533
11644,0.020579332
11645,0.014137835
11646,0.049805522
11647,0.01625354
11648,0.089735486
11649,0.16885683
11650,0.02634366
11651,0.027512116
11652,0.03096831
11653,0.017135829
11654,0.010381679
11655,0.014504103
11656,0.1095667
11657,0.11190011
11658,0.3952057
11659,0.0133759715
11660,0.017070536
11661,0.049890704
11662,0.096759446
11663,0.15061645
11664,0.34836528
11665,0.08587386
11666,0.016328432
11667,0.094537154
11668,0.0072985925
11669,0.044945803
11670,0.07749582
11671,0.1340387
11672,0.070745885
11673,0.010876948
11674,0.0031979547
11675,0.017015878
11676,0.009369538
11677,0.20507221
11678,0.015765594
11679,0.035169568
11680,0.12566964
11681,0.086702
11682,0.06471353
11683,0.02896579
11684,0.05305544
11685,0.101178326
11686,0.37533516
11687,0.04293198
11688,0.008378022
11689,0.0022015418
11690,0.018030507
11691,0.056438174
11692,0.06005358
11693,0.07673245
11694,0.22396645
11695,0.076960616
11696,0.2555944
11697,0.092452265
11698,0.044574186
11699,0.010469775
11700,0.0668545
11701,0.05089068
11702,0.031379003
11703,0.38561395
11704,0.07979939
11705,0.028152328
11706,0.094906636
11707,0.08769646
11708,0.0
11709,0.0023120292
11710,0.40339226
11711,0.7184495
11712,0.13127607
11713,0.07193803
11714,0.08126344
11715,0.07379157
11716,0.035744034
11717,0.09803781
11718,0.09518183
11719,0.09651764
11720,0.8762527
11721,0.0798291
11722,0.07841702
11723,0.07824688
11724,0.015148156
11725,0.05373955
11726,0.120348275
11727,0.40830752
11728,0.080129564
11729,0.14343391
11730,0.015292603
11731,0.03756474
11732,0.037523564
11733,0.13305096
11734,0.046385426
11735,0.035066444
11736,0.0066332277
11737,0.0820514
11738,0.04661459
11739,0.012730741
11740,0.02708913
11741,0.07115651
11742,0.10094277
11743,0.049989484
11744,0.019213244
11745,0.03740341
11746,0.08018742
11747,0.08850555
11748,0.030617157
11749,0.07279756
11750,0.6098105
11751,0.16363853
11752,0.09058322
11753,0.006055491
11754,0.055037923
11755,0.052327637
11756,0.088652916
11757,0.08750137
11758,0.016719611
11759,0.029814126
11760,0.3418245
11761,0.041172445
11762,0.04429374
11763,0.11882624
11764,0.01900836
11765,0.23790047
11766,0.068911634
11767,0.032936063
11768,0.047424123
11769,0.36552382
11770,0.021968914
11771,0.018130597
11772,0.0076544806
11773,0.03027342
11774,0.015566296
11775,0.0731716
11776,0.010495145
11777,0.058440875
11778,0.14390716
11779,0.110851444
11780,0.018514086
11781,0.013811585
11782,0.071424745
11783,0.13999417
11784,0.09731055
11785,0.07784248
11786,0.057405714
11787,0.029284138
11788,0.07793767
11789,0.12561052
11790,0.13751006
11791,0.12794878
11792,0.005930402
11793,0.00872773
11794,0.05734081
11795,0.020827886
11796,0.009979428
11797,0.016240753
11798,0.01588868
11799,0.00985114
11800,0.0028749364
11801,0.016681192
11802,0.017567812
11803,0.008990808
11804,0.07298726
11805,0.03533095
11806,0.07005464
11807,0.1328954
11808,0.011039458
11809,0.12502831
11810,0.011659239
11811,0.19881248
11812,0.011045994
11813,0.020387936
11814,0.04622499
11815,0.013524893
11816,0.016318891
11817,0.03200256
11818,0.037235565
11819,0.022257207
11820,0.021627441
11821,0.048113197
11822,0.010101157
11823,0.0076936414
11824,0.053845722
11825,0.027168589
11826,0.03626781
11827,0.016817695
11828,0.06637221
11829,0.021252261
11830,0.015578585
11831,0.009245032
11832,0.14496423
11833,0.042960163
11834,0.07638127
11835,0.010613193
11836,0.005573523
11837,0.0134144
11838,0.03655669
11839,0.0044154613
11840,0.017742435
11841,0.08372288
11842,0.020059122
11843,0.23529756
11844,0.050559305
11845,0.10010453
11846,0.062741995
11847,0.008944479
11848,0.12594512
11849,0.039008286
11850,0.014641665
11851,0.0
11852,0.099643774
11853,0.022733038
11854,0.09082432
11855,0.14777571
11856,0.019688398
11857,0.0353673
11858,0.032421734
11859,0.02484166
11860,0.0065413946
11861,0.015868014
11862,0.0041931886
11863,0.013330964
11864,0.047509156
11865,0.011962084
11866,0.04447046
11867,0.10730612
11868,0.05610098
11869,0.003837528
11870,0.22903423
11871,0.022158692
11872,0.014473011
11873,0.024859192
11874,0.0048166695
11875,0.023730487
11876,0.081403896
11877,0.04031474
11878,0.014755841
11879,0.030187495
11880,0.012746468
11881,0.02253035
11882,0.03526785
11883,0.09933222
11884,0.24341047
11885,0.0044722003
11886,0.071921535
11887,0.042126942
11888,0.025608812
11889,0.03437323
11890,0.0558263
11891,0.058202554
11892,0.026448067
11893,0.032886535
11894,0.03833599
11895,0.01991029
11896,0.07870659
11897,0.047019772
11898,0.029547421
11899,0.005549758
11900,0.046036582
11901,0.086417764
11902,0.04718362
11903,0.057507694
11904,0.1512201
11905,0.37353098
11906,0.06149589
11907,0.06608046
11908,0.39398897
11909,0.037099086
11910,0.2830313
11911,0.113721766
11912,0.23771979
11913,0.06097964
11914,0.000224946
11915,0.046629827
11916,0.124755844
11917,0.03879559
11918,0.6874829
11919,0.24709071
11920,0.05972646
11921,0.14645289
11922,0.07551178
11923,0.026218804
11924,0.07938093
11925,0.044543453
11926,0.015626458
11927,0.0069410577
11928,0.03100182
11929,0.119301975
11930,0.13598166
11931,0.46046454
11932,0.42138493
11933,0.060127612
11934,0.12472917
11935,0.0069541372
11936,0.23070362
11937,0.27885258
11938,0.0042916415
11939,0.01973149
11940,0.05708413
11941,0.061848782
11942,0.06202902
11943,0.130729
11944,0.3861871
11945,0.07477979
11946,0.2360924
11947,0.50498545
11948,0.15453438
11949,0.007337182
11950,0.43081722
11951,0.07773288
11952,0.46696016
11953,0.05286477
11954,0.07883984
11955,0.0726795
11956,0.04009069
11957,0.03559368
11958,0.082804404
11959,0.0677135
11960,0.02064203
11961,0.04810278
11962,0.3827758
11963,0.09702856
11964,0.03379401
11965,0.08000991
11966,0.09450483
11967,0.023868542
11968,0.028650384
11969,0.0023868377
11970,0.011066134
11971,0.090035506
11972,0.106351756
11973,0.13702214
11974,0.041931443
11975,0.27084243
11976,0.019646632
11977,0.039479695
11978,0.050450385
11979,0.032916885
11980,0.018208502
11981,0.495462
11982,0.1120527
11983,0.05964216
11984,0.31838274
11985,0.42120877
11986,0.003292776
11987,0.074137494
11988,0.049858402
11989,0.016487455
11990,0.008099572
11991,0.01971119
11992,0.014995013
11993,0.006303463
11994,0.05206912
11995,0.0034322755
11996,0.009981589
11997,0.08635119
11998,0.093759365
11999,0.11539372
12000,0.19108732
12001,0.43847188
12002,0.017065655
12003,0.01686874
12004,0.064033285
12005,0.022890778
12006,0.011842306
12007,0.030353269
12008,0.021814065
12009,0.04822471
12010,0.24425857
12011,0.021165617
12012,0.061135553
12013,0.016021408
12014,0.05038085
12015,0.060336355
12016,0.12964186
12017,0.42138776
12018,0.0065747914
12019,0.021737598
12020,0.069421925
12021,0.02239121
12022,0.022157272
12023,0.047040705
12024,0.091227226
12025,0.019700406
12026,0.026686285
12027,0.02298965
12028,0.12884398
12029,0.15049306
12030,0.103713565
12031,0.082995854
12032,0.102067344
12033,0.02432451
12034,0.06262856
12035,0.060968313
12036,0.06422829
12037,0.12287417
12038,0.09611015
12039,0.2014481
12040,0.02240169
12041,0.05384215
12042,0.049241226
12043,0.04289119
12044,0.05648135
12045,0.06415755
12046,0.0011455216
12047,0.024791095
12048,0.10508477
12049,0.18543068
12050,0.23419821
12051,0.0528399
12052,0.04117033
12053,0.042105135
12054,0.09682736
12055,0.047747813
12056,0.0055796076
12057,0.081638366
12058,0.010284114
12059,0.036232814
12060,0.18627788
12061,0.040682536
12062,0.03804145
12063,0.059587438
12064,0.08174728
12065,0.1010441
12066,0.23291661
12067,0.20396587
12068,0.23734592
12069,0.076862164
12070,0.06384044
12071,0.029347654
12072,0.081721924
12073,0.09746165
12074,0.092862755
12075,0.059152704
12076,0.44118953
12077,0.123267606
12078,0.019461136
12079,0.09656781
12080,0.051725138
12081,0.04923108
12082,0.019477235
12083,0.014735451
12084,0.10101628
12085,0.013207795
12086,0.03404794
12087,0.04200108
12088,0.13548404
12089,0.07225215
12090,0.08267964
12091,0.08897325
12092,0.12497213
12093,0.23080914
12094,0.38797274
12095,0.10529949
12096,0.036187235
12097,0.11178775
12098,0.025497606
12099,0.07024916
12100,0.020830892
12101,0.0
12102,0.08234918
12103,0.037922233
12104,0.13375229
12105,0.08042756
12106,0.1297711
12107,0.039550498
12108,0.07520114
12109,0.02177996
12110,0.13879299
12111,0.016083041
12112,0.04189169
12113,0.052389313
12114,0.038188074
12115,0.005058955
12116,0.010905938
12117,0.046406973
12118,0.05873611
12119,0.07744002
12120,0.10902928
12121,0.14948712
12122,0.1283448
12123,0.24417724
12124,0.23303251
12125,0.15127264
12126,0.013362004
12127,0.13080509
12128,0.018372426
12129,0.09469965
12130,0.034614857
12131,0.12197702
12132,0.040079758
12133,0.02625881
12134,0.06968754
12135,0.02917286
12136,0.015047446
12137,0.06854324
12138,0.08676974
12139,0.03211208
12140,0.056361664
12141,0.09090892
12142,0.030444827
12143,0.06588055
12144,0.08965106
12145,0.10927942
12146,0.17277828
12147,0.32236207
12148,0.11059701
12149,0.10555319
12150,0.083604485
12151,0.12479246
12152,0.097910024
12153,0.10690299
12154,0.08064077
12155,0.017402355
12156,0.36098504
12157,0.07952091
12158,0.08044616
12159,0.051088292
12160,0.09706794
12161,0.017193362
12162,0.022134997
12163,0.03039261
12164,0.069401994
12165,0.3143704
12166,0.076652385
12167,0.06103089
12168,0.13163249
12169,0.6044136
12170,0.09457644
12171,0.022591636
12172,0.25252852
12173,0.09038406
12174,0.19577019
12175,0.2816952
12176,0.09861898
12177,0.016987978
12178,0.052024197
12179,0.097633794
12180,0.14571081
12181,0.05357813
12182,0.15646143
12183,0.09514864
12184,0.0539441
12185,0.0056020236
12186,0.035226673
12187,0.058139518
12188,0.06582649
12189,0.11033066
12190,0.030789109
12191,0.13773392
12192,0.1367379
12193,0.13681118
12194,0.12099096
12195,0.063051276
12196,0.13121624
12197,0.18039274
12198,0.25577304
12199,0.06727931
12200,0.103473425
12201,0.02740728
12202,0.07336652
12203,0.49092597
12204,0.050672404
12205,0.043544345
12206,0.3825465
12207,0.243187
12208,0.0069440203
12209,0.0834811
12210,0.08579462
12211,0.24752104
12212,0.24551068
12213,0.10887862
12214,0.07567653
12215,0.23459505
12216,0.27868804
12217,0.16389835
12218,0.17579111
12219,0.37799427
12220,0.12953195
12221,0.05925468
12222,0.08373787
12223,0.0604825
12224,0.2773761
12225,0.94618535
12226,0.0038603477
12227,0.049772765
12228,0.4004916
12229,0.026282419
12230,0.056368764
12231,0.25435293
12232,0.025484174
12233,0.08113151
12234,0.115592316
12235,0.024388066
12236,0.07940785
12237,0.004821756
12238,0.39524895
12239,0.05057033
12240,0.10960195
12241,0.23986477
12242,0.13153827
12243,0.24775231
12244,0.37801698
12245,0.32095164
12246,0.025244217
12247,0.2459382
12248,0.09880543
12249,0.22700097
12250,0.7919699
12251,0.4039254
12252,0.30978134
12253,0.027053487
12254,0.22244824
12255,0.042805914
12256,0.030487638
12257,0.005998813
12258,0.08593027
12259,0.0033555548
12260,0.008324529
12261,0.022761233
12262,0.06382876
12263,0.09980245
12264,0.1311132
12265,0.134118
12266,0.10630309
12267,0.24264707
12268,0.22954412
12269,0.031953543
12270,0.096925296
12271,0.18332079
12272,0.042791404
12273,0.9945374
12274,0.8123507
12275,0.5534282
12276,0.026159203
12277,0.018142244
12278,0.047827516
12279,0.37216228
12280,0.09402804
12281,0.067728914
12282,0.020059125
12283,0.12454581
12284,0.12125969
12285,0.077800415
12286,0.012991496
12287,0.37642372
12288,0.0031120472
12289,0.03608774
12290,0.14270593
12291,0.13408563
12292,0.11309868
12293,0.06648483
12294,0.22459748
12295,0.14395513
12296,0.016817212
12297,0.23211809
12298,0.11495757
12299,0.09307865
12300,1.0
12301,0.76845884
12302,0.6418447
12303,0.06445751
12304,0.024913816
12305,0.012654378
12306,0.35868666
12307,0.09937165
12308,0.36374274
12309,0.045703147
12310,0.07210163
12311,0.03863786
12312,0.09904407
12313,0.10774583
12314,0.15651006
12315,0.15490247
12316,0.45712623
12317,0.39894238
12318,0.24691541
12319,0.23912026
12320,0.124247156
12321,0.11262573
12322,0.10377446
12323,0.060205914
12324,0.055033576
12325,0.016622875
12326,0.13377224
12327,0.13950473
12328,0.10253694
12329,0.10903643
12330,0.02700015
12331,0.93167025
12332,1.0
12333,0.991112
12334,0.08674792
12335,0.038041946
12336,0.3835882
12337,0.040504333
12338,0.2600417
12339,0.021809151
12340,0.008484736
12341,0.02643933
12342,0.060028337
12343,0.12333234
12344,0.059256546
12345,0.38137138
12346,0.8270869
12347,0.12369286
12348,0.14783455
12349,0.10749546
12350,0.18844073
12351,0.0830742
12352,0.37887853
12353,0.12503842
12354,0.025814377
12355,0.091185875
12356,0.10588597
12357,0.081212856
12358,0.046085123
12359,0.044082463
12360,0.39247674
12361,0.29040202
12362,0.23580748
12363,0.07097014
12364,0.08043785
12365,0.089456946
12366,0.24654834
12367,0.033090636
12368,0.059492517
12369,0.05172661
12370,0.034480456
12371,0.06673674
12372,0.07173305
12373,0.41064125
12374,0.65059483
12375,0.38832706
12376,0.2797958
12377,0.13828896
12378,0.2698726
12379,0.23679553
12380,0.49334568
12381,0.06853295
12382,0.027055576
12383,0.035039153
12384,0.052156895
12385,0.13163827
12386,0.1713735
12387,0.20933525
12388,0.32603675
12389,0.25851727
12390,0.24141277
12391,1.0
12392,0.16153215
12393,0.018325329
12394,0.23076797
12395,0.23237148
12396,0.03477036
12397,0.19037865
12398,0.088970944
12399,0.04758119
12400,0.06382498
12401,0.07944157
12402,0.230649
12403,0.3782475
12404,0.30345207
12405,0.46831658
12406,0.29325876
12407,0.17940512
12408,0.15175614
12409,0.36834064
12410,0.011611022
12411,0.14311285
12412,0.09940617
12413,0.07357162
12414,0.38966918
12415,0.262549
12416,0.07813682
12417,0.5140854
12418,0.3812936
12419,0.08935538
12420,0.09113695
12421,0.09031653
12422,0.05746336
12423,0.008803392
12424,0.014763023
12425,0.03865804
12426,0.08310968
12427,0.12258974
12428,0.09366866
12429,0.16864748
12430,0.40369043
12431,0.80742043
12432,0.4059487
12433,0.3868736
12434,0.51960003
12435,0.108710915
12436,0.087036565
12437,0.08965556
12438,0.12483799
12439,0.17713383
12440,0.062480118
12441,0.023235736
12442,0.0934933
12443,0.13042554
12444,0.0
12445,0.03694716
12446,0.08908266
12447,0.035017107
12448,0.061522342
12449,0.028223705
12450,0.02170925
12451,0.007763638
12452,0.0085507445
12453,0.04021992
12454,0.07491618
12455,0.0850313
12456,0.123742625
12457,0.24738942
12458,0.24274139
12459,0.3965557
12460,0.7309732
12461,0.6320386
12462,0.3804165
12463,0.13916063
12464,0.05389945
12465,0.05412576
12466,0.075284675
12467,0.11143048
12468,0.020106317
12469,0.043862626
12470,0.81130344
12471,0.043017857
12472,0.08225259
12473,0.049761888
12474,0.11439929
12475,0.037273955
12476,0.076528676
12477,0.01525599
12478,0.066692755
12479,0.0345828
12480,0.022803808
12481,0.060391933
12482,0.12686233
12483,0.13897395
12484,0.45335656
12485,0.3717266
12486,0.14094195
12487,0.8389989
12488,0.39639884
12489,0.40271908
12490,0.18929982
12491,0.0050803954
12492,0.058068484
12493,0.029256158
12494,0.04412534
12495,0.05500078
12496,0.054391976
12497,0.041718166
12498,0.09225227
12499,0.39991063
12500,0.22109635
12501,0.37760454
12502,0.02704847
12503,0.0912166
12504,0.0854208
12505,0.14288701
12506,0.12422232
12507,0.048972815
12508,0.02298608
12509,0.0
12510,0.06522421
12511,0.14006126
12512,0.7081253
12513,0.18761201
12514,0.428843
12515,0.39225096
12516,0.39173615
12517,0.23861454
12518,0.08359022
12519,0.027419277
12520,0.01389839
12521,0.0
12522,0.06800262
12523,0.023418445
12524,0.11678543
12525,0.08970483
12526,0.10821247
12527,0.37074825
12528,0.030873323
12529,0.06223471
12530,0.36928213
12531,0.032923214
12532,0.018483749
12533,0.016375005
12534,0.01375203
12535,0.12819159
12536,0.13464777
12537,0.034571033
12538,0.2671173
12539,0.24290846
12540,0.09416177
12541,0.1122259
12542,0.02884868
12543,0.1311964
12544,0.09244471
12545,0.034914456
12546,0.14544228
12547,0.096826844
12548,0.047160644
12549,0.014657786
12550,0.004920704
12551,0.23282678
12552,0.019575639
12553,0.10027286
12554,0.04358125
12555,0.066015795
12556,0.14280525
12557,0.05381789
12558,0.06678705
12559,0.000854919
12560,0.07038169
12561,0.23066768
12562,0.3794649
12563,0.40184832
12564,0.07950086
12565,0.019848565
12566,0.0128957145
12567,0.045143675
12568,0.09622515
12569,0.17322801
12570,0.026603857
12571,0.026951851
12572,0.029800033
12573,0.017409708
12574,0.008738393
12575,0.10264442
12576,0.11085116
12577,0.37977865
12578,0.015197714
12579,0.017732117
12580,0.049039703
12581,0.092643686
12582,0.14975716
12583,0.36320287
12584,0.0813883
12585,0.018649267
12586,0.09205521
12587,0.04517332
12588,0.016877871
12589,0.07656382
12590,0.13507983
12591,0.068178326
12592,0.011006771
12593,0.0
12594,0.013586029
12595,0.007554651
12596,0.19943263
12597,0.013556048
12598,0.035483528
12599,0.13090427
12600,0.08730296
12601,0.0659222
12602,0.029855955
12603,0.051735975
12604,0.09675193
12605,0.3661726
12606,0.045563642
12607,0.0056509157
12608,0.018806802
12609,0.054201953
12610,0.057275396
12611,0.07420707
12612,0.1226354
12613,0.07881242
12614,0.25495857
12615,0.09102854
12616,0.039674576
12617,0.010504836
12618,0.06701723
12619,0.047823135
12620,0.030389518
12621,0.25893718
12622,0.0
12623,0.0905477
12624,0.027135808
12625,0.09713776
12626,0.08607197
12627,0.0
12628,0.0047843773
12629,0.39739606
12630,0.7514194
12631,0.12541853
12632,0.07244913
12633,0.081928715
12634,0.07790435
12635,0.033152767
12636,0.17967042
12637,0.096241735
12638,0.09730402
12639,0.9052067
12640,0.01497687
12641,0.07836376
12642,0.018791823
12643,0.07956158
12644,0.07863905
12645,0.012612867
12646,0.112869725
12647,0.407266
12648,0.07848706
12649,0.1383089
12650,0.013777493
12651,0.037905782
12652,0.010821379
12653,0.03539716
12654,0.124760486
12655,0.045121644
12656,0.0071140435
12657,0.03614574
12658,0.0075170477
12659,0.07796135
12660,0.04576143
12661,0.028737256
12662,0.071119756
12663,0.030087225
12664,0.11030951
12665,0.05297123
12666,0.016820144
12667,0.03775433
12668,0.081455916
12669,0.091929875
12670,0.03200396
12671,0.068295576
12672,0.621561
12673,0.15864062
12674,0.09202941
12675,0.050433423
12676,0.04920637
12677,0.084236994
12678,0.0841989
12679,0.014091219
12680,0.027937382
12681,0.33965245
12682,0.040294394
12683,0.0
12684,0.0078105493
12685,0.0063089365
12686,0.045322422
12687,0.12599261
12688,0.03868353
12689,0.12020585
12690,0.06771826
12691,0.026042916
12692,0.04528476
12693,0.36926857
12694,0.022043666
12695,0.016691728
12696,0.027473029
12697,0.069333486
12698,0.054887716
12699,0.13502806
12700,0.11108882
12701,0.024088744
12702,0.0085777175
12703,0.013221746
12704,0.066569775
12705,0.222236
12706,0.09075684
12707,0.08200787
12708,0.06118247
12709,0.02720831
12710,0.07908913
12711,0.014628707
12712,0.11855916
12713,0.22898091
12714,0.12960492
12715,0.00500254
12716,0.014898258
12717,0.010158614
12718,0.055259295
12719,0.018856993
12720,0.007192546
12721,0.015801325
12722,0.015427804
12723,0.026434671
12724,0.008870986
12725,0.019506902
12726,0.012339059
12727,0.008654818
12728,0.06873882
12729,0.034348097
12730,0.07139323
12731,0.13615462
12732,0.0041823178
12733,0.010406802
12734,0.008249434
12735,0.12192676
12736,0.19312903
12737,0.008998167
12738,0.019571232
12739,0.010668128
12740,0.04197404
12741,0.013596543
12742,0.015418291
12743,0.03172506
12744,0.036458343
12745,0.024252392
12746,0.019515557
12747,0.05102023
12748,0.0030110287
12749,0.005708456
12750,0.009369471
12751,0.052333575
12752,0.024981115
12753,0.029876973
12754,0.06140202
12755,0.019007297
12756,0.014707542
12757,0.0055757007
12758,0.13869925
12759,0.043716226
12760,0.0722146
12761,0.013023984
12762,0.0036745667
12763,0.011884894
12764,0.03181519
12765,0.0031776736
12766,0.014431549
12767,0.0774036
12768,0.016861664
12769,0.051412404
12770,0.17076138
12771,0.05232934
12772,0.10065927
12773,0.06351789
12774,0.124836326
12775,0.03908138
12776,0.012314833
12777,0.0
12778,0.098301694
12779,0.019711861
12780,0.09643215
12781,0.016610485
12782,0.14386556
12783,0.019013137
12784,0.026288388
12785,0.03910935
12786,0.03402807
12787,0.030747503
12788,0.02148917
12789,0.014480823
12790,0.0
12791,0.04767357
12792,0.010005819
12793,0.042680137
12794,0.10587
12795,0.048277013
12796,0.13874061
12797,0.01915602
12798,0.020651164
12799,0.0017373667
12800,0.02166712
12801,0.02378234
12802,0.08583516
12803,0.039440002
12804,0.016171072
12805,0.029992785
12806,0.012277625
12807,0.035970513
12808,0.020117847
12809,0.032905106
12810,0.0993498
12811,0.16524553
12812,0.004314892
12813,0.06858015
12814,0.028496733
12815,0.039293103
12816,0.05305746
12817,0.063323796
12818,0.024702221
12819,0.029596444
12820,0.03552512
12821,0.046846196
12822,0.025779229
12823,0.11162799
12824,0.0753659
12825,0.027870126
12826,0.08857086
12827,0.04540308
12828,0.04947181
12829,0.07516768
12830,0.3928033
12831,0.40219724
12832,0.06176989
12833,0.009447333
12834,0.2984704
12835,0.04240436
12836,0.4123487
12837,0.113204576
12838,0.14391775
12839,0.06081366
12840,0.04387076
12841,0.13816077
12842,0.046552133
12843,0.6976786
12844,0.14406994
12845,0.06524377
12846,0.15611337
12847,0.071120344
12848,0.029930238
12849,0.08199874
12850,0.045728046
12851,0.019010086
12852,0.010991877
12853,0.03811139
12854,0.12462763
12855,0.13279128
12856,0.46468675
12857,0.44023556
12858,0.066765115
12859,0.006044214
12860,0.2496023
12861,0.17722295
12862,0.015739065
12863,0.06253594
12864,0.06005444
12865,0.06333174
12866,0.12324378
12867,0.43603677
12868,0.08557932
12869,0.24025168
12870,0.48744094
12871,0.15275283
12872,0.43656123
12873,0.017374914
12874,0.08119909
12875,0.31365454
12876,0.055620763
12877,0.07384492
12878,0.067704216
12879,0.039923597
12880,0.033449575
12881,0.08745849
12882,0.06936589
12883,0.03223752
12884,0.034119956
12885,0.02093439
12886,0.04531562
12887,0.28395382
12888,0.09973226
12889,0.035266064
12890,0.084194906
12891,0.04182409
12892,0.08781551
12893,0.030926608
12894,0.010488005
12895,0.08252173
12896,0.019295944
12897,0.10133423
12898,0.14717163
12899,0.04673065
12900,0.24376065
12901,0.043642636
12902,0.050948065
12903,0.031525258
12904,0.016325431
12905,0.01712604
12906,0.4681552
12907,0.11277721
12908,0.066161744
12909,0.4839207
12910,0.43430498
12911,0.07356266
12912,0.049616273
12913,0.010026494
12914,0.021102332
12915,0.017150046
12916,0.0038252326
12917,0.05103926
12918,0.07659525
12919,0.012409427
12920,0.08094929
12921,0.09184246
12922,0.12689625
12923,0.29511994
12924,0.44334447
12925,0.017369246
12926,0.06326266
12927,0.018124938
12928,0.011105677
12929,0.02297059
12930,0.052113995
12931,0.25927946
12932,0.02131162
12933,0.059354655
12934,0.0026941388
12935,0.012292124
12936,0.045633025
12937,0.1255281
12938,0.40304598
12939,0.021259107
12940,0.07418369
12941,0.03068605
12942,0.02127529
12943,0.04482859
12944,0.09432758
12945,0.020747958
12946,0.027964436
12947,0.02371676
12948,0.120283335
12949,0.14184508
12950,0.09927095
12951,0.08875209
12952,0.089847416
12953,0.021623515
12954,0.062487297
12955,0.059921406
12956,0.06408164
12957,0.12150983
12958,0.09123221
12959,0.21086088
12960,0.022868976
12961,0.05201488
12962,0.044098724
12963,0.04463215
12964,0.029204212
12965,0.057487868
12966,0.06165023
12967,0.025508985
12968,0.11043099
12969,0.18638773
12970,0.2445583
12971,0.048631947
12972,0.04070074
12973,0.041608922
12974,0.08625488
12975,0.050834317
12976,0.009412519
12977,0.08292058
12978,0.03495239
12979,0.17714307
12980,0.039024416
12981,0.037773374
12982,0.057882693
12983,0.012062504
12984,0.08025918
12985,0.104645535
12986,0.23635454
12987,0.20339146
12988,0.23013137
12989,0.076270975
12990,0.063301995
12991,0.028884782
12992,0.082481235
12993,0.10127781
12994,0.011310408
12995,0.098790094
12996,0.05944022
12997,0.45239806
12998,0.122937165
12999,0.10150724
13000,0.052319203
13001,0.051494773
13002,0.018518113
13003,0.015682146
13004,0.09671464
13005,0.033274643
13006,0.035053838
13007,0.04184715
13008,0.13691667
13009,0.06932054
13010,0.078454494
13011,0.085419156
13012,0.119847186
13013,0.23505926
13014,0.38425642
13015,0.10641088
13016,0.03589529
13017,0.10364616
13018,0.02675865
13019,0.06911221
13020,0.023178522
13021,1.5469166e-05
13022,0.08502388
13023,0.03524754
13024,0.13592009
13025,0.079142496
13026,0.13078138
13027,0.039490912
13028,0.07628101
13029,0.022964323
13030,0.015955666
13031,0.019748304
13032,0.13411236
13033,0.021983534
13034,0.040234976
13035,0.053420372
13036,0.036385212
13037,0.013768143
13038,0.011672198
13039,0.041476566
13040,0.055352077
13041,0.076159194
13042,0.106465936
13043,0.14659609
13044,0.12560302
13045,0.23291872
13046,0.23299855
13047,0.14060782
13048,0.012454533
13049,0.12527384
13050,0.08540073
13051,0.014345919
13052,0.037682705
13053,0.12182055
13054,0.04028606
13055,0.024884203
13056,0.0683311
13057,0.02391545
13058,0.016319778
13059,0.06981063
13060,0.084436916
13061,0.033588074
13062,0.022646382
13063,0.027982492
13064,0.08900875
13065,0.030697629
13066,0.062384162
13067,0.09323079
13068,0.10428601
13069,0.23927772
13070,0.32456112
13071,0.113949545
13072,0.103326686
13073,0.087960444
13074,0.1308499
13075,0.100954704
13076,0.11278908
13077,0.08150082
13078,0.004859292
13079,0.021477636
13080,0.40084496
13081,0.08284197
13082,0.08101876
13083,0.051951256
13084,0.104374886
13085,0.01841626
13086,0.020911267
13087,0.023932463
13088,0.02931377
13089,0.071945235
13090,0.21586815
13091,0.071961485
13092,0.06312376
13093,0.13527754
13094,0.6618405
13095,0.089276604
13096,0.020586124
13097,0.25003374
13098,0.087473616
13099,0.25554514
13100,0.21517065
13101,0.09460316
13102,0.016966794
13103,0.053318407
13104,0.09268415
13105,0.14897509
13106,0.05841068
13107,0.15531556
13108,0.09418102
13109,0.05563352
13110,0.034459285
13111,0.058138233
13112,0.065256365
13113,0.10186943
13114,0.026775757
13115,0.13068615
13116,0.1358872
13117,0.1353294
13118,0.11849688
13119,0.06159712
13120,0.13179496
13121,0.17194693
13122,0.26726633
13123,0.06074256
13124,0.0059429263
13125,0.10648438
13126,0.027052477
13127,0.07601601
13128,0.5179001
13129,0.052680347
13130,0.054810423
13131,0.38264158
13132,0.15853022
13133,0.0077801063
13134,0.071842454
13135,0.08533627
13136,0.23929794
13137,0.24150644
13138,0.103673615
13139,0.07332396
13140,0.12974688
13141,0.13059604
13142,0.1679823
13143,0.16514076
13144,0.37908134
13145,0.12520668
13146,0.017859314
13147,0.058718838
13148,0.080352664
13149,0.06106659
13150,0.27746132
13151,0.9178698
13152,0.0054157358
13153,0.0499023
13154,0.36507773
13155,0.02707402
13156,0.053006295
13157,0.24627249
13158,0.026039818
13159,0.0809301
13160,0.12201713
13161,0.024407256
13162,0.08498039
13163,0.006591061
13164,0.3909169
13165,0.052315883
13166,0.105415374
13167,0.23671016
13168,0.1293245
13169,0.24603564
13170,0.3995256
13171,0.39570764
13172,0.24586494
13173,0.10251723
13174,0.11718473
13175,0.6966123
13176,0.40681008
13177,0.41910225
13178,0.026982138
13179,0.23179045
13180,0.054697387
13181,0.031404607
13182,0.08490827
13183,0.0022933495
13184,0.009545593
13185,0.021773465
13186,0.06394667
13187,0.09332451
13188,0.12574467
13189,0.12659827
13190,0.08947013
13191,0.24377173
13192,0.13081016
13193,0.03318384
13194,0.1095475
13195,0.24710372
13196,0.043783184
13197,0.98130697
13198,0.77000475
13199,0.63470954
13200,0.0
13201,0.026307104
13202,0.018100228
13203,0.050229568
13204,0.4034999
13205,0.09334101
13206,0.063581005
13207,0.018867167
13208,0.1251065
13209,0.123643346
13210,0.074549794
13211,0.01373533
13212,0.38262746
13213,0.0031191867
13214,0.03157292
13215,0.14127319
13216,0.12774663
13217,0.10851393
13218,0.06745421
13219,0.22781357
13220,0.40454075
13221,0.018035019
13222,0.23453502
13223,0.11736963
13224,0.09848526
13225,0.9755127
13226,0.8193477
13227,0.6235516
13228,0.008348669
13229,0.062385827
13230,0.026456716
13231,0.012352967
13232,0.34885415
13233,0.10379419
13234,0.23100978
13235,0.04615188
13236,0.0747433
13237,0.035789795
13238,0.090532005
13239,0.10099142
13240,0.14869773
13241,0.14868614
13242,0.46960726
13243,0.29056922
13244,0.24646485
13245,0.14275031
13246,0.12198788
13247,0.10692261
13248,0.09267405
13249,0.056904655
13250,0.049653105
13251,0.018401306
13252,0.1369407
13253,0.13842364
13254,0.09292211
13255,0.117155746
13256,0.02321948
13257,0.91496766
13258,1.0
13259,0.9715848
13260,0.107023604
13261,0.033124894
13262,0.16609663
13263,0.2633402
13264,0.023147803
13265,0.028373778
13266,0.03213084
13267,0.062000483
13268,0.12003369
13269,0.058378715
13270,0.40472975
13271,0.79805964
13272,0.121445194
13273,0.13254519
13274,0.10245927
13275,0.18054877
13276,0.08041049
13277,0.40166295
13278,0.12714799
13279,0.024147805
13280,0.09782659
13281,0.10889793
13282,0.0840673
13283,0.04529934
13284,0.045774717
13285,0.4087558
13286,0.38657364
13287,0.19102596
13288,0.0698738
13289,0.083915
13290,0.09545756
13291,0.24814436
13292,0.03360677
13293,0.06393613
13294,0.05212955
13295,0.044653364
13296,0.03282473
13297,0.06485121
13298,0.068747655
13299,0.23958376
13300,0.6165152
13301,0.26495063
13302,0.2730528
13303,0.12887442
13304,0.20661877
13305,0.16289237
13306,0.51988834
13307,0.061708737
13308,0.0271613
13309,0.0364462
13310,0.049756933
13311,0.13771975
13312,0.15556833
13313,0.20587088
13314,0.30951464
13315,0.25194094
13316,0.24804874
13317,0.9929468
13318,0.15876856
13319,0.018850364
13320,0.23151833
13321,0.23842786
13322,0.022168493
13323,0.035880245
13324,0.1793986
13325,0.08708043
13326,0.0470495
13327,0.058106046
13328,0.0777011
13329,0.2285314
13330,0.3877003
13331,0.2977622
13332,0.4599083
13333,0.29650214
13334,0.16984254
13335,0.23113187
13336,0.24840632
13337,0.01142046
13338,0.035836954
13339,0.14923817
13340,0.15006402
13341,0.077558845
13342,0.4077924
13343,0.2583574
13344,0.07067847
13345,0.52157164
13346,0.37921664
13347,0.08601236
13348,0.089763924
13349,0.08553859
13350,0.057736274
13351,0.011470827
13352,0.01015895
13353,0.016265627
13354,0.036646478
13355,0.088723406
13356,0.119623855
13357,0.09431111
13358,0.15575401
13359,0.38808355
13360,0.8327587
13361,0.3981301
13362,0.38226935
13363,0.50615734
13364,0.100940295
13365,0.085322745
13366,0.0874692
13367,0.12581754
13368,0.1642919
13369,0.059552416
13370,0.023509521
13371,0.09539629
13372,0.12854974
13373,0.0018260145
13374,0.034236282
13375,0.0927599
13376,0.03319739
13377,0.06070598
13378,0.025787989
13379,0.023192985
13380,0.0047632153
13381,0.008796811
13382,0.03884584
13383,0.07020795
13384,0.08568246
13385,0.12058972
13386,0.23693095
13387,0.25405768
13388,0.3922219
13389,0.72138655
13390,0.70762295
13391,0.37589818
13392,0.13715748
13393,0.057222743
13394,0.052058417
13395,0.074728996
13396,0.11690544
13397,0.020703867
13398,0.043829326
13399,0.8149189
13400,0.0411558
13401,0.023374029
13402,0.07980274
13403,0.04813054
13404,0.19973557
13405,0.036044095
13406,0.07630162
13407,0.06511463
13408,0.030688941
13409,0.02440348
13410,0.060387474
13411,0.11926322
13412,0.13569185
13413,0.45941865
13414,0.38414162
13415,0.14773831
13416,0.7437393
13417,0.3960055
13418,0.38878816
13419,0.27298108
13420,0.057490155
13421,0.029513678
13422,0.04490515
13423,0.04867573
13424,0.05585334
13425,0.0421121
13426,0.09505681
13427,0.40402037
13428,0.20400384
13429,0.390934
13430,0.026675204
13431,0.09335954
13432,0.09773877
13433,0.14155208
13434,0.12978254
13435,0.04931121
13436,0.026488012
13437,0.0
13438,0.06374403
13439,0.13491371
13440,0.7359254
13441,0.38053483
13442,0.4458886
13443,0.3823153
13444,0.2604843
13445,0.23582523
13446,0.08395078
13447,0.027288908
13448,0.0005520269
13449,0.06963335
13450,0.027564833
13451,0.11861811
13452,0.09772147
13453,0.107119836
13454,0.23223469
13455,0.03568076
13456,0.06686899
13457,0.00018751308
13458,0.22677787
13459,0.038572174
13460,0.013220258
13461,0.124563456
13462,0.23203903
13463,0.034462344
13464,0.0021381285
13465,0.1286344
13466,0.18333316
13467,0.10448371
13468,0.103450134
13469,0.02815254
13470,0.12815858
13471,0.09139627
13472,0.03478813
13473,0.14703321
13474,0.10715312
13475,0.047262073
13476,0.0015948191
13477,0.406639
13478,0.0021695432
13479,0.019688854
13480,0.097380646
13481,0.045103267
13482,0.0680058
13483,0.14145043
13484,0.052545823
13485,0.066804424
13486,0.0
13487,0.06940232
13488,0.15023696
13489,0.39053974
13490,0.3989173
13491,0.08437867
13492,0.0024145846
13493,0.019434212
13494,0.013506675
13495,0.046042312
13496,0.09356186
13497,0.15711102
13498,0.011295035
13499,0.025764056
13500,0.028636362
13501,0.030592248
13502,0.012862942
13503,0.009299283
13504,0.10539561
13505,0.109496444
13506,0.4044858
13507,0.013271052
13508,0.016632656
13509,0.049463622
13510,0.092892565
13511,0.15265822
13512,0.39269575
13513,0.08459171
13514,0.0151704075
13515,0.102043144
13516,0.044476677
13517,0.07111489
13518,0.1385802
13519,0.07552343
13520,0.0
13521,0.01525169
13522,0.0065925303
13523,0.19340922
13524,0.008048871
13525,0.013134821
13526,0.033962257
13527,0.12950592
13528,0.084281504
13529,0.05931967
13530,0.028665489
13531,0.051939894
13532,0.09555065
13533,0.38589984
13534,0.04604057
13535,0.01760019
13536,0.056568023
13537,0.060169507
13538,0.0764709
13539,0.12741886
13540,0.08084346
13541,0.19274387
13542,0.09502729
13543,0.042022802
13544,0.009158786
13545,0.06626659
13546,0.046785045
13547,0.029275605
13548,0.25628322
13549,0.10537808
13550,0.026625717
13551,0.0939265
13552,0.08664193
13553,0.0
13554,0.003522971
13555,0.38299885
13556,0.7156108
13557,0.12058872
13558,0.07072852
13559,0.0060385494
13560,0.0798595
13561,0.07698232
13562,0.036289576
13563,0.16097696
13564,0.088684514
13565,0.10620767
13566,0.89811856
13567,0.015479175
13568,0.07980971
13569,0.019114766
13570,0.08162762
13571,0.07716331
13572,0.01389289
13573,0.048967708
13574,0.12036404
13575,0.4136287
13576,0.079826966
13577,0.2302062
13578,0.013398964
13579,0.017176453
13580,0.039132107
13581,0.036096618
13582,0.123848625
13583,0.046155073
13584,0.03521254
13585,0.07738075
13586,0.047670864
13587,0.009791271
13588,0.029033208
13589,0.07031221
13590,0.029430319
13591,0.1198419
13592,0.05254708
13593,0.017171407
13594,0.037655763
13595,0.08051906
13596,0.091404565
13597,0.033190332
13598,0.06774962
13599,0.6049114
13600,0.15512004
13601,0.15264088
13602,0.04606788
13603,0.084099926
13604,0.08405307
13605,0.41507542
13606,0.041413408
13607,0.0
13608,0.0068998937
13609,0.0060388707
13610,0.042850167
13611,0.12098981
13612,0.018696385
13613,0.1239076
13614,0.06912568
13615,0.028606435
13616,0.047969557
13617,0.37051213
13618,0.01769199
13619,0.018137816
13620,0.021870228
13621,0.027627045
13622,0.07422844
13623,0.0578758
13624,0.13399617
13625,0.105736196
13626,0.021270812
13627,0.00968908
13628,0.014101371
13629,0.06529481
13630,0.12737809
13631,0.10019574
13632,0.07866046
13633,0.0509335
13634,0.028547937
13635,0.07647406
13636,0.015350243
13637,0.1345354
13638,0.22872572
13639,0.12614036
13640,0.05456763
13641,0.019604968
13642,0.012234643
13643,0.01623122
13644,0.020236837
13645,0.02523189
13646,0.00739573
13647,0.01749303
13648,0.0144030275
13649,0.06841221
13650,0.03387716
13651,0.07042916
13652,0.13295804
13653,0.01034624
13654,0.23777978
13655,0.01260394
13656,0.25938562
13657,0.0092327595
13658,0.020392321
13659,0.045775708
13660,0.012382744
13661,0.015797094
13662,0.030713681
13663,0.03822034
13664,0.020145662
13665,0.050175883
13666,0.013314233
13667,0.004932779
13668,0.056150652
13669,0.0275951
13670,0.030380115
13671,0.06260156
13672,0.018399939
13673,0.017778456
13674,0.008081747
13675,0.13750319
13676,0.041461177
13677,0.073101915
13678,0.0079384055
13679,0.00041510494
13680,0.011045827
13681,0.006372759
13682,0.035885673
13683,0.017259838
13684,0.076902136
13685,0.01946867
13686,0.16595826
13687,0.04876642
13688,0.09857741
13689,0.061391164
13690,0.0
13691,0.12725185
13692,0.04326476
13693,0.013067517
13694,0.099608615
13695,0.024758754
13696,0.097684644
13697,0.12948665
13698,0.019239824
13699,0.039155785
13700,0.031444907
13701,0.023831395
13702,0.014005664
13703,0.0
13704,0.012861956
13705,0.0106635485
13706,0.04646299
13707,0.011957304
13708,0.04599685
13709,0.104448795
13710,0.049792536
13711,0.15038121
13712,0.0013057054
13713,0.0167262
13714,0.01962973
13715,0.022446623
13716,0.0007304713
13717,0.02295539
13718,0.0802754
13719,0.039983694
13720,0.014023197
13721,0.030991044
13722,0.014129888
13723,0.03499398
13724,0.022733646
13725,0.005885258
13726,0.032209665
13727,0.10226752
13728,0.1607203
13729,0.0032376214
13730,0.07012425
13731,0.045469012
13732,0.031497654
13733,0.052157864
13734,0.034308776
13735,0.055697102
13736,0.042377092
13737,0.046289675
13738,0.06235238
13739,0.02171902
13740,0.02449148
13741,0.07963001
13742,0.027351491
13743,0.01976368
13744,0.04595677
13745,0.0019632569
13746,0.07111537
13747,0.041040145
13748,0.10933234
13749,0.045823295
13750,0.15751696
13751,0.3876374
13752,0.028244073
13753,0.011882714
13754,0.3025183
13755,0.072689176
13756,0.18815884
13757,0.12457754
13758,0.12541167
13759,0.0
13760,0.015786333
13761,0.14948693
13762,0.034214564
13763,0.7104436
13764,0.13989866
13765,0.04529442
13766,0.26249155
13767,0.028543575
13768,0.033509165
13769,0.022645408
13770,0.10288201
13771,0.042896096
13772,0.01628986
13773,0.025248885
13774,0.056957856
13775,0.10266131
13776,0.1424015
13777,0.52149063
13778,0.46155733
13779,0.059904415
13780,0.13333507
13781,0.24790177
13782,0.04437034
13783,0.043326408
13784,0.022981398
13785,0.103698894
13786,0.06841811
13787,0.40185264
13788,0.14543046
13789,0.44012177
13790,0.43841222
13791,0.04039911
13792,0.4111872
13793,0.058830395
13794,0.33079806
13795,0.057189677
13796,0.090203084
13797,0.04322498
13798,0.04490656
13799,0.024330134
13800,0.10946789
13801,0.13005652
13802,0.04773914
13803,0.052984253
13804,0.03356768
13805,0.28578028
13806,0.092306174
13807,0.032056358
13808,0.063906625
13809,0.08837143
13810,0.10208252
13811,0.036231652
13812,0.047071155
13813,0.033687703
13814,0.13500911
13815,0.027884722
13816,0.06566973
13817,0.17463227
13818,0.26401082
13819,0.0
13820,0.09375669
13821,0.013555323
13822,0.44451603
13823,0.12286711
13824,0.095625326
13825,0.30753133
13826,0.3085888
13827,0.08319462
13828,0.059846964
13829,0.012142352
13830,0.01884772
13831,0.010075276
13832,0.05132674
13833,0.0062456494
13834,0.06976582
13835,0.08658561
13836,0.060653668
13837,0.102693394
13838,0.1754905
13839,0.4101365
13840,0.018803822
13841,0.024167672
13842,0.05913299
13843,0.020391429
13844,0.00967073
13845,0.029545596
13846,0.019956345
13847,0.04954747
13848,0.3763518
13849,0.023661582
13850,0.064065754
13851,0.08938192
13852,0.13091509
13853,0.45397234
13854,0.005242221
13855,0.041270502
13856,0.07562987
13857,0.0251602
13858,0.046289917
13859,0.05704436
13860,0.015742471
13861,0.019519746
13862,0.024131801
13863,0.1165312
13864,0.1588813
13865,0.09745275
13866,0.08070218
13867,0.09501568
13868,0.018846974
13869,0.02353731
13870,0.04883136
13871,0.05386947
13872,0.062237892
13873,0.10285046
13874,0.06936355
13875,0.17446625
13876,0.02376502
13877,0.06162133
13878,0.047929727
13879,0.033124447
13880,0.030020572
13881,0.041013803
13882,0.055002954
13883,0.06111488
13884,0.024007043
13885,0.0851461
13886,0.28194934
13887,0.25372717
13888,0.059417084
13889,0.056466114
13890,0.02974313
13891,0.11913701
13892,0.06307432
13893,0.013760047
13894,0.081334114
13895,0.036886446
13896,0.16490361
13897,0.05321727
13898,0.05754209
13899,0.04961448
13900,0.011062593
13901,0.08111622
13902,0.0901829
13903,0.23635516
13904,0.19043414
13905,0.2353527
13906,0.08642209
13907,0.06276912
13908,0.02652657
13909,0.09716559
13910,0.06758835
13911,0.0037824514
13912,0.10383484
13913,0.05742375
13914,0.47738552
13915,0.11415342
13916,0.12761872
13917,0.06962501
13918,0.054649632
13919,0.034436412
13920,0.021269148
13921,0.0004253923
13922,0.09687002
13923,0.021101465
13924,0.030687284
13925,0.036028948
13926,0.10643849
13927,0.06924388
13928,0.073283106
13929,0.08566821
13930,0.12664405
13931,0.23101634
13932,0.38497263
13933,0.081737004
13934,0.036905676
13935,0.09349287
13936,0.022143101
13937,0.0632205
13938,0.01664306
13939,0.03011698
13940,0.08401045
13941,0.07826116
13942,0.084602885
13943,0.039788578
13944,0.08992147
13945,0.03245484
13946,0.0698325
13947,0.028650716
13948,0.025551474
13949,0.020593524
13950,0.15667218
13951,0.041649897
13952,0.06934303
13953,0.04562735
13954,0.011873436
13955,0.038634017
13956,0.047203295
13957,0.083269015
13958,0.08590256
13959,0.1474367
13960,0.1370367
13961,0.24016042
13962,0.23573458
13963,0.17001493
13964,0.015744746
13965,0.0880628
13966,0.101286024
13967,0.008507872
13968,0.06885632
13969,0.104141295
13970,0.047995996
13971,0.036186453
13972,0.05236949
13973,0.027764993
13974,0.067788824
13975,0.085577406
13976,0.037066124
13977,0.0793386
13978,0.019001937
13979,0.028223397
13980,0.012220958
13981,0.10400065
13982,0.026800513
13983,0.06299357
13984,0.09494562
13985,0.083203636
13986,0.15991774
13987,0.33518365
13988,0.106555626
13989,0.12848909
13990,0.07871174
13991,0.11226975
13992,0.09722668
13993,0.09110994
13994,0.065895766
13995,0.022116322
13996,0.02865753
13997,0.28528142
13998,0.06649111
13999,0.08438042
14000,0.047623817
14001,0.0838917
14002,0.01812592
14003,0.026126558
14004,0.055233
14005,0.21258876
14006,0.07042276
14007,0.06675606
14008,0.14095771
14009,0.7094276
14010,0.080512
14011,0.01968633
14012,0.25553015
14013,0.086669855
14014,0.24490936
14015,0.20194374
14016,0.099969
14017,0.04579413
14018,0.09692239
14019,0.12431035
14020,0.04014913
14021,0.13951463
14022,0.081127696
14023,0.07708165
14024,0.025335373
14025,0.033520613
14026,0.06066731
14027,0.08163917
14028,0.01624266
14029,0.12390063
14030,0.13206185
14031,0.13838191
14032,0.086784124
14033,0.0746213
14034,0.14475964
14035,0.23571806
14036,0.23161456
14037,0.07789235
14038,0.001933943
14039,0.08347524
14040,0.028651677
14041,0.013322338
14042,0.10764344
14043,0.6586949
14044,0.051743805
14045,0.04947236
14046,0.39275953
14047,0.22955604
14048,0.009992844
14049,0.010107569
14050,0.068508975
14051,0.065684155
14052,0.25353697
14053,0.2575731
14054,0.07997898
14055,0.09263907
14056,0.13271852
14057,0.14895809
14058,0.15261926
14059,0.1877616
14060,0.3933311
14061,0.1473566
14062,0.07381922
14063,0.086926274
14064,0.068338454
14065,0.27596334
14066,0.94394076
14067,0.0030196516
14068,0.047592912
14069,0.4018285
14070,0.013777157
14071,0.053128015
14072,0.25717577
14073,0.06364792
14074,0.10968104
14075,0.024173409
14076,0.08097761
14077,0.41865373
14078,0.051808447
14079,0.10741355
14080,0.25785583
14081,0.23117921
14082,0.25756404
14083,0.38544312
14084,0.40759635
14085,0.022657055
14086,0.39102715
14087,0.17480484
14088,0.1708516
14089,0.7760694
14090,0.39650804
14091,0.39592284
14092,0.03228952
14093,0.24423893
14094,0.079084165
14095,0.033360593
14096,0.013920329
14097,0.08134908
14098,0.0
14099,0.008855957
14100,0.023986155
14101,0.08191656
14102,0.10595379
14103,0.09025629
14104,0.09774844
14105,0.08858086
14106,0.23722255
14107,0.12467449
14108,0.020886403
14109,0.08919044
14110,0.24762505
14111,0.008604468
14112,0.04411236
14113,0.98621684
14114,0.83844084
14115,0.5926913
14116,0.0
14117,0.029896429
14118,0.01912208
14119,0.09367943
14120,0.41577414
14121,0.08118478
14122,0.063818306
14123,0.02388103
14124,0.083086744
14125,0.11112147
14126,0.09072252
14127,0.006104905
14128,0.38835916
14129,0.0031430447
14130,0.034462575
14131,0.13772354
14132,0.10663271
14133,0.08621729
14134,0.06367287
14135,0.2443383
14136,0.13734971
14137,0.021652935
14138,0.09759992
14139,0.12928839
14140,0.112461954
14141,0.9796391
14142,0.83047134
14143,0.6461972
14144,0.017760646
14145,0.074584745
14146,0.03902418
14147,0.0
14148,0.40575778
14149,0.08859988
14150,0.24561308
14151,0.044744372
14152,0.083727255
14153,0.024117418
14154,0.12696192
14155,0.13276772
14156,0.13526732
14157,0.18778037
14158,0.46463245
14159,0.42878225
14160,0.24839345
14161,0.16417164
14162,0.10241156
14163,0.0842575
14164,0.08772028
14165,0.051077038
14166,0.057616517
14167,0.022040358
14168,0.1361984
14169,0.09707325
14170,0.08664752
14171,0.09045065
14172,0.023051573
14173,0.9631531
14174,0.9917971
14175,0.996108
14176,0.13588795
14177,0.05523647
14178,0.08165364
14179,0.38080752
14180,0.018880768
14181,0.027699696
14182,0.02828806
14183,0.053173758
14184,0.121389806
14185,0.060002916
14186,0.3801602
14187,0.88304216
14188,0.11807829
14189,0.12760311
14190,0.0963047
14191,0.16740774
14192,0.07112695
14193,0.39233485
14194,0.13308045
14195,0.036799904
14196,0.11333672
14197,0.10992038
14198,0.08398612
14199,0.050451178
14200,0.028732982
14201,0.43095407
14202,0.2828004
14203,0.17154332
14204,0.08434126
14205,0.078090556
14206,0.097348444
14207,0.23466557
14208,0.037969112
14209,0.051629502
14210,0.05489183
14211,0.02660824
14212,0.036263064
14213,0.057532035
14214,0.07292489
14215,0.39804837
14216,0.58489585
14217,0.2470952
14218,0.2519928
14219,0.12454216
14220,0.17935656
14221,0.22955273
14222,0.499281
14223,0.06858547
14224,0.035991758
14225,0.05505896
14226,0.045192137
14227,0.22495839
14228,0.24681269
14229,0.084303126
14230,0.4124489
14231,0.27470207
14232,0.25019127
14233,1.0
14234,0.19511901
14235,0.017774126
14236,0.22279534
14237,0.23162496
14238,0.021220788
14239,0.049231794
14240,0.251989
14241,0.008834138
14242,0.11995756
14243,0.05214295
14244,0.048453502
14245,0.060549
14246,0.13103099
14247,0.39841232
14248,0.2753044
14249,0.4394784
14250,0.38732782
14251,0.14924078
14252,0.21955487
14253,0.24431914
14254,0.023659647
14255,0.140418
14256,0.09342242
14257,0.056872997
14258,0.38640305
14259,0.27099618
14260,0.0962662
14261,0.6124004
14262,0.38110727
14263,0.0
14264,0.072126955
14265,0.124854505
14266,0.08077794
14267,0.06818635
14268,0.014189247
14269,0.012464778
14270,0.037784252
14271,0.108526476
14272,0.11384723
14273,0.10809784
14274,0.15174273
14275,0.4111057
14276,0.7313317
14277,0.4120467
14278,0.24766615
14279,0.44864306
14280,0.1043684
14281,0.020334935
14282,0.06890897
14283,0.093862936
14284,0.121462956
14285,0.15795165
14286,0.08060993
14287,0.027867993
14288,0.07180117
14289,0.13175812
14290,0.033334233
14291,0.09530382
14292,0.015733039
14293,0.03958211
14294,0.0058061755
14295,0.010351624
14296,0.04937308
14297,0.075723864
14298,0.08226211
14299,0.08871909
14300,0.23816219
14301,0.17475577
14302,0.40941304
14303,0.7291004
14304,0.46215755
14305,0.39050266
14306,0.13044712
14307,0.030392013
14308,0.047579825
14309,0.08437955
14310,0.017600456
14311,0.054848567
14312,0.9605434
14313,0.039329767
14314,0.025624702
14315,0.06760923
14316,0.06493719
14317,0.08441315
14318,0.030108484
14319,0.07579867
14320,0.027710026
14321,0.06463425
14322,0.017244086
14323,0.023019755
14324,0.062515855
14325,0.103513494
14326,0.12920552
14327,0.41804576
14328,0.39265195
14329,0.13700171
14330,0.89169776
14331,0.39320496
14332,0.42416602
14333,0.22934474
14334,0.058438763
14335,0.02508372
14336,0.03337637
14337,0.06413616
14338,0.05753216
14339,0.09262778
14340,0.40178147
14341,0.086902946
14342,0.40399235
14343,0.027446385
14344,0.06813578
14345,0.077168055
14346,0.105672844
14347,0.23504889
14348,0.060110036
14349,0.025762124
14350,0.0106564
14351,0.0647985
14352,0.15883219
14353,0.8031784
14354,0.39718294
14355,0.47169083
14356,0.39881036
14357,0.37151775
14358,0.16668414
14359,0.097085916
14360,0.037621506
14361,0.028395697
14362,0.042580612
14363,0.035778612
14364,0.13350372
14365,0.14314903
14366,0.06696912
14367,0.25552723
14368,0.02126515
14369,0.07480596
14370,0.0123329945
14371,0.2487908
14372,0.03788456
14373,0.012352432
14374,0.009918589
14375,0.14748824
14376,0.23283486
14377,0.03989665
14378,0.42581752
14379,0.23958255
14380,0.096515834
14381,0.1146534
14382,0.024373077
14383,0.099332266
14384,0.085461624
14385,0.035109743
14386,0.09584353
14387,0.11467876
14388,0.045102634
14389,0.002450021
14390,0.11721958
14391,0.012819316
14392,0.109011255
14393,0.038509447
14394,0.1664052
14395,0.05663927
14396,0.054358926
14397,0.005746008
14398,0.06693884
14399,0.15473036
14400,0.39409405
14401,0.42308122
14402,0.09905042
14403,0.01993996
14404,0.021991258
14405,0.055428583
14406,0.08594095
14407,0.123953275
14408,0.021359507
14409,0.042971242
14410,0.010968613
14411,0.035061084
14412,0.002812946
14413,0.031099724
14414,0.1105661
14415,0.12489287
14416,0.3947457
14417,0.01835725
14418,0.013678791
14419,0.056952234
14420,0.11921173
14421,0.105912805
14422,0.39813375
14423,0.10628122
14424,0.016910268
14425,0.25115427
14426,0.03697754
14427,0.07716667
14428,0.12083186
14429,0.052842546
14430,0.009316056
14431,0.27721286
14432,0.0010002435
14433,0.033250723
14434,0.14233407
14435,0.07672095
14436,0.051410154
14437,0.0307053
14438,0.054594178
14439,0.073230945
14440,0.37408954
14441,0.040865727
14442,0.026752155
14443,0.04552039
14444,0.081175275
14445,0.23251328
14446,0.05711862
14447,0.18625481
14448,0.12863936
14449,0.032102678
14450,0.012161984
14451,0.05743095
14452,0.041282248
14453,0.02912594
14454,0.23911554
14455,0.0
14456,0.117501564
14457,0.09502684
14458,0.06745447
14459,0.010695822
14460,0.009294034
14461,0.40405068
14462,0.6427221
14463,0.17346361
14464,0.06617729
14465,0.019273229
14466,0.07674916
14467,0.084261514
14468,0.032407265
14469,0.10551597
14470,0.095389485
14471,0.080945805
14472,0.8794821
14473,0.04257235
14474,0.099412255
14475,0.09626504
14476,0.051566187
14477,0.12777612
14478,0.33094317
14479,0.06914288
14480,0.1441843
14481,0.030476544
14482,0.030949406
14483,0.03665321
14484,0.038389854
14485,0.110098064
14486,0.05707069
14487,0.031201072
14488,0.011678073
14489,0.08843108
14490,0.058768187
14491,0.024966022
14492,0.06368279
14493,0.017649937
14494,0.09137357
14495,0.048957758
14496,0.017022785
14497,0.04361311
14498,0.06622076
14499,0.07447395
14500,0.033155467
14501,0.04179879
14502,0.044105917
14503,0.72051394
14504,0.06997468
14505,0.12189191
14506,0.061531875
14507,0.038699895
14508,0.07628576
14509,0.07677511
14510,0.014298544
14511,0.029045768
14512,0.2542015
14513,0.050005537
14514,0.04031433
14515,0.04868747
14516,0.2325015
14517,0.024810575
14518,0.0029086093
14519,0.1071291
14520,0.053839915
14521,0.021878365
14522,0.04329582
14523,0.3777267
14524,0.02861351
14525,0.012999743
14526,0.00043883454
14527,0.055808745
14528,0.052322485
14529,0.10477917
14530,0.10126072
14531,0.02566716
14532,0.017859964
14533,0.05043715
14534,0.12439044
14535,0.08672633
14536,0.0739714
14537,0.08280785
14538,0.02727619
14539,0.048321728
14540,0.0801516
14541,0.24357644
14542,0.12336369
14543,0.052915074
14544,0.015483685
14545,0.011379959
14546,0.0161569
14547,0.018700775
14548,0.03745251
14549,0.0073103057
14550,0.019835914
14551,0.014711161
14552,0.021578992
14553,0.039677605
14554,0.06971033
14555,0.12260489
14556,0.016756749
14557,0.12337094
14558,0.00786852
14559,0.17976922
14560,0.010006312
14561,0.020634605
14562,0.04103706
14563,0.014840418
14564,0.012395361
14565,0.028617466
14566,0.02706932
14567,0.0020588057
14568,0.023802022
14569,0.02197839
14570,0.0039653433
14571,0.0013881882
14572,0.045888934
14573,0.0
14574,0.029643737
14575,0.028036056
14576,0.04350259
14577,0.016128631
14578,0.009299572
14579,0.11795363
14580,0.036802515
14581,0.05411735
14582,0.0023495895
14583,0.031260967
14584,0.008962417
14585,0.013057256
14586,0.115108535
14587,0.0024167572
14588,0.17823724
14589,0.06677151
14590,0.070667036
14591,0.085482866
14592,0.09126735
14593,0.042209033
14594,0.019147081
14595,0.09647462
14596,0.022748241
14597,0.09032429
14598,0.0033708084
14599,0.11311487
14600,0.021818068
14601,0.02988645
14602,0.044277806
14603,0.023091124
14604,0.025630293
14605,0.0042651985
14606,0.010811402
14607,0.007412182
14608,0.051057156
14609,0.015158399
14610,0.009090022
14611,0.06920206
14612,0.077882424
14613,0.019507129
14614,0.1322678
14615,0.0
14616,0.011291778
14617,0.02744376
14618,0.035775024
14619,0.0037536493
14620,0.024324888
14621,0.06701485
14622,0.030867154
14623,0.013314365
14624,0.039218046
14625,0.016345594
14626,0.031298276
14627,0.010876915
14628,0.03992725
14629,0.09407102
14630,0.1902436
14631,0.075592056
14632,0.02434281
14633,0.026055826
14634,0.064355224
14635,0.073314644
14636,0.031143457
14637,0.062065635
14638,0.030324174
14639,0.04280463
14640,0.0268828
14641,0.14711559
14642,0.036983408
14643,0.027406262
14644,0.02169386
14645,0.07017297
14646,0.031054541
14647,0.11852993
14648,0.03077463
14649,0.27312958
14650,0.38570464
14651,0.033966728
14652,0.03217952
14653,0.30569333
14654,0.07087465
14655,0.19467424
14656,0.28063276
14657,0.13690008
14658,0.03921402
14659,0.0016249134
14660,0.014746955
14661,0.13062152
14662,0.14741513
14663,0.70022815
14664,0.26787037
14665,0.035150133
14666,0.37489015
14667,0.03101105
14668,0.030319542
14669,0.03583335
14670,0.027877342
14671,0.106211916
14672,0.033172425
14673,0.024037834
14674,0.05411292
14675,0.12789758
14676,0.15486005
14677,0.51236576
14678,0.48402357
14679,0.104972586
14680,0.25708506
14681,0.15348905
14682,0.045628842
14683,0.047115352
14684,0.03677316
14685,0.09676692
14686,0.06577068
14687,0.40453243
14688,0.15985171
14689,0.20433375
14690,0.4678312
14691,0.14389472
14692,0.029561905
14693,0.4093321
14694,0.066799246
14695,0.350405
14696,0.05740677
14697,0.044973675
14698,0.0436356
14699,0.020502495
14700,0.11180538
14701,0.13775489
14702,0.05241078
14703,0.034826167
14704,0.256375
14705,0.09486031
14706,0.009045164
14707,0.03935543
14708,0.072295226
14709,0.08825301
14710,0.10502974
14711,0.03850298
14712,0.048408657
14713,0.03347528
14714,0.14265782
14715,0.024932543
14716,0.18386002
14717,0.269535
14718,0.0
14719,0.0990489
14720,0.017334042
14721,0.008943736
14722,0.43512487
14723,0.13560812
14724,0.10019274
14725,0.39664996
14726,0.31869727
14727,0.090871766
14728,0.07237319
14729,0.018914571
14730,0.009116
14731,0.05343576
14732,0.005534085
14733,0.06938441
14734,0.0994684
14735,0.069696575
14736,0.10079849
14737,0.18032506
14738,0.4007762
14739,0.386649
14740,0.06462722
14741,0.014632962
14742,0.03131601
14743,0.021500949
14744,0.051574077
14745,0.35189846
14746,0.021103874
14747,0.07105235
14748,0.0875954
14749,0.06208774
14750,0.12961009
14751,0.43768638
14752,0.03886545
14753,0.08025669
14754,0.011988051
14755,0.027912607
14756,0.048865404
14757,0.05877403
14758,0.014381428
14759,0.02266421
14760,0.028330594
14761,0.118325725
14762,0.15519705
14763,0.09935844
14764,0.09382098
14765,0.08744095
14766,0.020259
14767,0.027627954
14768,0.052727535
14769,0.052876238
14770,0.062259477
14771,0.100550085
14772,0.06749252
14773,0.16849433
14774,0.029087411
14775,0.06625169
14776,0.050664
14777,0.03703335
14778,0.031898458
14779,0.045174893
14780,0.057748657
14781,0.009772327
14782,0.02498474
14783,0.08550637
14784,0.2880991
14785,0.24645567
14786,0.06691441
14787,0.061417837
14788,0.03370356
14789,0.11481428
14790,0.07030842
14791,0.014475625
14792,0.08456964
14793,0.018319014
14794,0.038405575
14795,0.16529585
14796,0.054346822
14797,0.066363044
14798,0.05181762
14799,0.011741262
14800,0.08819851
14801,0.09256209
14802,0.23178901
14803,0.13039047
14804,0.24862403
14805,0.09039524
14806,0.065717824
14807,0.026777785
14808,0.10335715
14809,0.0710582
14810,0.036989775
14811,0.005556032
14812,0.09368268
14813,0.059600215
14814,0.45449555
14815,0.11911977
14816,0.02962835
14817,0.12891474
14818,0.07468011
14819,0.05461539
14820,0.033673726
14821,0.10180923
14822,0.0050027673
14823,0.029819146
14824,0.039767258
14825,0.10975402
14826,0.07192551
14827,0.07647612
14828,0.09243922
14829,0.13338666
14830,0.22990307
14831,0.3879116
14832,0.081944406
14833,0.037636556
14834,0.095683694
14835,0.027075903
14836,0.06484401
14837,0.022129482
14838,0.029958772
14839,0.089922234
14840,0.07847073
14841,0.11048191
14842,0.044414163
14843,0.09937454
14844,0.035216592
14845,0.0704274
14846,0.03421112
14847,0.15611738
14848,0.040019114
14849,0.068109594
14850,0.047566004
14851,0.0104455445
14852,0.014062808
14853,0.038533717
14854,0.04813031
14855,0.083896555
14856,0.09280802
14857,0.2338871
14858,0.1425016
14859,0.23964787
14860,0.13715255
14861,0.17605461
14862,0.019806303
14863,0.09624478
14864,0.0104916515
14865,0.10533212
14866,0.065846324
14867,0.111478336
14868,0.047923047
14869,0.045935903
14870,0.052506585
14871,0.031409312
14872,0.07488814
14873,0.093728736
14874,0.039200336
14875,0.07776845
14876,0.024323454
14877,0.016050536
14878,0.10847328
14879,0.031567775
14880,0.06449768
14881,0.10804092
14882,0.08832188
14883,0.23683369
14884,0.3631349
14885,0.10976903
14886,0.1302651
14887,0.08081603
14888,0.11539179
14889,0.10180214
14890,0.100966305
14891,0.071772724
14892,0.027517503
14893,0.34721547
14894,0.07430705
14895,0.09647099
14896,0.09360129
14897,0.022139557
14898,0.018243333
14899,0.029975725
14900,0.054907344
14901,0.22645435
14902,0.06536864
14903,0.065343864
14904,0.14303677
14905,0.74704427
14906,0.078629926
14907,0.024141828
14908,0.2505819
14909,0.08310453
14910,0.25079188
14911,0.21440297
14912,0.10246144
14913,0.046310883
14914,0.10166651
14915,0.22524436
14916,0.04238758
14917,0.12681803
14918,0.088743865
14919,0.07629561
14920,0.01727104
14921,0.027882066
14922,0.063354045
14923,0.0833095
14924,0.020756163
14925,0.12921277
14926,0.1401062
14927,0.14471485
14928,0.08930503
14929,0.07996622
14930,0.15515223
14931,0.18214107
14932,0.22610153
14933,0.07426348
14934,0.07866354
14935,0.02825177
14936,0.01094818
14937,0.0954689
14938,0.54356956
14939,0.060199894
14940,0.055959105
14941,0.37152323
14942,0.24464571
14943,0.00664688
14944,0.010951845
14945,0.008120285
14946,0.06520823
14947,0.068274975
14948,0.25343645
14949,0.25434157
14950,0.08765805
14951,0.092678994
14952,0.229191
14953,0.15542044
14954,0.15275784
14955,0.18780114
14956,0.362542
14957,0.14700934
14958,0.07969395
14959,0.09487719
14960,0.06843464
14961,0.2938993
14962,0.93191814
14963,0.006859438
14964,0.051752165
14965,0.38394177
14966,0.01758091
14967,0.057390533
14968,0.25787136
14969,0.019017952
14970,0.024188349
14971,0.06766173
14972,0.1165858
14973,0.026684573
14974,0.08370427
14975,0.38662234
14976,0.053582482
14977,0.11132766
14978,0.2569234
14979,0.13739242
14980,0.25849018
14981,0.36860067
14982,0.3753242
14983,0.023800328
14984,0.23299193
14985,0.10855678
14986,0.08722276
14987,0.8093611
14988,0.28117272
14989,0.3140081
14990,0.030989893
14991,0.25484553
14992,0.077642165
14993,0.021724802
14994,0.014998342
14995,0.090027265
14996,0.0020069291
14997,0.009986563
14998,0.028506465
14999,0.08299787
15000,0.111310765
15001,0.09386892
15002,0.103600405
15003,0.09694217
15004,0.23295303
15005,0.13252188
15006,0.026951393
15007,0.096936785
15008,0.25267774
15009,0.010602996
15010,0.046230238
15011,0.9851052
15012,0.7908451
15013,0.60536295
15014,0.03027957
15015,0.023561403
15016,0.09849077
15017,0.38915312
15018,0.088945754
15019,0.07117073
15020,0.00081095693
15021,0.024825389
15022,0.08749378
15023,0.119785555
15024,0.09737538
15025,0.01064334
15026,0.38799238
15027,0.006779845
15028,0.03808668
15029,0.1407378
15030,0.108580336
15031,0.08480443
15032,0.066442676
15033,0.22867532
15034,0.17324816
15035,0.028167507
15036,0.15042825
15037,0.12483914
15038,0.10144617
15039,0.9925593
15040,0.771503
15041,0.683937
15042,0.020174118
15043,0.14959916
15044,0.043747954
15045,0.0014146646
15046,0.2929441
15047,0.09055558
15048,0.36756614
15049,0.048896037
15050,0.08820598
15051,0.024417913
15052,0.1230134
15053,0.135551
15054,0.14372487
15055,0.19553845
15056,0.44857875
15057,0.41747102
15058,0.24025525
15059,0.16013648
15060,0.10683347
15061,0.0887433
15062,0.09297214
15063,0.04726995
15064,0.05813698
15065,0.022136267
15066,0.14229384
15067,0.093282446
15068,0.1043385
15069,0.10096553
15070,0.023189731
15071,0.9447204
15072,1.0
15073,0.9753741
15074,0.14705491
15075,0.055355366
15076,0.13691825
15077,0.3779194
15078,0.021268152
15079,0.030647723
15080,0.030945592
15081,0.05266307
15082,0.12472601
15083,0.05793219
15084,0.37890267
15085,0.9230802
15086,0.123837955
15087,0.13306957
15088,0.103548795
15089,0.23929381
15090,0.0748481
15091,0.36973968
15092,0.2430737
15093,0.040444575
15094,0.1179965
15095,0.10622881
15096,0.08956778
15097,0.061710168
15098,0.0290671
15099,0.27980572
15100,0.2956279
15101,0.1759272
15102,0.08973634
15103,0.03262538
15104,0.09254267
15105,0.089213535
15106,0.23610477
15107,0.037731875
15108,0.050075833
15109,0.06621348
15110,0.029653177
15111,0.04369079
15112,0.053195372
15113,0.07578468
15114,0.38645306
15115,0.55330485
15116,0.3682007
15117,0.1946327
15118,0.13713303
15119,0.19444712
15120,0.22806358
15121,0.48518124
15122,0.06449114
15123,0.058597703
15124,0.052373935
15125,0.14995168
15126,0.24249078
15127,0.08666001
15128,0.34000134
15129,0.27134275
15130,0.23539771
15131,0.9595169
15132,0.12138279
15133,0.017467134
15134,0.22929843
15135,0.23521668
15136,0.05436139
15137,0.37625274
15138,0.121751204
15139,0.05377908
15140,0.04868144
15141,0.06285477
15142,0.14098784
15143,0.38202545
15144,0.2738629
15145,0.41766465
15146,0.2745201
15147,0.14977871
15148,0.22830318
15149,0.26406905
15150,0.0133115705
15151,0.13430792
15152,0.09876279
15153,0.057423044
15154,0.38711184
15155,0.27586684
15156,0.10120358
15157,0.5663881
15158,0.36987108
15159,0.0030583097
15160,0.08036972
15161,0.13190466
15162,0.07508361
15163,0.072555505
15164,0.022733906
15165,0.014916685
15166,0.039308384
15167,0.1166383
15168,0.12104544
15169,0.10783078
15170,0.15257576
15171,0.38842294
15172,0.74139655
15173,0.3964565
15174,0.38099176
15175,0.44848803
15176,0.09860757
15177,0.018665716
15178,0.08118633
15179,0.09092599
15180,0.13192697
15181,0.16071558
15182,0.08312406
15183,0.02931706
15184,0.06896098
15185,0.23467751
15186,0.034497634
15187,0.09118821
15188,0.02032328
15189,0.012886581
15190,0.03844278
15191,0.013667071
15192,0.022366121
15193,0.014876191
15194,0.05013853
15195,0.08058793
15196,0.082059495
15197,0.09014408
15198,0.2492173
15199,0.17633212
15200,0.39235222
15201,0.69675577
15202,0.496435
15203,0.2817752
15204,0.13632414
15205,0.06580747
15206,0.033604957
15207,0.05190686
15208,0.094176814
15209,0.021918798
15210,0.05826417
15211,0.9926518
15212,0.04309493
15213,0.023875294
15214,0.1408619
15215,0.06911897
15216,0.09398828
15217,0.031325996
15218,0.07504038
15219,0.030307516
15220,0.07727603
15221,0.019639408
15222,0.027410211
15223,0.06059407
15224,0.09899791
15225,0.13187918
15226,0.41166165
15227,0.37122282
15228,0.25604454
15229,0.9143712
15230,0.37145317
15231,0.42159835
15232,0.23885015
15233,0.0626682
15234,0.026197253
15235,0.03763252
15236,0.069439195
15237,0.056892615
15238,0.065187864
15239,0.096538894
15240,0.4245518
15241,0.095231794
15242,0.38379452
15243,0.03289048
15244,0.076472
15245,0.08344426
15246,0.114364155
15247,0.17779827
15248,0.06621213
15249,0.029921839
15250,0.06788914
15251,0.16083533
15252,0.79488426
15253,0.36619955
15254,0.4521991
15255,0.4123247
15256,0.2589953
15257,0.23436354
15258,0.09899184
15259,0.03799306
15260,0.025544252
15261,0.04171019
15262,0.13723747
15263,0.14658813
15264,0.07249058
15265,0.19654831
15266,0.0776116
15267,0.01604972
15268,0.25016215
15269,0.037882645
15270,0.015120043
15271,0.015210943
15272,0.15040858
15273,0.2308655
15274,0.039638497
15275,0.0068877
15276,0.19708563
15277,0.24131362
15278,0.08600392
15279,0.10983915
15280,0.029269187
15281,0.10370871
15282,0.09558225
15283,0.03884876
15284,0.09547849
15285,0.11554973
15286,0.047581896
15287,0.0049338564
15288,0.12890823
15289,0.018379709
15290,0.10811748
15291,0.038123988
15292,0.17778648
15293,0.059370983
15294,0.057073195
15295,0.068924755
15296,0.15186435
15297,0.38474876
15298,0.41627252
15299,0.09630498
15300,0.019547384
15301,0.018627387
15302,0.024261137
15303,0.058830194
15304,0.019251835
15305,0.09298191
15306,0.12814824
15307,0.025176525
15308,0.04489323
15309,0.01249133
15310,0.03399927
15311,0.020715851
15312,0.0024140421
15313,0.10583291
15314,0.12778498
15315,0.38938433
15316,0.018039152
15317,0.015324919
15318,0.05919138
15319,0.11904968
15320,0.11442193
15321,0.3580234
15322,0.117394514
15323,0.014352793
15324,0.010830921
15325,0.11746874
15326,0.04007979
15327,0.08300109
15328,0.11217609
15329,0.052606687
15330,0.007552494
15331,0.030791702
15332,0.013618445
15333,0.0019995933
15334,0.267052
15335,0.004855121
15336,0.030361727
15337,0.13830559
15338,0.08528236
15339,0.055156577
15340,0.029992146
15341,0.05640337
15342,0.07152687
15343,0.37366644
15344,0.03774323
15345,0.027364025
15346,0.049542762
15347,0.054668047
15348,0.07961171
15349,0.23209462
15350,0.05919382
15351,0.20274997
15352,0.13005598
15353,0.03694717
15354,0.059713732
15355,0.048895877
15356,0.029703781
15357,0.1776691
15358,0.0
15359,0.005864943
15360,0.12171269
15361,0.02905365
15362,0.0935883
15363,0.06735
15364,0.0106756035
15365,0.4015206
15366,0.6208483
15367,0.15832917
15368,0.06935641
15369,0.020063808
15370,0.08044935
15371,0.09708587
15372,0.03567323
15373,0.18396585
15374,0.09927819
15375,0.08776832
15376,0.87205756
15377,0.024687245
15378,0.04606403
15379,0.019783141
15380,0.09865368
15381,0.08974699
15382,0.02356413
15383,0.05631078
15384,0.12902962
15385,0.3303617
15386,0.08098776
15387,0.15261419
15388,0.029007096
15389,0.04013157
15390,0.114832416
15391,0.058805127
15392,0.03321886
15393,0.013241641
15394,0.08282644
15395,0.05865582
15396,0.027285375
15397,0.06867016
15398,0.025479954
15399,0.10437659
15400,0.058259085
15401,0.016852116
15402,0.043771096
15403,0.07200022
15404,0.085307226
15405,0.032202356
15406,0.045101188
15407,0.04619603
15408,0.7181245
15409,0.07521267
15410,0.13087162
15411,0.05920812
15412,0.039115943
15413,0.08222409
15414,0.08083007
15415,0.015552314
15416,0.028343257
15417,0.38310748
15418,0.052533828
15419,0.0
15420,0.0
15421,0.047226008
15422,0.11765211
15423,0.030404758
15424,0.109761715
15425,0.05634795
15426,0.023608532
15427,0.045139547
15428,0.37618995
15429,0.025543911
15430,0.019454252
15431,0.0048228535
15432,0.021387931
15433,0.055010915
15434,0.055928078
15435,0.11154488
15436,0.10904371
15437,0.02827235
15438,0.024950506
15439,0.05074981
15440,0.13216764
15441,0.1007838
15442,0.08047663
15443,0.08553866
15444,0.0329863
15445,0.050780047
15446,0.14928669
15447,0.24878748
15448,0.13236804
15449,0.008985592
15450,0.007473493
15451,0.054671112
15452,0.019434417
15453,0.011538796
15454,0.015775952
15455,0.027668165
15456,0.042257436
15457,0.006480922
15458,0.01865245
15459,0.013287084
15460,0.009420142
15461,0.019852212
15462,0.035215806
15463,0.06837309
15464,0.12189087
15465,0.003452093
15466,0.13098887
15467,0.007975258
15468,0.37799534
15469,0.021191483
15470,0.04291263
15471,0.013168665
15472,0.028409656
15473,0.028123485
15474,0.024477677
15475,0.0318189
15476,0.015571168
15477,0.0044650184
15478,0.045583732
15479,0.027088178
15480,0.02933382
15481,0.05095071
15482,0.017705407
15483,0.005637581
15484,0.009489676
15485,0.120850734
15486,0.038729813
15487,0.056655385
15488,0.003845345
15489,0.004001696
15490,0.03141373
15491,0.009321656
15492,0.116575316
15493,0.012799703
15494,0.0041334056
15495,0.239791
15496,0.07030853
15497,0.07405164
15498,0.08888618
15499,0.09184001
15500,0.04481127
15501,0.019979028
15502,0.09646144
15503,0.024938794
15504,0.10647033
15505,0.003555505
15506,0.124084994
15507,0.019124359
15508,0.036840133
15509,0.04301983
15510,0.027160883
15511,0.008594296
15512,0.011624205
15513,0.0116383005
15514,0.006452852
15515,0.0529005
15516,0.01727918
15517,0.016303932
15518,0.0781075
15519,0.0818044
15520,0.025679976
15521,0.13136326
15522,0.014889707
15523,0.026996382
15524,0.024702681
15525,0.06378985
15526,0.029643098
15527,0.015663367
15528,0.03869496
15529,0.01587322
15530,0.04025324
15531,0.0047673886
15532,0.04265533
15533,0.09443795
15534,0.26498693
15535,0.07561713
15536,0.021958081
15537,0.022812886
15538,0.039705582
15539,0.0744025
15540,0.029604148
15541,0.04159696
15542,0.026397957
15543,0.08430087
15544,0.033410847
15545,0.03676103
15546,0.07587495
15547,0.022707995
15548,0.18171537
15549,0.03085596
15550,0.37319508
15551,0.37517357
15552,0.035412803
15553,0.30220643
15554,0.08014899
15555,0.3696224
15556,0.16429543
15557,0.1286088
15558,0.029531071
15559,0.0008465418
15560,0.06372949
15561,0.0037511825
15562,0.14448139
15563,0.24544281
15564,0.025652956
15565,0.7433742
15566,0.14436653
15567,0.04202364
15568,0.23636274
15569,0.0360446
15570,0.027696319
15571,0.03000599
15572,0.114016615
15573,0.039084252
15574,0.021924824
15575,0.02061812
15576,0.14336361
15577,0.49354947
15578,0.42931202
15579,0.052685756
15580,0.14087462
15581,0.16107923
15582,0.048025463
15583,0.047136582
15584,0.028638232
15585,0.09237036
15586,0.071112745
15587,0.35325417
15588,0.15523964
15589,0.20315778
15590,0.45835078
15591,0.15508269
15592,0.030944249
15593,0.39315996
15594,0.011478474
15595,0.06428822
15596,0.34407106
15597,0.0538959
15598,0.10447354
15599,0.043368403
15600,0.044502683
15601,0.1059216
15602,0.14398831
15603,0.047503047
15604,0.02325994
15605,0.04166467
15606,0.3805292
15607,0.09676195
15608,0.03684221
15609,0.071909934
15610,0.07935221
15611,0.10541969
15612,0.040137053
15613,0.04496081
15614,0.000829169
15615,0.030919673
15616,0.12618953
15617,0.025091331
15618,0.068297334
15619,0.18233453
15620,0.04617653
15621,0.26219192
15622,0.0
15623,0.03866071
15624,0.10005263
15625,0.01576928
15626,0.013735228
15627,0.42740956
15628,0.12750015
15629,0.10411778
15630,0.29615203
15631,0.39274386
15632,0.09423673
15633,0.06788627
15634,0.013633443
15635,0.016872518
15636,0.016288517
15637,0.008815041
15638,0.051686756
15639,0.012914207
15640,0.092454195
15641,0.06646309
15642,0.10550142
15643,0.2800061
15644,0.39098412
15645,0.0
15646,0.020682458
15647,0.09305317
15648,0.06370566
15649,0.011722034
15650,0.0201492
15651,0.046854045
15652,0.24432741
15653,0.024037875
15654,0.06755898
15655,0.029473815
15656,0.08219066
15657,0.22716855
15658,0.40451318
15659,0.03497919
15660,0.08071309
15661,0.009562253
15662,0.027239127
15663,0.047388077
15664,0.05730288
15665,0.013238912
15666,0.02695038
15667,0.016333273
15668,0.12188284
15669,0.15272877
15670,0.097782105
15671,0.09608036
15672,0.088342324
15673,0.02863018
15674,0.05036851
15675,0.05121347
15676,0.064519085
15677,0.10022422
15678,0.06629518
15679,0.117945574
15680,0.027387235
15681,0.064631894
15682,0.049441885
15683,0.033896927
15684,0.031681504
15685,0.044084918
15686,0.05286559
15687,0.024485502
15688,0.08642995
15689,0.2599352
15690,0.24266598
15691,0.061739683
15692,0.0591561
15693,0.032504156
15694,0.113230556
15695,0.06710874
15696,0.015146288
15697,0.08437409
15698,0.015036277
15699,0.038004223
15700,0.16585353
15701,0.05374458
15702,0.05982215
15703,0.052428063
15704,0.15130982
15705,0.08790124
15706,0.23587395
15707,0.1848586
15708,0.13617381
15709,0.09089549
15710,0.06686694
15711,0.026167426
15712,0.10302298
15713,0.067456014
15714,0.048434965
15715,0.16935746
15716,0.05820446
15717,0.4365271
15718,0.11660495
15719,0.1281692
15720,0.07278844
15721,0.05570394
15722,0.031406313
15723,0.089315996
15724,0.028274838
15725,0.029646136
15726,0.035905495
15727,0.10266536
15728,0.07280721
15729,0.07308926
15730,0.08993289
15731,0.12809789
15732,0.23096497
15733,0.38659373
15734,0.081584014
15735,0.037737742
15736,0.09792729
15737,0.023924528
15738,0.07223131
15739,0.029246751
15740,0.08835245
15741,0.07809564
15742,0.08937759
15743,0.044626415
15744,0.10089522
15745,0.03420669
15746,0.072359286
15747,0.03029943
15748,0.02628836
15749,0.15195465
15750,0.007233319
15751,0.039427087
15752,0.07011995
15753,0.04778395
15754,0.012279326
15755,0.03866285
15756,0.047910087
15757,0.08466171
15758,0.08761119
15759,0.15125942
15760,0.1438556
15761,0.39037383
15762,0.1408648
15763,0.18485379
15764,0.015649948
15765,0.09621547
15766,0.0093958005
15767,0.09714883
15768,0.060834058
15769,0.11340274
15770,0.048920084
15771,0.046732493
15772,0.05170195
15773,0.029235635
15774,0.07067937
15775,0.08897667
15776,0.0414012
15777,0.08083694
15778,0.029029433
15779,0.10635016
15780,0.029736308
15781,0.06456398
15782,0.112255625
15783,0.09244091
15784,0.16319266
15785,0.4548806
15786,0.11680308
15787,0.13076358
15788,0.07908495
15789,0.12020453
15790,0.107859574
15791,0.09546294
15792,0.06943392
15793,0.008716595
15794,0.02755731
15795,0.3609482
15796,0.074692205
15797,0.094496734
15798,0.04852321
15799,0.096605085
15800,0.020683656
15801,0.018296352
15802,0.028158799
15803,0.053573184
15804,0.22855218
15805,0.068914875
15806,0.06280184
15807,0.14203537
15808,0.6969022
15809,0.07650148
15810,0.0231488
15811,0.3883746
15812,0.08313121
15813,0.2533109
15814,0.21091713
15815,0.10451029
15816,0.04438241
15817,0.024936829
15818,0.09238246
15819,0.12920207
15820,0.04270451
15821,0.13109204
15822,0.09170864
15823,0.07483214
15824,0.015491447
15825,0.040355086
15826,0.02691478
15827,0.036868796
15828,0.0631083
15829,0.08211568
15830,0.020430151
15831,0.12616476
15832,0.14111601
15833,0.14571434
15834,0.08986657
15835,0.07731706
15836,0.14845502
15837,0.18345724
15838,0.22676279
15839,0.08087596
15840,0.08264271
15841,0.02825237
15842,0.16282718
15843,0.58419234
15844,0.05884354
15845,0.06387307
15846,0.37975895
15847,0.14295915
15848,0.008412255
15849,0.06623337
15850,0.2517464
15851,0.25839055
15852,0.007815743
15853,0.08391223
15854,0.091356836
15855,0.25088197
15856,0.14832944
15857,0.15237826
15858,0.19554707
15859,0.370251
15860,0.14860184
15861,0.078803375
15862,0.092634395
15863,0.0730495
15864,0.2730775
15865,0.93764746
15866,0.0046677683
15867,0.051189978
15868,0.3915926
15869,0.057352375
15870,0.25399825
15871,0.020190567
15872,0.025236325
15873,0.06578918
15874,0.11151261
15875,0.025094576
15876,0.08018135
15877,0.0020171704
15878,0.38984236
15879,0.0522915
15880,0.1067057
15881,0.20232874
15882,0.13760939
15883,0.20219041
15884,0.3780251
15885,0.3674792
15886,0.023223065
15887,0.23031934
15888,0.19415872
15889,0.085930906
15890,0.80106956
15891,0.3733218
15892,0.31393957
15893,0.029627228
15894,0.27505174
15895,0.07804948
15896,0.017409025
15897,0.010695192
15898,0.08198725
15899,0.007441337
15900,0.02667135
15901,0.0827243
15902,0.10788396
15903,0.09345557
15904,0.10073345
15905,0.10327172
15906,0.23255365
15907,0.12796077
15908,0.02874068
15909,0.09269956
15910,0.37494487
15911,0.009603901
15912,0.049872596
15913,0.9893683
15914,0.8302625
15915,0.678847
15916,0.029872922
15917,0.022144403
15918,0.090707645
15919,0.36528793
15920,0.08542819
15921,0.07045384
15922,0.08407461
15923,0.113323785
15924,0.091790214
15925,0.00964214
15926,0.38978124
15927,0.005723442
15928,0.035462897
15929,0.13578258
15930,0.10990441
15931,0.0875939
15932,0.06375168
15933,0.38124424
15934,0.3921525
15935,0.023434486
15936,0.09194381
15937,0.12735637
15938,0.10395564
15939,1.0
15940,0.7841121
15941,0.70359755
15942,0.018469557
15943,0.07767808
15944,0.046344724
15945,0.37751564
15946,0.09051226
15947,0.37858388
15948,0.048839316
15949,0.094342045
15950,0.027209219
15951,0.124919675
15952,0.13641259
15953,0.13437724
15954,0.20359008
15955,0.44594684
15956,0.40921912
15957,0.24882793
15958,0.1569531
15959,0.10476272
15960,0.08555232
15961,0.09941989
15962,0.05048203
15963,0.05260264
15964,0.021795293
15965,0.14096782
15966,0.09940433
15967,0.08686528
15968,0.11144829
15969,0.022153419
15970,0.9529568
15971,0.9999672
15972,0.9825042
15973,0.14080785
15974,0.055084266
15975,0.13816571
15976,0.38925213
15977,0.021337155
15978,0.028367989
15979,0.030119095
15980,0.052528806
15981,0.12570095
15982,0.055106156
15983,0.3906514
15984,0.96237093
15985,0.12349514
15986,0.1315155
15987,0.10734354
15988,0.16012
15989,0.073159344
15990,0.38505268
15991,0.24887468
15992,0.03370701
15993,0.11695946
15994,0.1119699
15995,0.09219907
15996,0.065300494
15997,0.3630877
15998,0.20887598
15999,0.18229204
16000,0.096886076
16001,0.033653334
16002,0.084701985
16003,0.1559053
16004,0.23870216
16005,0.04029931
16006,0.049638454
16007,0.05602115
16008,0.028535314
16009,0.03661916
16010,0.05503132
16011,0.077918395
16012,0.23305465
16013,0.57649875
16014,0.25252083
16015,0.25504774
16016,0.13184416
16017,0.18688552
16018,0.23271476
16019,0.49133766
16020,0.06663673
16021,0.041036308
16022,0.055503346
16023,0.050682597
16024,0.14698824
16025,0.2447846
16026,0.09953601
16027,0.3328502
16028,0.27146047
16029,0.1490166
16030,0.9980725
16031,0.11444603
16032,0.016986422
16033,0.22997908
16034,0.23565844
16035,0.049838364
16036,0.17679271
16037,0.12069297
16038,0.053986102
16039,0.04911699
16040,0.0633455
16041,0.14237332
16042,0.38735053
16043,0.28191203
16044,0.4150724
16045,0.27482462
16046,0.15685166
16047,0.13710743
16048,0.25092298
16049,0.1352473
16050,0.094020404
16051,0.055803936
16052,0.3788547
16053,0.2764251
16054,0.0989993
16055,0.0
16056,0.5427908
16057,0.37586242
16058,0.07858957
16059,0.12649575
16060,0.08204777
16061,0.072233915
16062,0.006303887
16063,0.014854954
16064,0.011073424
16065,0.0390154
16066,0.11731868
16067,0.12628411
16068,0.11228837
16069,0.15596625
16070,0.371181
16071,0.7441011
16072,0.39186776
16073,0.3850627
16074,0.39862752
16075,0.10506583
16076,0.01959262
16077,0.07680492
16078,0.086557195
16079,0.12973155
16080,0.2343475
16081,0.08034601
16082,0.026744504
16083,0.07299818
16084,0.13610834
16085,0.01819393
16086,0.033234224
16087,0.092622906
16088,0.009195354
16089,0.03954959
16090,0.016366271
16091,0.013713028
16092,0.05472596
16093,0.07972458
16094,0.085471295
16095,0.08855628
16096,0.2409105
16097,0.18158746
16098,0.39059612
16099,0.7026847
16100,0.49455237
16101,0.3756927
16102,0.13457015
16103,0.06878739
16104,0.03207303
16105,0.05372122
16106,0.09013119
16107,1.0
16108,0.040442534
16109,0.02140667
16110,0.07566853
16111,0.068198785
16112,0.09675913
16113,0.033621684
16114,0.0788411
16115,0.028324934
16116,0.07244598
16117,0.019710321
16118,0.023236867
16119,0.06221768
16120,0.10536994
16121,0.12532528
16122,0.45145562
16123,0.37936887
16124,0.24892879
16125,0.9748139
16126,0.38065168
16127,0.40546492
16128,0.23639794
16129,0.06759811
16130,0.026545275
16131,0.036680315
16132,0.07442194
16133,0.05530947
16134,0.09699238
16135,0.39475182
16136,0.15829141
16137,0.3762638
16138,0.029263334
16139,0.07007498
16140,0.10539149
16141,0.11727552
16142,0.18065436
16143,0.06524256
16144,0.028677834
16145,0.06730976
16146,0.1735453
16147,0.796469
16148,0.36722305
16149,0.4201076
16150,0.23179097
16151,0.38044503
16152,0.23604408
16153,0.096601054
16154,0.036846634
16155,0.007281521
16156,0.02218007
16157,0.0029307362
16158,0.04345269
16159,0.035099644
16160,0.13761552
16161,0.1462346
16162,0.06997498
16163,0.20103073
16164,0.07595145
16165,0.012323106
16166,0.37481326
16167,0.03725911
16168,0.0150351
16169,0.012778008
16170,0.15625459
16171,0.23057984
16172,0.03877877
16173,0.0047450433
16174,0.39644969
16175,0.17825614
16176,0.086870044
16177,0.11113069
16178,0.027453948
16179,0.10331749
16180,0.0959234
16181,0.037031405
16182,0.10253787
16183,0.11486506
16184,0.048197273
16185,0.034875832
16186,0.004449324
16187,0.12466975
16188,0.016172254
16189,0.0019447401
16190,0.11225945
16191,0.04586667
16192,0.037789945
16193,0.17597406
16194,0.05472409
16195,0.0555714
16196,0.0069573857
16197,0.06743304
16198,0.15642758
16199,0.38786423
16200,0.43156376
16201,0.10387769
16202,0.022142459
16203,0.05225214
16204,0.016361114
16205,0.09261153
16206,0.12664759
16207,0.028173089
16208,0.03914911
16209,0.011831399
16210,0.03407943
16211,0.020785432
16212,0.0
16213,0.020440685
16214,0.10550771
16215,0.12660219
16216,0.37672606
16217,0.018358799
16218,0.017829647
16219,0.056079652
16220,0.1160349
16221,0.102659486
16222,0.35684985
16223,0.12139745
16224,0.0152557995
16225,0.10779019
16226,0.03750299
16227,0.018502144
16228,0.08361582
16229,0.114641406
16230,0.053853743
16231,0.028893668
16232,0.014234393
16233,0.20933768
16234,0.0027923612
16235,0.030673662
16236,0.13255046
16237,0.08558935
16238,0.053337276
16239,0.028233483
16240,0.056054495
16241,0.074568786
16242,0.38172987
16243,0.034566645
16244,0.026580518
16245,0.04839275
16246,0.05460392
16247,0.08440158
16248,0.17394985
16249,0.05859512
16250,0.24453087
16251,0.12672694
16252,0.0353925
16253,0.017607307
16254,0.062087778
16255,0.048796937
16256,0.02768668
16257,0.23875602
16258,0.11369259
16259,0.028451422
16260,0.09403172
16261,0.06819118
16262,0.008937252
16263,0.41570464
16264,0.59284306
16265,0.10591928
16266,0.06881185
16267,0.018894985
16268,0.08165055
16269,0.093008175
16270,0.112160556
16271,0.09983641
16272,0.083955854
16273,0.9096277
16274,0.02387272
16275,0.041576557
16276,0.01933296
16277,0.09318501
16278,0.09065485
16279,0.05593969
16280,0.13581653
16281,0.32625964
16282,0.082097694
16283,0.15267445
16284,0.025418393
16285,0.039273355
16286,0.111748695
16287,0.05867573
16288,0.034305625
16289,0.005129746
16290,0.08271825
16291,0.053091027
16292,0.026112363
16293,0.02464963
16294,0.06388355
16295,0.023081014
16296,0.02132402
16297,0.10209307
16298,0.04713218
16299,0.0529669
16300,0.015508921
16301,0.044967894
16302,0.07064862
16303,0.08427183
16304,0.045036875
16305,0.7234793
16306,0.07789041
16307,0.12981868
16308,0.038436886
16309,0.079689406
16310,0.082925
16311,0.015016118
16312,0.382304
16313,0.053476363
16314,0.038321327
16315,0.00028327908
16316,0.045365643
16317,0.10906784
16318,0.025824888
16319,0.11639359
16320,0.055867415
16321,0.045267772
16322,0.3714817
16323,0.024375685
16324,0.017653994
16325,0.0010047678
16326,0.021040857
16327,0.013710141
16328,0.055304114
16329,0.0077645173
16330,0.057598762
16331,0.12363811
16332,0.101186045
16333,0.027896501
16334,0.02076018
16335,0.04897524
16336,0.2322073
16337,0.096923225
16338,0.07767587
16339,0.086270764
16340,0.03156281
16341,0.0503245
16342,0.1442194
16343,0.24329787
16344,0.2369537
16345,0.007964312
16346,0.0070648617
16347,0.015794912
16348,0.0104335435
16349,0.017588206
16350,0.023736952
16351,0.040210094
16352,0.009567795
16353,0.019871477
16354,0.013707875
16355,0.007244049
16356,0.022061834
16357,0.03437482
16358,0.06946521
16359,0.12289551
16360,0.0018398884
16361,0.13324703
16362,0.005816762
16363,0.24828145
16364,0.009635283
16365,0.011190956
16366,0.008297965
16367,0.041616745
16368,0.017209325
16369,0.0142904185
16370,0.026665973
16371,0.030149544
16372,0.0029539405
16373,0.0021048554
16374,0.04630406
16375,0.030010182
16376,0.027551752
16377,0.04958659
16378,0.020045351
16379,0.0041595567
16380,0.015026703
16381,0.007580844
16382,0.123600475
16383,0.03903532
16384,0.05393282
16385,0.005275285
16386,0.03215811
16387,0.118061304
16388,0.0036514555
16389,0.19234218
16390,0.0669678
16391,0.07152678
16392,0.089101955
16393,0.0086329235
16394,0.10039243
16395,0.04510345
16396,0.024801642
16397,0.10393646
16398,0.024593823
16399,0.09983009
16400,0.001196403
16401,0.123108335
16402,0.020437328
16403,0.035603624
16404,0.04228727
16405,0.025250545
16406,0.009762702
16407,0.012524989
16408,0.013251745
16409,0.008376721
16410,0.053107604
16411,0.016264698
16412,0.07928984
16413,0.08127787
16414,0.0113999965
16415,0.13296676
16416,0.016193759
16417,0.025008826
16418,0.021140123
16419,0.023351254
16420,0.06416435
16421,0.026935045
16422,0.012754633
16423,0.039510984
16424,0.014163475
16425,0.034612697
16426,0.013928685
16427,0.100846834
16428,0.20460716
16429,0.07509921
16430,0.022934305
16431,0.033815917
16432,0.040635463
16433,0.03111908
16434,0.0672568
16435,0.024543498
16436,0.017390328
16437,0.02165599
16438,0.09355159
16439,0.0262361
16440,0.025379289
16441,0.07665442
16442,0.034351956
16443,0.11411517
16444,0.03273299
16445,0.17579857
16446,0.23652396
16447,0.028074209
16448,0.032323766
16449,0.30406123
16450,0.06906678
16451,0.32637057
16452,0.16692188
16453,0.24010253
16454,0.031222934
16455,0.0
16456,0.07045539
16457,0.007967554
16458,0.14810221
16459,0.018116476
16460,0.1494953
16461,0.027801452
16462,0.7376558
16463,0.25482377
16464,0.13858792
16465,0.10702484
16466,0.04255195
16467,0.028979551
16468,0.040011417
16469,0.11627375
16470,0.14950058
16471,0.33199373
16472,0.4791602
16473,0.003617029
16474,0.13028046
16475,0.14935298
16476,0.039108977
16477,0.04457766
16478,0.031151785
16479,0.10337355
16480,0.01759642
16481,0.07109938
16482,0.43046853
16483,0.15379533
16484,0.207847
16485,0.4677932
16486,0.14213243
16487,0.032327753
16488,0.40672797
16489,0.06489211
16490,0.35633922
16491,0.054956283
16492,0.096306376
16493,0.04379874
16494,0.04467028
16495,0.11411802
16496,0.13149297
16497,0.050985042
16498,0.023048565
16499,0.04741166
16500,0.03989538
16501,0.40605125
16502,0.09584219
16503,0.03498876
16504,0.07328043
16505,0.08706966
16506,0.09896522
16507,0.041726578
16508,0.1275315
16509,0.07079245
16510,0.27305797
16511,0.26987115
16512,0.041290466
16513,0.09668088
16514,0.016574422
16515,0.01410524
16516,0.4098231
16517,0.13107078
16518,0.10547698
16519,0.2998062
16520,0.43018535
16521,0.09498893
16522,0.069412716
16523,0.017908232
16524,0.018071432
16525,0.020202396
16526,0.054993093
16527,0.006444387
16528,0.009057014
16529,0.0106902355
16530,0.08882183
16531,0.072567284
16532,0.27395934
16533,0.41249162
16534,0.019175528
16535,0.0928454
16536,0.064422116
16537,0.010170457
16538,0.049441263
16539,0.26516718
16540,0.02290921
16541,0.068666935
16542,0.025670178
16543,0.08232605
16544,0.026971122
16545,0.38498527
16546,0.4376696
16547,0.086152256
16548,0.027950626
16549,0.048051786
16550,0.059889752
16551,0.017888842
16552,0.028079353
16553,0.11827881
16554,0.15971556
16555,0.10285241
16556,0.09228968
16557,0.087252416
16558,0.027254663
16559,0.0500746
16560,0.05423719
16561,0.061967134
16562,0.09996616
16563,0.06681912
16564,0.17586985
16565,0.02871289
16566,0.066397466
16567,0.050700627
16568,0.03436345
16569,0.031033598
16570,0.04297027
16571,0.061575245
16572,0.013221428
16573,0.02244232
16574,0.08639555
16575,0.20131202
16576,0.25714627
16577,0.06321251
16578,0.06227379
16579,0.032114528
16580,0.112066165
16581,0.069654256
16582,0.016014615
16583,0.082230836
16584,0.038162325
16585,0.1690123
16586,0.055630933
16587,0.06537799
16588,0.05133754
16589,0.14580193
16590,0.09014763
16591,0.23141828
16592,0.18482837
16593,0.23785852
16594,0.089137025
16595,0.06586343
16596,0.027329322
16597,0.10114925
16598,0.06787578
16599,0.099547654
16600,0.059132848
16601,0.4170388
16602,0.11892463
16603,0.029359177
16604,0.13101363
16605,0.07343364
16606,0.06040515
16607,0.029554885
16608,0.007307697
16609,0.0014677445
16610,0.10452638
16611,0.021908348
16612,0.030422065
16613,0.037082285
16614,0.10416156
16615,0.07248892
16616,0.075783186
16617,0.09000517
16618,0.12992954
16619,0.2331015
16620,0.38894004
16621,0.08403136
16622,0.039798208
16623,0.0964509
16624,0.025106193
16625,0.069715105
16626,0.02712318
16627,0.0
16628,0.09996962
16629,0.0814553
16630,0.09085427
16631,0.048155442
16632,0.09374415
16633,0.03553909
16634,0.07387089
16635,0.032452427
16636,0.15051904
16637,0.012387961
16638,0.03957517
16639,0.07114529
16640,0.050523803
16641,0.012233538
16642,0.038642824
16643,0.049827695
16644,0.08118379
16645,0.09148821
16646,0.150782
16647,0.1412783
16648,0.24724025
16649,0.14189221
16650,0.17356545
16651,0.016362479
16652,0.09853404
16653,0.10513344
16654,0.006779707
16655,0.06424821
16656,0.1101424
16657,0.05055836
16658,0.048098564
16659,0.053328894
16660,0.028884005
16661,0.07698318
16662,0.09560471
16663,0.038192052
16664,0.08047819
16665,0.019292716
16666,0.029887052
16667,0.10894546
16668,0.029731069
16669,0.061673757
16670,0.10756622
16671,0.08991801
16672,0.16603425
16673,0.43123582
16674,0.11226513
16675,0.13148417
16676,0.08274847
16677,0.121556364
16678,0.10001596
16679,0.09628673
16680,0.064943545
16681,0.028608127
16682,0.2716867
16683,0.075471476
16684,0.10005993
16685,0.048485853
16686,0.09480873
16687,0.01353871
16688,0.022016944
16689,0.018976783
16690,0.03002058
16691,0.055326156
16692,0.23585218
16693,0.07005943
16694,0.066053495
16695,0.140678
16696,0.65428
16697,0.08124479
16698,0.02405124
16699,0.261536
16700,0.08423646
16701,0.25070384
16702,0.21005088
16703,0.09784035
16704,0.021513158
16705,0.046751883
16706,0.02663826
16707,0.097582065
16708,0.23082268
16709,0.04365038
16710,0.2282083
16711,0.09705296
16712,0.073322445
16713,0.039937656
16714,0.02929467
16715,0.037249953
16716,0.06028819
16717,0.083072074
16718,0.02128552
16719,0.12736697
16720,0.13240655
16721,0.23518683
16722,0.08886072
16723,0.07632049
16724,0.14610817
16725,0.1838169
16726,0.38898245
16727,0.0763599
16728,0.07619144
16729,0.028104527
16730,0.102837294
16731,0.5584795
16732,0.060524378
16733,0.06453151
16734,0.38751274
16735,0.14373034
16736,0.008519825
16737,0.015350053
16738,0.0072499067
16739,0.06657433
16740,0.069732934
16741,0.25523385
16742,0.25127617
16743,0.010247079
16744,0.08666521
16745,0.09438914
16746,0.2517221
16747,0.14828648
16748,0.160066
16749,0.24460772
16750,0.39464
16751,0.13687119
16752,0.081400804
16753,0.09705517
16754,0.07011285
16755,0.20695983
16756,0.94564337
16757,0.011615279
16758,0.051057898
16759,0.38346687
16760,0.0578222
16761,0.25830224
16762,0.068384275
16763,0.1118122
16764,0.025715621
16765,0.08255326
16766,0.0002552999
16767,0.4026864
16768,0.052673746
16769,0.110006005
16770,0.20512754
16771,0.14021763
16772,0.19809675
16773,0.38673484
16774,0.394989
16775,0.02327424
16776,0.2330317
16777,0.120213255
16778,0.18765436
16779,0.8101962
16780,0.2885426
16781,0.32106388
16782,0.028976116
16783,0.26744688
16784,0.08383347
16785,0.039676107
16786,0.011192839
16787,0.08674889
16788,0.0
16789,0.008942939
16790,0.026516987
16791,0.08303642
16792,0.11259747
16793,0.09443695
16794,0.10632293
16795,0.09915512
16796,0.24431024
16797,0.1302475
16798,0.10467257
16799,0.2523669
16800,0.01172669
16801,0.05237453
16802,0.99207866
16803,0.7929181
16804,0.6656991
16805,0.029926121
16806,0.022503532
16807,0.085553244
16808,0.41063985
16809,0.0911702
16810,0.0149046015
16811,0.07167909
16812,0.027038071
16813,0.08605815
16814,0.11400036
16815,0.092922464
16816,0.009651499
16817,0.38953736
16818,0.004151574
16819,0.03770677
16820,0.14122605
16821,0.11177111
16822,0.08760409
16823,0.06879852
16824,0.2283992
16825,0.42375073
16826,0.029664703
16827,0.09278931
16828,0.12795009
16829,0.21461828
16830,0.9973156
16831,0.810199
16832,0.6691396
16833,0.022777688
16834,0.081975795
16835,0.047064643
16836,0.3929784
16837,0.094751604
16838,0.2520873
16839,0.051609527
16840,0.09489793
16841,0.028963016
16842,0.12835576
16843,0.13898358
16844,0.13885309
16845,0.20264132
16846,0.4595063
16847,0.42669994
16848,0.24989085
16849,0.16200417
16850,0.10587874
16851,0.08517809
16852,0.16480072
16853,0.05028495
16854,0.054999445
16855,0.023614578
16856,0.14283375
16857,0.09485307
16858,0.10100107
16859,0.10496663
16860,0.023021493
16861,0.93058044
16862,1.0
16863,0.99451447
16864,0.13346411
16865,0.05501243
16866,0.15019102
16867,0.2600077
16868,0.023231823
16869,0.029441604
16870,0.03136544
16871,0.05258465
16872,0.12392706
16873,0.059076972
16874,0.38984916
16875,0.9369891
16876,0.12024792
16877,0.12769425
16878,0.1004389
16879,0.16122736
16880,0.07288852
16881,0.37692314
16882,0.24754088
16883,0.035735473
16884,0.12893224
16885,0.110670984
16886,0.08904971
16887,0.06252952
16888,0.029886782
16889,0.273482
16890,0.29512435
16891,0.17699571
16892,0.09501138
16893,0.032313142
16894,0.101801425
16895,0.08657247
16896,0.23459391
16897,0.03635929
16898,0.05286486
16899,0.065008014
16900,0.029664759
16901,0.036538985
16902,0.054259323
16903,0.07932997
16904,0.39273235
16905,0.551349
16906,0.2488938
16907,0.25192925
16908,0.13313541
16909,0.18665187
16910,0.23270747
16911,0.5156141
16912,0.07338468
16913,0.05746896
16914,0.048882853
16915,0.14462562
16916,0.25142434
16917,0.1054616
16918,0.3216118
16919,0.26762968
16920,0.2356377
16921,0.98103607
16922,0.20400803
16923,0.018786263
16924,0.12802152
16925,0.24503045
16926,0.024395458
16927,0.053946074
16928,0.17724606
16929,0.12138907
16930,0.056244716
16931,0.051372223
16932,0.06233729
16933,0.1346962
16934,0.38901645
16935,0.27861923
16936,0.41697782
16937,0.26269475
16938,0.15220201
16939,0.13438976
16940,0.37886763
16941,0.025254793
16942,0.13359198
16943,0.092261046
16944,0.057806145
16945,0.39479685
16946,0.27407587
16947,0.0976192
16948,0.0025610852
16949,0.6030919
16950,0.37246367
16951,0.08401437
16952,0.12687409
16953,0.08505045
16954,0.07308672
16955,0.0088165235
16956,0.03988831
16957,0.10957033
16958,0.11951407
16959,0.10715057
16960,0.15238811
16961,0.3812557
16962,0.71009344
16963,0.40090021
16964,0.38912854
16965,0.42337203
16966,0.10204212
16967,0.07879946
16968,0.106602594
16969,0.22865438
16970,0.16118029
16971,0.08195681
16972,0.027202867
16973,0.07578506
16974,0.13921992
16975,0.020356791
16976,0.03648222
16977,0.09667835
16978,0.021428885
16979,0.038166832
16980,0.015841622
16981,0.010925668
16982,0.05254163
16983,0.08317443
16984,0.08353813
16985,0.08996626
16986,0.24471919
16987,0.24430571
16988,0.39490095
16989,0.71908635
16990,0.4912601
16991,0.27262986
16992,0.14024639
16993,0.06668111
16994,0.03856803
16995,0.055057757
16996,0.08477133
16997,0.018862776
16998,0.0005533667
16999,0.061235547
17000,0.99778426
17001,0.03864212
17002,0.02458054
17003,0.07334946
17004,0.06953842
17005,0.0943611
17006,0.031516466
17007,0.07832228
17008,0.030571854
17009,0.07450782
17010,0.021766018
17011,0.024833243
17012,0.060715977
17013,0.1062386
17014,0.12682848
17015,0.45296466
17016,0.39888468
17017,0.27206078
17018,0.9586902
17019,0.3825934
17020,0.3968327
17021,0.24459407
17022,0.06262493
17023,0.027110146
17024,0.036661062
17025,0.07416806
17026,0.057508186
17027,0.06646719
17028,0.103220865
17029,0.40815985
17030,0.17229006
17031,0.38224867
17032,0.03117974
17033,0.0713387
17034,0.10357757
17035,0.11355777
17036,0.17675711
17037,0.068121605
17038,0.02863678
17039,0.0121973585
17040,0.064563684
17041,0.16392085
17042,0.8354332
17043,0.36005464
17044,0.4643614
17045,0.2413634
17046,0.3586486
17047,0.17180727
17048,0.09574439
17049,0.03881959
17050,0.009919851
17051,0.022793915
17052,0.033907376
17053,0.14016731
17054,0.14509912
17055,0.07204093
17056,0.2534561
17057,0.07558052
17058,0.014937669
17059,0.3934824
17060,0.03942858
17061,0.015615867
17062,0.14822443
17063,0.2308918
17064,0.040013544
17065,0.005362794
17066,0.40458533
17067,0.17345719
17068,0.08899976
17069,0.108377345
17070,0.02891113
17071,0.099686064
17072,0.09825529
17073,0.039859585
17074,0.09925084
17075,0.117136344
17076,0.047582366
17077,0.0039185146
17078,0.12807077
17079,0.01702099
17080,0.10975458
17081,0.03929334
17082,0.17032805
17083,0.05779196
17084,0.056368373
17085,0.0059410776
17086,0.07019486
17087,0.1551858
17088,0.38465214
17089,0.43755025
17090,0.090911575
17091,0.02393491
17092,0.055616196
17093,0.01744586
17094,0.09764579
17095,0.12711135
17096,0.021814251
17097,0.042376384
17098,0.014506866
17099,0.0373215
17100,0.0019772532
17101,0.020497004
17102,0.105088666
17103,0.12411125
17104,0.3916618
17105,0.018526802
17106,0.016613964
17107,0.05787413
17108,0.117539614
17109,0.10098319
17110,0.39395997
17111,0.121619344
17112,0.019281637
17113,0.11357494
17114,0.040817928
17115,0.083918065
17116,0.11915177
17117,0.052920684
17118,0.014786936
17119,0.20352376
17120,0.0
17121,0.0015680763
17122,0.032376196
17123,0.13285257
17124,0.0818543
17125,0.054745544
17126,0.030191178
17127,0.05706469
17128,0.07208414
17129,0.28193066
17130,0.033552606
17131,0.026232472
17132,0.050576612
17133,0.05234565
17134,0.0846108
17135,0.17264798
17136,0.057871204
17137,0.25154623
17138,0.13006204
17139,0.03858743
17140,0.014516501
17141,0.058368325
17142,0.04986218
17143,0.028954394
17144,0.24370298
17145,0.12536426
17146,0.031594895
17147,0.09608724
17148,0.06794135
17149,0.0126137445
17150,0.40711987
17151,0.59942025
17152,0.17752251
17153,0.0677552
17154,0.019798255
17155,0.08064984
17156,0.09601558
17157,0.1072287
17158,0.0992296
17159,0.08977086
17160,0.901791
17161,0.02151534
17162,0.044026587
17163,0.09875071
17164,0.09793276
17165,0.027134275
17166,0.05675669
17167,0.13688964
17168,0.40888
17169,0.08757935
17170,0.15127142
17171,0.028141595
17172,0.039824277
17173,0.038839184
17174,0.111827604
17175,0.05736699
17176,0.035975095
17177,0.010295099
17178,0.08279193
17179,0.05318918
17180,0.02562527
17181,0.0689363
17182,0.025384815
17183,0.01926118
17184,0.10862866
17185,0.049250994
17186,0.05579125
17187,0.015924037
17188,0.045000058
17189,0.076770775
17190,0.090557225
17191,0.032016218
17192,0.05008785
17193,0.7735721
17194,0.07947516
17195,0.1267192
17196,0.06457004
17197,0.040655527
17198,0.08260823
17199,0.08303017
17200,0.015670529
17201,0.028507525
17202,0.25402516
17203,0.053190876
17204,0.0
17205,0.007450834
17206,0.011973615
17207,0.037365925
17208,0.0010596176
17209,0.04722293
17210,0.113287926
17211,0.024422435
17212,0.00082407193
17213,0.11454678
17214,0.057890143
17215,0.021512153
17216,0.046686154
17217,0.3773883
17218,0.02654021
17219,0.01027091
17220,0.019955117
17221,0.056323323
17222,0.0087564355
17223,0.057795163
17224,0.124603316
17225,0.10562909
17226,0.030450748
17227,0.022810495
17228,0.052801415
17229,0.13882473
17230,0.100557804
17231,0.08446817
17232,0.083454706
17233,0.030372424
17234,0.05181597
17235,0.0023391668
17236,0.14626826
17237,0.24923654
17238,0.1288525
17239,0.011755348
17240,0.0075660944
17241,0.058027536
17242,0.017915327
17243,0.0120170545
17244,0.016505418
17245,0.025310952
17246,0.042638447
17247,0.01995066
17248,0.015416436
17249,0.012026357
17250,0.021323383
17251,0.037097897
17252,0.06815072
17253,0.12243795
17254,0.002254345
17255,0.13033023
17256,0.012046112
17257,0.18527274
17258,0.010742858
17259,0.04228086
17260,0.016920881
17261,0.016285608
17262,0.026908597
17263,0.029031867
17264,0.026852418
17265,0.035427764
17266,0.020170398
17267,0.006188863
17268,0.046154425
17269,0.029706525
17270,0.029710315
17271,0.05004362
17272,0.0175498
17273,0.014666412
17274,0.011092496
17275,0.12280565
17276,0.039569873
17277,0.057916302
17278,0.002078365
17279,0.00639581
17280,0.034644503
17281,0.11440239
17282,0.008032398
17283,0.0034665654
17284,0.19231221
17285,0.068986714
17286,0.075530484
17287,0.08799246
17288,0.0024242762
17289,0.098253146
17290,0.046240613
17291,0.021317959
17292,0.010553967
17293,0.10458241
17294,0.10661125
17295,0.004764563
17296,0.12681188
17297,0.020751476
17298,0.024440534
17299,0.04484355
17300,0.02635993
17301,0.025192706
17302,0.012781678
17303,0.012540398
17304,0.0073553603
17305,0.053750794
17306,0.018057479
17307,0.077454746
17308,0.0795285
17309,0.0057519837
17310,0.22597016
17311,0.015459211
17312,0.030788183
17313,0.013026584
17314,0.0069173323
17315,0.027562024
17316,0.063631505
17317,0.03063114
17318,0.01664337
17319,0.043639556
17320,0.017934287
17321,0.03674897
17322,0.016284699
17323,0.039376743
17324,0.11830587
17325,0.20369194
17326,0.076488145
17327,0.02288864
17328,0.015731663
17329,0.035398893
17330,0.03034613
17331,0.10695174
17332,0.04380683
17333,0.026986372
17334,0.080816284
17335,0.07621937
17336,0.0067632813
17337,0.16091673
17338,0.06336555
17339,0.07083425
17340,0.15241499
17341,0.39274153
17342,0.0071059912
17343,0.054568026
17344,0.0036167307
17345,0.26068607
17346,0.077307686
17347,0.3160744
17348,0.13007918
17349,0.10358324
17350,0.057881184
17351,0.001134329
17352,0.018335236
17353,0.015939381
17354,0.0203916
17355,0.3753738
17356,0.04166202
17357,0.64028335
17358,0.2895354
17359,0.06416848
17360,0.2315885
17361,0.03174475
17362,0.10885783
17363,0.04813278
17364,0.017181227
17365,0.013387217
17366,0.13106287
17367,0.2416268
17368,0.4247496
17369,0.455117
17370,0.15115795
17371,0.23885703
17372,0.071551524
17373,0.066569194
17374,0.08166779
17375,0.009943659
17376,0.07110022
17377,0.024151025
17378,0.4060073
17379,0.12006487
17380,0.23666494
17381,0.43928692
17382,0.06715902
17383,0.008347798
17384,0.47237575
17385,0.07943597
17386,0.33375207
17387,0.09469727
17388,0.10162787
17389,0.044545658
17390,0.055406097
17391,0.008999207
17392,0.115632616
17393,0.06563146
17394,0.050814565
17395,0.031415623
17396,0.023509981
17397,0.04378645
17398,0.3774469
17399,0.04705804
17400,0.051835123
17401,0.07957291
17402,0.0745553
17403,0.08812169
17404,0.036790054
17405,0.054741148
17406,0.03167476
17407,0.11052469
17408,0.033402596
17409,0.06345541
17410,0.17522958
17411,0.25136527
17412,0.03241087
17413,0.06617971
17414,0.027022345
17415,0.03192845
17416,0.017202903
17417,0.45575696
17418,0.15509847
17419,0.08260057
17420,0.38322678
17421,0.3055009
17422,0.024912305
17423,0.13277578
17424,0.06538991
17425,0.021964272
17426,0.018577257
17427,0.017702682
17428,0.0035204757
17429,0.04703968
17430,0.0
17431,0.076080985
17432,0.08899642
17433,0.11180889
17434,0.09757822
17435,0.25276813
17436,0.38890716
17437,0.01161915
17438,0.13172135
17439,0.070054896
17440,0.02498548
17441,0.027546179
17442,0.024292693
17443,0.031412102
17444,0.28817943
17445,0.059246343
17446,0.0038198947
17447,0.04098422
17448,0.07765514
17449,0.15490496
17450,0.39477664
17451,0.043922268
17452,0.09039799
17453,0.023768326
17454,0.067511044
17455,0.09806356
17456,0.019638158
17457,0.037558917
17458,0.019165171
17459,0.16135296
17460,0.16825747
17461,0.08972756
17462,0.09859667
17463,0.10506885
17464,0.01387402
17465,0.030224439
17466,0.06424885
17467,0.050260056
17468,0.12708375
17469,0.09344881
17470,0.15015052
17471,0.024549609
17472,0.06073389
17473,0.0488847
17474,0.031166835
17475,0.027038774
17476,0.055102378
17477,0.05498357
17478,0.025898172
17479,0.020882487
17480,0.0715394
17481,0.20012186
17482,0.23919035
17483,0.059685662
17484,0.045507766
17485,0.029471448
17486,0.10222146
17487,0.08883021
17488,0.01681112
17489,0.07269039
17490,0.012802715
17491,0.037895504
17492,0.16277358
17493,0.045903023
17494,0.047547385
17495,0.06019836
17496,0.08695248
17497,0.07558623
17498,0.2311002
17499,0.17116289
17500,0.23550831
17501,0.08793979
17502,0.06812425
17503,0.027589662
17504,0.079749614
17505,0.066251725
17506,0.009780938
17507,0.120550536
17508,0.061250363
17509,0.45690635
17510,0.11874643
17511,0.026226392
17512,0.11124574
17513,0.06092484
17514,0.06487991
17515,0.014902471
17516,0.15337081
17517,0.028827025
17518,0.03733438
17519,0.11085507
17520,0.06536175
17521,0.07453557
17522,0.074256584
17523,0.14489876
17524,0.23983216
17525,0.28909656
17526,0.08936427
17527,0.038468737
17528,0.109289385
17529,0.024987789
17530,0.061172962
17531,0.10726528
17532,0.06878308
17533,0.0990759
17534,0.032960277
17535,0.08910359
17536,0.042958327
17537,0.06812358
17538,0.03971985
17539,0.020191804
17540,0.17525862
17541,0.02851502
17542,0.045836244
17543,0.08792715
17544,0.045317307
17545,0.017476154
17546,0.057116657
17547,0.056157924
17548,0.08734553
17549,0.075611286
17550,0.14862368
17551,0.14060639
17552,0.22431956
17553,0.23032367
17554,0.1666489
17555,0.014889531
17556,0.10610472
17557,0.08031702
17558,0.05546721
17559,0.08311323
17560,0.0451196
17561,0.03253629
17562,0.013573121
17563,0.07528072
17564,0.079732984
17565,0.049052637
17566,0.08443654
17567,0.0061140163
17568,0.026932511
17569,0.02645052
17570,0.13742062
17571,0.03680927
17572,0.06635286
17573,0.13062294
17574,0.07739759
17575,0.14300786
17576,0.35450637
17577,0.11287844
17578,0.14866199
17579,0.08367273
17580,0.130535
17581,0.086918235
17582,0.117611155
17583,0.08213719
17584,0.013181317
17585,0.022055259
17586,0.3321433
17587,0.06916744
17588,0.093419336
17589,0.0720024
17590,0.0779932
17591,0.033694196
17592,0.021414282
17593,0.03778675
17594,0.053500984
17595,0.23783049
17596,0.0913124
17597,0.08807972
17598,0.13857426
17599,0.71163297
17600,0.116051435
17601,0.02504422
17602,0.39117557
17603,0.09357004
17604,0.2714989
17605,0.21046807
17606,0.09688482
17607,0.019780982
17608,0.06991713
17609,0.10184585
17610,0.14985602
17611,0.059080515
17612,0.24022071
17613,0.09264797
17614,0.07654935
17615,0.0039052868
17616,0.030352201
17617,0.03656625
17618,0.07359095
17619,0.07681186
17620,0.023457509
17621,0.13673936
17622,0.13521959
17623,0.15655746
17624,0.10252825
17625,0.06379637
17626,0.13428478
17627,0.23612401
17628,0.37661192
17629,0.09154724
17630,0.06982542
17631,0.030412588
17632,0.013530045
17633,0.057246573
17634,0.44139582
17635,0.056991115
17636,0.39505306
17637,0.23356389
17638,0.0033277122
17639,0.012890178
17640,0.012147559
17641,0.067474216
17642,0.062443156
17643,0.24279433
17644,0.24150814
17645,0.07833297
17646,0.06368553
17647,0.14861953
17648,0.14534885
17649,0.16094136
17650,0.17672847
17651,0.38325566
17652,0.13279024
17653,0.06136046
17654,0.08883381
17655,0.070637144
17656,0.281032
17657,0.81537414
17658,0.046031885
17659,0.3956755
17660,0.06669667
17661,0.26157558
17662,0.017876018
17663,0.072968066
17664,0.10707145
17665,0.026221432
17666,0.06449362
17667,0.0069237333
17668,0.41249377
17669,0.054780502
17670,0.10727825
17671,0.24513622
17672,0.13907325
17673,0.21838607
17674,0.4032727
17675,0.38328585
17676,0.15371129
17677,0.18660614
17678,0.13955416
17679,0.91046196
17680,0.32841426
17681,0.4012026
17682,0.028614806
17683,0.22155575
17684,0.04592165
17685,0.02197693
17686,0.01907984
17687,0.012866877
17688,0.08717446
17689,0.0037277136
17690,0.026094425
17691,0.09155868
17692,0.1039095
17693,0.13700582
17694,0.13261725
17695,0.107679166
17696,0.22705859
17697,0.23118211
17698,0.097709246
17699,0.39128563
17700,0.03023712
17701,0.072394766
17702,0.96340114
17703,0.9353995
17704,0.6471048
17705,0.0
17706,0.031061493
17707,0.014359307
17708,0.10894988
17709,0.39510235
17710,0.09282995
17711,0.009987171
17712,0.059315078
17713,0.015337799
17714,0.07250306
17715,0.12184791
17716,0.084263235
17717,0.010525359
17718,0.40448564
17719,0.020571234
17720,0.039398804
17721,0.24718921
17722,0.10059672
17723,0.08232531
17724,0.07127284
17725,0.24169625
17726,0.38911748
17727,0.031147514
17728,0.1161208
17729,0.11170656
17730,0.09682318
17731,0.9970865
17732,0.8335247
17733,0.63425267
17734,0.01812064
17735,0.06891904
17736,0.023606682
17737,0.32305625
17738,0.095343634
17739,0.25419387
17740,0.08667135
17741,0.036598753
17742,0.14457822
17743,0.12545075
17744,0.16286057
17745,0.16840108
17746,0.48510826
17747,0.4452563
17748,0.24088259
17749,0.15703718
17750,0.11137018
17751,0.06305645
17752,0.11142542
17753,0.07243841
17754,0.0669536
17755,0.13637638
17756,0.15374544
17757,0.07812773
17758,0.11442576
17759,0.023508575
17760,0.8549775
17761,1.0
17762,0.99111086
17763,0.15859814
17764,0.036825616
17765,0.21546528
17766,0.28006223
17767,0.030766081
17768,0.031570293
17769,0.03836997
17770,0.12121134
17771,0.07383917
17772,0.39239502
17773,0.99683577
17774,0.09096198
17775,0.12743261
17776,0.1095311
17777,0.15936896
17778,0.08516203
17779,0.3733279
17780,0.14577323
17781,0.030176215
17782,0.092351325
17783,0.10013694
17784,0.094448894
17785,0.051779278
17786,0.03909233
17787,0.26703918
17788,0.38130355
17789,0.19816022
17790,0.091868125
17791,0.08770738
17792,0.081362784
17793,0.25396267
17794,0.032331496
17795,0.04950896
17796,0.05018704
17797,0.044252157
17798,0.033106085
17799,0.06907254
17800,0.06434048
17801,0.4003235
17802,0.5528585
17803,0.24928111
17804,0.24503265
17805,0.13493815
17806,0.18248133
17807,0.1641841
17808,0.5994365
17809,0.04983856
17810,0.04069412
17811,0.057088755
17812,0.03601462
17813,0.09708563
17814,0.16088231
17815,0.1363217
17816,0.45145217
17817,0.29998812
17818,0.23893091
17819,1.0
17820,0.17349592
17821,0.027778005
17822,0.14219625
17823,0.25041747
17824,0.04713403
17825,0.07429339
17826,0.19398512
17827,0.10861423
17828,0.047415897
17829,0.057836153
17830,0.052224927
17831,0.23926768
17832,0.3981223
17833,0.28724885
17834,0.44519356
17835,0.3769652
17836,0.14695607
17837,0.1508091
17838,0.2502512
17839,0.024881905
17840,0.13078406
17841,0.09338118
17842,0.06549391
17843,0.40169567
17844,0.2826378
17845,0.080693804
17846,0.0010064214
17847,0.46633136
17848,0.37729192
17849,0.07331578
17850,0.11518199
17851,0.09122993
17852,0.0697695
17853,0.010023569
17854,0.03960213
17855,0.08424229
17856,0.1269996
17857,0.13114828
17858,0.1447805
17859,0.38189802
17860,0.700176
17861,0.40107933
17862,0.39376765
17863,0.44615218
17864,0.10454672
17865,0.09044346
17866,0.07931352
17867,0.14052695
17868,0.17103064
17869,0.077009305
17870,0.0259982
17871,0.10813207
17872,0.11203927
17873,0.020172937
17874,0.045949385
17875,0.086325966
17876,0.024031976
17877,0.014961686
17878,0.02324826
17879,0.02024212
17880,0.046693876
17881,0.060178496
17882,0.11510792
17883,0.09546367
17884,0.23844755
17885,0.18432315
17886,0.41446942
17887,0.6556991
17888,0.54212683
17889,0.26998258
17890,0.1276501
17891,0.07090977
17892,0.021318678
17893,0.07672882
17894,0.0787214
17895,0.017916452
17896,0.00055961666
17897,0.048076387
17898,0.9688407
17899,0.04975155
17900,0.037148613
17901,0.08091444
17902,0.06924217
17903,0.10735285
17904,0.03355439
17905,0.056067802
17906,0.018755287
17907,0.040185228
17908,0.02457969
17909,0.024626676
17910,0.04728756
17911,0.10502404
17912,0.12857477
17913,0.61301017
17914,0.3904957
17915,0.2417188
17916,0.9229178
17917,0.3825531
17918,0.4345062
17919,0.23930337
17920,0.046638727
17921,0.029285314
17922,0.036188755
17923,0.07302097
17924,0.06331881
17925,0.035793547
17926,0.09631846
17927,0.3871643
17928,0.12425524
17929,0.39942053
17930,0.028660621
17931,0.0876077
17932,0.086368196
17933,0.09838824
17934,0.12541616
17935,0.052310415
17936,0.030428432
17937,0.05106843
17938,0.14882025
17939,0.90845084
17940,0.3815918
17941,0.61522675
17942,0.4012898
17943,0.26117527
17944,0.23617846
17945,0.13270323
17946,0.052488986
17947,0.022051897
17948,0.004621161
17949,0.037132066
17950,0.025469461
17951,0.09102567
17952,0.09047803
17953,0.06867687
17954,0.16342017
17955,0.016207308
17956,0.04867016
17957,0.01669762
17958,0.3917953
17959,0.041644055
17960,0.013033289
17961,0.015506337
17962,0.14165631
17963,0.23747993
17964,0.03994889
17965,0.001747129
17966,0.26222008
17967,0.23578458
17968,0.10054001
17969,0.10245944
17970,0.042190414
17971,0.09179756
17972,0.087123476
17973,0.059112675
17974,0.11051822
17975,0.0898696
17976,0.05429782
17977,0.020890174
17978,0.09785769
17979,0.110705845
17980,0.04576995
17981,0.13900867
17982,0.058301147
17983,0.06655799
17984,0.010318177
17985,0.06494713
17986,0.19692029
17987,0.39893913
17988,0.53792936
17989,0.11353848
17990,0.009716766
17991,0.03521304
17992,0.037829503
17993,0.036214184
17994,0.0997963
17995,0.13313031
17996,0.013898554
17997,0.025188567
17998,0.018225444
17999,0.021132227
18000,0.0069053113
18001,0.012432653
18002,0.11635682
18003,0.106974564
18004,0.4180444
18005,0.01731187
18006,0.017080342
18007,0.121778145
18008,0.07493783
18009,0.106618345
18010,0.3842612
18011,0.13951023
18012,0.0070831887
18013,0.119836435
18014,0.04223778
18015,0.08904048
18016,0.099448636
18017,0.018863847
18018,0.20349334
18019,0.03537314
18020,0.12822326
18021,0.08325598
18022,0.06925305
18023,0.025892118
18024,0.043866947
18025,0.076674156
18026,0.25686476
18027,0.037523877
18028,0.02096132
18029,0.051776182
18030,0.050768573
18031,0.07343885
18032,0.18246168
18033,0.069364525
18034,0.23213513
18035,0.088758394
18036,0.030496554
18037,0.019634776
18038,0.052055545
18039,0.06191414
18040,0.051060114
18041,0.27215132
18042,0.17294015
18043,0.04580155
18044,0.10312738
18045,0.07303147
18046,0.014464068
18047,0.0027669638
18048,0.44430313
18049,0.7082822
18050,0.15165323
18051,0.06487963
18052,0.091412425
18053,0.07571854
18054,0.033297043
18055,0.098949976
18056,0.1055745
18057,0.083240055
18058,0.88829994
18059,0.058033586
18060,0.01862255
18061,0.06802959
18062,0.077145256
18063,0.0136090545
18064,0.05547316
18065,0.11441858
18066,0.4200778
18067,0.079413556
18068,0.2417452
18069,0.028965922
18070,0.06934246
18071,0.037329774
18072,0.11753191
18073,0.050616667
18074,0.03835779
18075,0.011236559
18076,0.0671593
18077,0.04300658
18078,0.029209075
18079,0.028001292
18080,0.064684734
18081,0.015482143
18082,0.13297139
18083,0.0452157
18084,0.05782159
18085,0.0049399943
18086,0.031447083
18087,0.06996338
18088,0.08059176
18089,0.022484323
18090,0.03277732
18091,0.89126366
18092,0.066200845
18093,0.23557337
18094,0.06898315
18095,0.038423244
18096,0.06467705
18097,0.06449438
18098,0.015166573
18099,0.31217077
18100,0.0317705
18101,0.009047548
18102,0.002958968
18103,0.045868028
18104,0.090015
18105,0.01996883
18106,0.12510914
18107,0.053753693
18108,0.021645179
18109,0.04938754
18110,0.38334164
18111,0.027837241
18112,0.027358277
18113,0.0
18114,0.022768931
18115,0.008754573
18116,0.070652224
18117,0.041882295
18118,0.13201146
18119,0.09001201
18120,0.01529323
18121,0.060045917
18122,0.15861055
18123,0.09529362
18124,0.07751679
18125,0.07230126
18126,0.06777021
18127,0.07581037
18128,0.13924775
18129,0.23551278
18130,0.11826842
18131,0.011334663
18132,0.049399227
18133,0.018227821
18134,0.013322368
18135,0.012423761
18136,0.019015431
18137,0.026953211
18138,0.0012849441
18139,0.025136527
18140,0.056433637
18141,0.07120224
18142,0.12942933
18143,0.0020267372
18144,0.14413716
18145,0.006110336
18146,0.19834794
18147,0.04373166
18148,0.014689465
18149,0.011422225
18150,0.030067036
18151,0.038164377
18152,0.023167364
18153,0.051862493
18154,0.006895031
18155,0.08085915
18156,0.034803748
18157,0.028849926
18158,0.018898124
18159,0.061769944
18160,0.015805352
18161,0.004470354
18162,0.0013040578
18163,0.005169162
18164,0.1242286
18165,0.033351347
18166,0.053096566
18167,0.005414498
18168,0.049689043
18169,0.017410008
18170,0.13790476
18171,0.26398963
18172,0.10798375
18173,0.08271933
18174,0.086563624
18175,0.084907845
18176,0.03667216
18177,0.011908758
18178,0.1274759
18179,0.10725676
18180,0.001365258
18181,0.1758162
18182,0.018157419
18183,0.028867075
18184,0.028734686
18185,0.05440274
18186,0.042816233
18187,0.033608343
18188,0.00431942
18189,0.019650813
18190,0.010128707
18191,0.008196061
18192,0.05870285
18193,0.011782358
18194,0.0021502424
18195,0.08899823
18196,0.08538269
18197,0.0036684296
18198,0.002571233
18199,0.24124564
18200,0.01321448
18201,0.02188672
18202,0.031393904
18203,0.033342753
18204,0.007848281
18205,0.019739103
18206,0.023748834
18207,0.06553109
18208,0.028459802
18209,0.017143905
18210,0.049293917
18211,0.054831397
18212,0.012539217
18213,0.004277136
18214,0.029759707
18215,0.16452429
18216,0.20341238
18217,0.0065750647
18218,0.09633319
18219,0.009760611
18220,0.0
18221,0.017153956
18222,0.025401331
18223,0.10499386
18224,0.048684094
18225,0.026326433
18226,0.09257775
18227,0.06456655
18228,0.011536352
18229,0.17513874
18230,0.03986012
18231,0.06913665
18232,0.0629187
18233,0.38231727
18234,0.3873018
18235,0.05632211
18236,0.16660875
18237,0.07595594
18238,0.29715267
18239,0.13333015
18240,0.0888763
18241,0.0023415862
18242,0.052911848
18243,0.07734261
18244,0.021689922
18245,0.23322885
18246,0.04363988
18247,0.6527731
18248,0.27353603
18249,0.060134623
18250,0.12898031
18251,0.06547914
18252,0.01241743
18253,0.033556525
18254,0.02551145
18255,0.10982555
18256,0.045759056
18257,0.019486628
18258,0.018270195
18259,0.13693984
18260,0.23858188
18261,0.4345915
18262,0.4361258
18263,0.06713663
18264,0.23688686
18265,0.024002217
18266,0.08003168
18267,0.06330609
18268,0.087628044
18269,0.06892579
18270,0.40347478
18271,0.11478451
18272,0.12741663
18273,0.4007656
18274,0.07506158
18275,0.011649349
18276,0.48650473
18277,0.083289534
18278,0.66047525
18279,0.09318201
18280,0.10420145
18281,0.048573446
18282,0.059521265
18283,0.1199635
18284,0.1320977
18285,0.04826378
18286,0.03325296
18287,0.021166371
18288,0.0411624
18289,0.27892458
18290,0.048727326
18291,0.051911157
18292,0.07781736
18293,0.07822236
18294,0.087926656
18295,0.05544687
18296,0.036053177
18297,0.111378096
18298,0.06486259
18299,0.16367276
18300,0.26842692
18301,0.03255427
18302,0.0673727
18303,0.036490794
18304,0.025800208
18305,0.45035452
18306,0.15994099
18307,0.083576106
18308,0.2798839
18309,0.31569847
18310,0.13755862
18311,0.06800615
18312,0.020672305
18313,0.02043088
18314,0.016086623
18315,0.0038553125
18316,0.00017587827
18317,0.059911687
18318,0.00522306
18319,0.07601297
18320,0.106049724
18321,0.09143578
18322,0.17553948
18323,0.3669332
18324,0.01232658
18325,0.11875807
18326,0.075550444
18327,0.02369982
18328,0.02832847
18329,0.025121428
18330,0.20272277
18331,0.059054922
18332,0.0074974014
18333,0.035585776
18334,0.081488654
18335,0.036881894
18336,0.09412801
18337,0.38596055
18338,0.04581143
18339,0.09729428
18340,0.022034848
18341,0.023586782
18342,0.06990543
18343,0.09772032
18344,0.013785249
18345,0.039839286
18346,0.017874992
18347,0.16299298
18348,0.17052338
18349,0.09973478
18350,0.10052973
18351,0.10101831
18352,0.029642755
18353,0.06277463
18354,0.049932506
18355,0.060037896
18356,0.12971129
18357,0.09560527
18358,0.1542934
18359,0.025821496
18360,0.059868984
18361,0.046060394
18362,0.030811632
18363,0.027661875
18364,0.05293994
18365,0.057377443
18366,0.01930833
18367,0.068352886
18368,0.19937429
18369,0.37201735
18370,0.058759917
18371,0.044441447
18372,0.030975154
18373,0.10246709
18374,0.089048006
18375,0.015540961
18376,0.072445035
18377,0.16818789
18378,0.04452993
18379,0.047993816
18380,0.06288158
18381,0.013366804
18382,0.15257733
18383,0.07157677
18384,0.24177302
18385,0.17582035
18386,0.23614064
18387,0.08694506
18388,0.0715716
18389,0.028430033
18390,0.07436706
18391,0.06538146
18392,0.009119745
18393,0.11399064
18394,0.060735237
18395,0.51880646
18396,0.120529816
18397,0.029136604
18398,0.11725263
18399,0.06447461
18400,0.06475357
18401,0.019161401
18402,0.15750752
18403,0.031601124
18404,0.028852982
18405,0.037516907
18406,0.10954401
18407,0.06672752
18408,0.11653235
18409,0.07688984
18410,0.14103141
18411,0.2305349
18412,0.37301728
18413,0.09096396
18414,0.035775516
18415,0.110128835
18416,0.024073815
18417,0.06244572
18418,0.0020497239
18419,0.02052686
18420,0.0
18421,0.09728364
18422,0.0724179
18423,0.086618654
18424,0.034820765
18425,0.09635263
18426,0.042332962
18427,0.07525668
18428,0.03801007
18429,0.17937048
18430,0.048134614
18431,0.08588025
18432,0.04395521
18433,0.057456028
18434,0.054738197
18435,0.090220235
18436,0.07397616
18437,0.14853697
18438,0.13546929
18439,0.2396798
18440,0.14369622
18441,0.17213853
18442,0.013147043
18443,0.10798817
18444,0.013642017
18445,0.0777673
18446,0.015505519
18447,0.059287738
18448,0.08202875
18449,0.025026606
18450,0.058502976
18451,0.03185579
18452,0.017195038
18453,0.07826527
18454,0.08046412
18455,0.05598529
18456,0.083932415
18457,0.026413262
18458,0.13378003
18459,0.036306612
18460,0.06310285
18461,0.13532862
18462,0.0726643
18463,0.14275819
18464,0.33527192
18465,0.108034864
18466,0.15138432
18467,0.08142205
18468,0.12838806
18469,0.08358202
18470,0.11940161
18471,0.07799305
18472,0.016228357
18473,0.01880291
18474,0.21162342
18475,0.06683826
18476,0.1010237
18477,0.070555836
18478,0.08276934
18479,0.030228093
18480,0.02090098
18481,0.03582726
18482,0.053603046
18483,0.25590894
18484,0.08926142
18485,0.08946297
18486,0.13892984
18487,0.71589446
18488,0.1096414
18489,0.024148906
18490,0.3816763
18491,0.08970677
18492,0.26700667
18493,0.20993972
18494,0.09524352
18495,0.013173183
18496,0.07650852
18497,0.058232196
18498,0.049461614
18499,0.099557586
18500,0.14878155
18501,0.06552188
18502,0.24017788
18503,0.085025474
18504,0.07936892
18505,0.0059520476
18506,0.029521998
18507,0.0376277
18508,0.07177312
18509,0.076108366
18510,0.023023626
18511,0.14066046
18512,0.13405325
18513,0.24159443
18514,0.10692112
18515,0.06367235
18516,0.1404403
18517,0.17962688
18518,0.36989287
18519,0.09455916
18520,0.07268245
18521,0.027811171
18522,0.011864067
18523,0.059959915
18524,0.42107722
18525,0.038108822
18526,0.061513864
18527,0.39388114
18528,0.14178866
18529,0.018982079
18530,0.011291385
18531,0.011140947
18532,0.07062914
18533,0.06125693
18534,0.2378289
18535,0.23417588
18536,0.078184985
18537,0.064060636
18538,0.14436667
18539,0.14547463
18540,0.15528943
18541,0.16919796
18542,0.37718955
18543,0.13334775
18544,0.023542421
18545,0.06281931
18546,0.07692887
18547,0.07400414
18548,0.37768617
18549,0.85615194
18550,0.004990196
18551,0.040854413
18552,0.38078934
18553,0.0685318
18554,0.37508547
18555,0.0765555
18556,0.11529526
18557,0.026100513
18558,0.063625336
18559,0.405792
18560,0.0551712
18561,0.098234706
18562,0.24604388
18563,0.13802305
18564,0.22850773
18565,0.3782596
18566,0.3912032
18567,0.022914277
18568,0.2352211
18569,0.17134339
18570,0.07908981
18571,0.89583576
18572,0.32034475
18573,0.38591394
18574,0.027725965
18575,0.13294312
18576,0.049364444
18577,0.022262873
18578,0.019555472
18579,0.001986958
18580,0.015849216
18581,0.086850636
18582,0.011459333
18583,0.0062517757
18584,0.023705434
18585,0.14761727
18586,0.10854106
18587,0.13612159
18588,0.13485315
18589,0.09767999
18590,0.23642483
18591,0.24737656
18592,0.03691187
18593,0.1112279
18594,0.24758507
18595,0.07109023
18596,1.0
18597,0.92530745
18598,0.67843425
18599,0.028093342
18600,0.108455144
18601,0.40161353
18602,0.09557197
18603,0.0069340724
18604,0.06316575
18605,0.0146140875
18606,0.07171699
18607,0.12395556
18608,0.08351247
18609,0.008398227
18610,0.38091117
18611,0.018736841
18612,0.035404775
18613,0.14460753
18614,0.09753157
18615,0.081304945
18616,0.06824297
18617,0.24275857
18618,0.38740948
18619,0.029594403
18620,0.10908622
18621,0.11016426
18622,0.19925632
18623,0.98559844
18624,0.78881073
18625,0.6423729
18626,0.014103432
18627,0.07315288
18628,0.025598535
18629,0.3306528
18630,0.09184767
18631,0.24915981
18632,0.081315815
18633,0.036441106
18634,0.14420143
18635,0.12739848
18636,0.15329206
18637,0.1680525
18638,0.454738
18639,0.43142924
18640,0.23284648
18641,0.16256388
18642,0.11392227
18643,0.06068006
18644,0.10512839
18645,0.07169445
18646,0.06830487
18647,0.13351494
18648,0.15438567
18649,0.079186544
18650,0.099167295
18651,0.023764215
18652,0.83832157
18653,0.9977932
18654,0.9907672
18655,0.14627509
18656,0.036470607
18657,0.10301536
18658,0.382206
18659,0.023766147
18660,0.029139105
18661,0.033688404
18662,0.038684394
18663,0.11490034
18664,0.07115981
18665,0.38541028
18666,0.99269193
18667,0.08682012
18668,0.122181445
18669,0.10722584
18670,0.15439305
18671,0.083576076
18672,0.38731396
18673,0.24114807
18674,0.0303835
18675,0.0897112
18676,0.104122065
18677,0.10580461
18678,0.05048427
18679,0.04140496
18680,0.25948313
18681,0.30616167
18682,0.2017013
18683,0.08655529
18684,0.029300347
18685,0.093806
18686,0.0820081
18687,0.24688287
18688,0.031436663
18689,0.048117846
18690,0.050701145
18691,0.042601906
18692,0.031902283
18693,0.064865224
18694,0.0645524
18695,0.41472277
18696,0.5925505
18697,0.25696534
18698,0.186954
18699,0.12622169
18700,0.180089
18701,0.15084903
18702,0.57504547
18703,0.051925927
18704,0.043720737
18705,0.060366742
18706,0.036116064
18707,0.09425252
18708,0.17283005
18709,0.13233215
18710,0.42337367
18711,0.29850572
18712,0.24675408
18713,1.0
18714,0.17494515
18715,0.02485551
18716,0.14822142
18717,0.2529357
18718,0.04987889
18719,0.0783156
18720,0.3889728
18721,0.10715943
18722,0.045492083
18723,0.059017368
18724,0.051722
18725,0.24124224
18726,0.37226903
18727,0.39206856
18728,0.41096434
18729,0.374028
18730,0.14552663
18731,0.15178572
18732,0.36887664
18733,0.14011692
18734,0.09981324
18735,0.06682206
18736,0.40233698
18737,0.28517368
18738,0.07928175
18739,0.0
18740,0.47069302
18741,0.32771507
18742,0.009871896
18743,0.07443503
18744,0.11999258
18745,0.092371725
18746,0.07104058
18747,0.009444308
18748,0.017752774
18749,0.016224874
18750,0.039665423
18751,0.0846557
18752,0.12250432
18753,0.12956333
18754,0.14658715
18755,0.38084966
18756,0.72528
18757,0.37314364
18758,0.36631054
18759,0.40617576
18760,0.099386826
18761,0.018168973
18762,0.08869454
18763,0.081415884
18764,0.13486087
18765,0.17668806
18766,0.07644377
18767,0.022485036
18768,0.10465062
18769,0.112236306
18770,0.024154983
18771,0.0006769355
18772,0.04419093
18773,0.08559926
18774,0.026281301
18775,0.015755167
18776,0.06483029
18777,0.02097321
18778,0.019117368
18779,0.046618804
18780,0.05552799
18781,0.11063453
18782,0.093980506
18783,0.36866617
18784,0.18063365
18785,0.39540732
18786,0.68136775
18787,0.518596
18788,0.2648736
18789,0.12370729
18790,0.07551123
18791,0.017575884
18792,0.0812966
18793,0.08072182
18794,0.019425726
18795,0.0007654654
18796,0.04672797
18797,0.9952486
18798,0.05234213
18799,0.038040776
18800,0.07936509
18801,0.075031266
18802,0.10521585
18803,0.036627896
18804,0.056026954
18805,0.039294817
18806,0.025030512
18807,0.026311953
18808,0.04657839
18809,0.105033524
18810,0.1273201
18811,0.6764219
18812,0.39506415
18813,0.23303403
18814,0.9635726
18815,0.4061906
18816,0.3856846
18817,0.2365108
18818,0.0030436893
18819,0.044636603
18820,0.026098114
18821,0.03926775
18822,0.07406349
18823,0.06297458
18824,0.0028279843
18825,0.037047956
18826,0.09397012
18827,0.37829894
18828,0.07700438
18829,0.36732808
18830,0.028002871
18831,0.07959022
18832,0.08317725
18833,0.10522123
18834,0.12725572
18835,0.048040178
18836,0.028732246
18837,0.055028263
18838,0.1576262
18839,0.9118745
18840,0.38625863
18841,0.5975459
18842,0.23450021
18843,0.36831883
18844,0.17113489
18845,0.1345375
18846,0.051265243
18847,0.0034806763
18848,0.037380207
18849,0.024892017
18850,0.080692925
18851,0.088787965
18852,0.06877836
18853,0.23127373
18854,0.021827584
18855,0.047436044
18856,0.020862859
18857,0.24680786
18858,0.040606212
18859,0.014063204
18860,0.0141354045
18861,0.141956
18862,0.23427254
18863,0.03963621
18864,0.0048384266
18865,0.3994187
18866,0.2369767
18867,0.10233866
18868,0.09940492
18869,0.040928565
18870,0.09614832
18871,0.08611248
18872,0.057303343
18873,0.107402734
18874,0.09138676
18875,0.05230074
18876,0.0066862935
18877,0.16873841
18878,0.101389036
18879,0.04490466
18880,0.14417885
18881,0.05966059
18882,0.07045808
18883,0.013268054
18884,0.066818416
18885,0.18713579
18886,0.3778974
18887,0.6043828
18888,0.10735832
18889,0.019768352
18890,0.035391454
18891,0.037252516
18892,0.10137764
18893,0.13035567
18894,0.012092329
18895,0.027683709
18896,0.015772814
18897,0.018657768
18898,0.008330222
18899,0.0129637355
18900,0.11057664
18901,0.107744426
18902,0.40807286
18903,0.015208857
18904,0.014252687
18905,0.10618589
18906,0.073961966
18907,0.108268
18908,0.3900273
18909,0.13656455
18910,0.007677443
18911,0.010089954
18912,0.236995
18913,0.043329608
18914,0.017678926
18915,0.09401187
18916,0.10172087
18917,0.04746098
18918,0.018847393
18919,0.20364775
18920,0.016275812
18921,0.037008207
18922,0.13086314
18923,0.08614101
18924,0.06551798
18925,0.04357245
18926,0.0783562
18927,0.2547712
18928,0.035999082
18929,0.0211795
18930,0.055523887
18931,0.05066355
18932,0.07121516
18933,0.19319147
18934,0.07280333
18935,0.22891128
18936,0.09244064
18937,0.02807438
18938,0.020373266
18939,0.053495914
18940,0.06544939
18941,0.048196632
18942,0.2732238
18943,0.16823713
18944,0.043977797
18945,0.1075928
18946,0.0765046
18947,0.0
18948,0.41380197
18949,0.70473415
18950,0.105219156
18951,0.06233753
18952,0.013461565
18953,0.096737355
18954,0.07153203
18955,0.031501953
18956,0.095275395
18957,0.09751343
18958,0.08698195
18959,0.86206657
18960,0.051657267
18961,0.015312051
18962,0.06527181
18963,0.07802083
18964,0.015205896
18965,0.12286262
18966,0.32369444
18967,0.079865284
18968,0.13983515
18969,0.06733848
18970,0.038182985
18971,0.11661498
18972,0.051024158
18973,0.037595507
18974,0.007878341
18975,0.06861768
18976,0.04252846
18977,0.028869106
18978,0.028415428
18979,0.062915705
18980,0.014687113
18981,0.1383778
18982,0.05537471
18983,0.032040283
18984,0.06694824
18985,0.089386925
18986,0.02300848
18987,0.033965755
18988,0.9406626
18989,0.069581315
18990,0.123251975
18991,0.07395425
18992,0.03860701
18993,0.063438326
18994,0.06219217
18995,0.01511743
18996,0.023854896
18997,0.39714387
18998,0.032371197
18999,0.008575914
19000,0.0047304956
19001,0.007826088
19002,0.0045625726
19003,0.019325066
19004,0.043415938
19005,0.09043197
19006,0.018905908
19007,0.002215893
19008,0.12783834
19009,0.056770578
19010,0.00022464976
19011,0.049069606
19012,0.23902744
19013,0.02625362
19014,0.0018788405
19015,0.022711651
19016,0.011084978
19017,0.06811148
19018,0.004604997
19019,0.042819384
19020,0.003456354
19021,0.13849182
19022,0.0891271
19023,0.0066335783
19024,0.0139620695
19025,0.017411618
19026,0.020098943
19027,0.060421657
19028,0.15216921
19029,0.092407584
19030,0.08023036
19031,0.07427348
19032,0.06722472
19033,0.07377523
19034,0.13662401
19035,0.22950162
19036,0.22758082
19037,0.010801683
19038,0.049588166
19039,0.015757993
19040,0.011327362
19041,0.011673668
19042,0.017919144
19043,0.024752283
19044,0.003486247
19045,0.018564865
19046,0.0031764116
19047,0.0023079244
19048,0.021795943
19049,0.05523282
19050,0.06741997
19051,0.12475598
19052,0.0015105475
19053,0.0045676352
19054,0.1445883
19055,0.008737361
19056,0.27657974
19057,0.0046459707
19058,0.044463288
19059,0.013404009
19060,0.012089343
19061,0.030079037
19062,0.037266918
19063,0.024834428
19064,0.049254745
19065,0.027283631
19066,0.080390304
19067,0.033392157
19068,0.030546073
19069,0.018391306
19070,0.06126871
19071,0.013961115
19072,0.015808675
19073,0.006471393
19074,0.12120967
19075,0.031642813
19076,0.051033024
19077,0.049545087
19078,0.0010151168
19079,0.017042918
19080,0.13481125
19081,0.017536072
19082,0.0012921382
19083,0.012617536
19084,0.2553486
19085,0.10610934
19086,0.08609925
19087,0.08611283
19088,0.0
19089,0.083998926
19090,0.03682869
19091,0.01169162
19092,0.12463938
19093,0.027905017
19094,0.10042733
19095,0.18825787
19096,0.019963397
19097,0.028277498
19098,0.056303523
19099,0.043155946
19100,0.038080964
19101,0.011631214
19102,0.0076609086
19103,0.0068911356
19104,0.05875838
19105,0.011353481
19106,0.014095371
19107,0.09135581
19108,0.087320924
19109,0.18327257
19110,0.019783672
19111,0.0071160276
19112,0.025203919
19113,0.06309835
19114,0.028216418
19115,0.049189553
19116,0.013358958
19117,0.052298546
19118,0.004312475
19119,0.16749142
19120,0.21219796
19121,0.09471112
19122,0.01152115
19123,0.0
19124,0.040189836
19125,0.019604288
19126,0.05482512
19127,0.053002894
19128,0.045738485
19129,0.028555315
19130,0.044753037
19131,0.08350204
19132,0.054456603
19133,0.0
19134,0.17536952
19135,0.060331307
19136,0.062411427
19137,0.14910461
19138,0.37348437
19139,0.26004764
19140,0.071695924
19141,0.19709587
19142,0.13377263
19143,0.16983408
19144,0.054494318
19145,0.045329425
19146,0.074405044
19147,0.011168057
19148,0.12564665
19149,0.032486215
19150,0.6427704
19151,0.2564649
19152,0.0073376987
19153,0.12789579
19154,0.025307585
19155,0.10901343
19156,0.04141465
19157,0.015888544
19158,0.015072446
19159,0.1315115
19160,0.231379
19161,0.33510786
19162,0.4601513
19163,0.06021611
19164,0.1524001
19165,0.14181767
19166,0.021158531
19167,0.069228165
19168,0.061980586
19169,0.08885019
19170,0.071192145
19171,0.024144039
19172,0.3780986
19173,0.10451634
19174,0.12951523
19175,0.421151
19176,0.009833234
19177,0.4450098
19178,0.012082101
19179,0.08088464
19180,0.64111644
19181,0.08895887
19182,0.09947177
19183,0.046005342
19184,0.052748337
19185,0.114438176
19186,0.06969899
19187,0.045480534
19188,0.03231301
19189,0.024249237
19190,0.04083545
19191,0.28853962
19192,0.048202164
19193,0.055925474
19194,0.079811975
19195,0.07309872
19196,0.09817793
19197,0.032127928
19198,0.11315408
19199,0.061693512
19200,0.17118476
19201,0.1743458
19202,0.0
19203,0.06355445
19204,0.026732488
19205,0.016088482
19206,0.43898904
19207,0.15565851
19208,0.081068195
19209,0.37481833
19210,0.405845
19211,0.13650365
19212,0.06430747
19213,0.012491842
19214,0.022550113
19215,0.01410609
19216,0.003023223
19217,0.043178245
19218,0.004177389
19219,0.06736351
19220,0.107738905
19221,0.096680775
19222,0.17935888
19223,0.38267374
19224,0.010552989
19225,0.13461563
19226,0.0759466
19227,0.022686893
19228,0.02799415
19229,0.022992415
19230,0.02962869
19231,0.2863845
19232,0.018444384
19233,0.05581042
19234,0.034227327
19235,0.06985417
19236,0.031322706
19237,0.15870745
19238,0.39276832
19239,0.0494796
19240,0.09320399
19241,0.020870076
19242,0.021770462
19243,0.07063787
19244,0.10148747
19245,0.037599865
19246,0.15539923
19247,0.17444406
19248,0.09506026
19249,0.093818866
19250,0.099983834
19251,0.025874168
19252,0.05731759
19253,0.04815943
19254,0.05733217
19255,0.12328484
19256,0.092378736
19257,0.14940208
19258,0.024553722
19259,0.059294764
19260,0.045587286
19261,0.030286899
19262,0.026600497
19263,0.051362965
19264,0.051543847
19265,0.018456656
19266,0.065609954
19267,0.20690282
19268,0.36796632
19269,0.055892784
19270,0.043395806
19271,0.028423885
19272,0.09265768
19273,0.08690514
19274,0.01794141
19275,0.06902394
19276,0.03329235
19277,0.16864958
19278,0.042555574
19279,0.04770617
19280,0.05936044
19281,0.011772249
19282,0.1378927
19283,0.07106785
19284,0.22979209
19285,0.18675779
19286,0.2354063
19287,0.08572437
19288,0.0720697
19289,0.02605822
19290,0.07857658
19291,0.06357587
19292,0.0067939884
19293,0.113994084
19294,0.05883743
19295,0.48352423
19296,0.11799547
19297,0.025578996
19298,0.109975144
19299,0.05802148
19300,0.022693163
19301,0.009768302
19302,0.15085341
19303,0.034118623
19304,0.013788709
19305,0.027646637
19306,0.035222813
19307,0.1087185
19308,0.061813235
19309,0.112023756
19310,0.07047022
19311,0.13440211
19312,0.22996241
19313,0.37543052
19314,0.08700831
19315,0.035775226
19316,0.10706541
19317,0.024209717
19318,0.063196175
19319,0.0
19320,0.01851818
19321,0.0
19322,0.08982765
19323,0.072632626
19324,0.09737984
19325,0.034724917
19326,0.08212619
19327,0.04028697
19328,0.06883189
19329,0.034425307
19330,0.17753057
19331,0.028484631
19332,0.08858571
19333,0.04357931
19334,0.016344905
19335,0.055493142
19336,0.055499826
19337,0.08617482
19338,0.07210159
19339,0.1489879
19340,0.12785242
19341,0.23132099
19342,0.13317323
19343,0.16777109
19344,0.01347615
19345,0.10056689
19346,0.07861556
19347,0.053177968
19348,0.08202441
19349,0.025141794
19350,0.05883914
19351,0.026469946
19352,0.079544805
19353,0.07952074
19354,0.050520714
19355,0.08616565
19356,0.023687502
19357,0.028916428
19358,0.13074265
19359,0.034194157
19360,0.059395928
19361,0.13103105
19362,0.069484666
19363,0.13655384
19364,0.35570687
19365,0.10385155
19366,0.23432374
19367,0.07731252
19368,0.124426484
19369,0.08272131
19370,0.11378527
19371,0.07813356
19372,0.010911793
19373,0.018486382
19374,0.32551515
19375,0.06364334
19376,0.09162811
19377,0.07157073
19378,0.07799504
19379,0.007420378
19380,0.03604228
19381,0.053049546
19382,0.3495941
19383,0.08577403
19384,0.08640476
19385,0.13282347
19386,0.70293295
19387,0.110031135
19388,0.023476742
19389,0.36911118
19390,0.0892276
19391,0.26859316
19392,0.21118782
19393,0.09841862
19394,0.015543221
19395,0.07219927
19396,0.047664702
19397,0.0967865
19398,0.1434778
19399,0.059470467
19400,0.16270334
19401,0.08973377
19402,0.08039144
19403,0.026594179
19404,0.03358478
19405,0.072368756
19406,0.074694
19407,0.023695052
19408,0.13578218
19409,0.1386094
19410,0.14845811
19411,0.10264553
19412,0.05902431
19413,0.13482259
19414,0.17473938
19415,0.36324897
19416,0.09557161
19417,0.0036647231
19418,0.072386645
19419,0.026306577
19420,0.01080707
19421,0.055316806
19422,0.41805157
19423,0.03507729
19424,0.048509132
19425,0.38717854
19426,0.22316764
19427,0.011681635
19428,0.010404796
19429,0.06396431
19430,0.061442755
19431,0.23404817
19432,0.38043523
19433,0.07330939
19434,0.059341352
19435,0.23453045
19436,0.13292825
19437,0.15424016
19438,0.23006587
19439,0.372807
19440,0.12931232
19441,0.060622055
19442,0.07875895
19443,0.06907059
19444,0.27904093
19445,0.82761353
19446,0.04263892
19447,0.31118613
19448,0.06590725
19449,0.20449871
19450,0.073342085
19451,0.107594155
19452,0.02563419
19453,0.062994055
19454,0.0053421804
19455,0.40931416
19456,0.114472486
19457,0.11212576
19458,0.2516528
19459,0.1347102
19460,0.23810561
19461,0.38368425
19462,0.3773989
19463,0.022864616
19464,0.15418439
19465,0.16680853
19466,0.08007406
19467,0.9349987
19468,0.39978212
19469,0.37826788
19470,0.026070297
19471,0.22192
19472,0.046906725
19473,0.019810662
19474,0.012317081
19475,0.08778874
19476,0.004522623
19477,0.021797938
19478,0.08539328
19479,0.10293645
19480,0.12721112
19481,0.12545328
19482,0.10630369
19483,0.36512262
19484,0.38076726
19485,0.030953594
19486,0.10644826
19487,0.3915088
19488,0.02958088
19489,0.07065177
19490,0.9936439
19491,0.9022552
19492,0.6786979
19493,0.0039919005
19494,0.017311333
19495,0.11628301
19496,0.3823195
19497,0.09525947
19498,0.0058131227
19499,0.058041196
19500,0.0051701996
19501,0.014968957
19502,0.064986475
19503,0.11464041
19504,0.0794594
19505,0.0067485147
19506,0.4044155
19507,0.01661687
19508,0.03246309
19509,0.13478471
19510,0.09598432
19511,0.080480814
19512,0.066618815
19513,0.38389274
19514,0.41207466
19515,0.026666729
19516,0.12156963
19517,0.11047383
19518,0.09609418
19519,0.99481785
19520,0.77044725
19521,0.57893735
19522,0.071089655
19523,0.022499764
19524,0.005990347
19525,0.32384548
19526,0.08588286
19527,0.20168953
19528,0.041016337
19529,0.08112232
19530,0.033570707
19531,0.14142798
19532,0.122638725
19533,0.15309983
19534,0.16224924
19535,0.48961836
19536,0.41701764
19537,0.24116051
19538,0.1562804
19539,0.11164597
19540,0.058409892
19541,0.103733785
19542,0.06716552
19543,0.06869644
19544,0.023760784
19545,0.13104375
19546,0.15425222
19547,0.08302313
19548,0.094928056
19549,0.019787503
19550,0.8098424
19551,0.99063104
19552,0.9902996
19553,0.15243192
19554,0.03490779
19555,0.1827137
19556,0.0
19557,0.38471103
19558,0.022105053
19559,0.02852294
19560,0.03151054
19561,0.035676453
19562,0.10737364
19563,0.06877222
19564,0.3716253
19565,1.0
19566,0.084484614
19567,0.12113219
19568,0.10686852
19569,0.15192184
19570,0.08120577
19571,0.37647977
19572,0.23669364
19573,0.02885067
19574,0.08711438
19575,0.10313597
19576,0.092004865
19577,0.04948897
19578,0.037997335
19579,0.26160046
19580,0.29996523
19581,0.19927257
19582,0.090544164
19583,0.08314728
19584,0.08866377
19585,0.24668187
19586,0.03048799
19587,0.048485
19588,0.045096446
19589,0.043920252
19590,0.03202242
19591,0.06195652
19592,0.059035346
19593,0.38482085
19594,0.5452959
19595,0.25231442
19596,0.18089615
19597,0.1307877
19598,0.18672004
19599,0.14701034
19600,0.59706545
19601,0.048294384
19602,0.040469684
19603,0.05435347
19604,0.034734458
19605,0.092808835
19606,0.15628944
19607,0.22583675
19608,0.48466945
19609,0.38494197
19610,0.16552632
19611,0.95483935
19612,0.16856596
19613,0.028360046
19614,0.14588934
19615,0.25001475
19616,0.04497615
19617,0.08226674
19618,0.3129994
19619,0.10334211
19620,0.044067033
19621,0.055007447
19622,0.05053036
19623,0.23165612
19624,0.38542095
19625,0.27572682
19626,0.40617776
19627,0.39083105
19628,0.1430709
19629,0.14644729
19630,0.35380596
19631,0.023410952
19632,0.1252971
19633,0.088956885
19634,0.06751689
19635,0.40829316
19636,0.28388968
19637,0.0795323
19638,0.43714148
19639,0.3968793
19640,0.07617558
19641,0.1127434
19642,0.08712292
19643,0.07173255
19644,0.00990536
19645,0.01416757
19646,0.039542146
19647,0.08112857
19648,0.12364563
19649,0.13055193
19650,0.14209594
19651,0.37913004
19652,0.7785449
19653,0.38366774
19654,0.37448704
19655,0.42178485
19656,0.10077945
19657,0.09099
19658,0.08133776
19659,0.13582152
19660,0.23656584
19661,0.07697829
19662,0.021561319
19663,0.097900786
19664,0.11500735
19665,0.02456897
19666,0.000423728
19667,0.042346176
19668,0.086570054
19669,0.023611438
19670,0.013663059
19671,0.056590706
19672,0.02433496
19673,0.017229442
19674,0.043817077
19675,0.05503141
19676,0.102734454
19677,0.09021175
19678,0.24073677
19679,0.17473133
19680,0.3860634
19681,0.7219507
19682,0.53806
19683,0.2659234
19684,0.12841149
19685,0.07297231
19686,0.019303244
19687,0.0798864
19688,0.08311098
19689,0.016402896
19690,0.001043383
19691,0.9958335
19692,0.050632544
19693,0.037895534
19694,0.08455832
19695,0.07199433
19696,0.09985247
19697,0.034982886
19698,0.055837385
19699,0.040030878
19700,0.024410475
19701,0.023955708
19702,0.04627544
19703,0.10354099
19704,0.12213117
19705,0.6093347
19706,0.37049752
19707,0.22699551
19708,0.9303761
19709,0.38070995
19710,0.39386734
19711,0.23120752
19712,0.043125432
19713,0.027114639
19714,0.03504133
19715,0.07351188
19716,0.060137045
19717,0.035663772
19718,0.096561246
19719,0.38691846
19720,0.08070263
19721,0.38083276
19722,0.030437617
19723,0.076928
19724,0.08036054
19725,0.10717564
19726,0.12618752
19727,0.04718239
19728,0.028143225
19729,0.0073586297
19730,0.051397353
19731,0.1504839
19732,0.9424145
19733,0.38056388
19734,0.57323956
19735,0.38124707
19736,0.2576082
19737,0.18577223
19738,0.12782066
19739,0.05477184
19740,0.020597845
19741,0.0016244132
19742,0.033001307
19743,0.02420933
19744,0.0847697
19745,0.08699079
19746,0.06525543
19747,0.22719814
19748,0.01563501
19749,0.046448026
19750,0.24014874
19751,0.040138323
19752,0.0114741605
19753,0.014929593
19754,0.14009246
19755,0.22256179
19756,0.037090752
19757,0.0032125637
19758,0.24241376
19759,0.23132351
19760,0.10109142
19761,0.098926045
19762,0.04092971
19763,0.08631983
19764,0.08461424
19765,0.054624707
19766,0.108436905
19767,0.08790987
19768,0.052250504
19769,0.020678852
19770,0.16974019
19771,0.013746847
19772,0.09348119
19773,0.04391876
19774,0.1397561
19775,0.05758282
19776,0.06303068
19777,0.012607952
19778,0.063352585
19779,0.20470567
19780,0.3865197
19781,0.6080785
19782,0.114016935
19783,0.017741513
19784,0.030676628
19785,0.039155137
19786,0.035919752
19787,0.101998
19788,0.122170016
19789,0.008592195
19790,0.026177377
19791,0.015890297
19792,0.01826647
19793,0.005421093
19794,0.013253035
19795,0.10427381
19796,0.10793869
19797,0.4255816
19798,0.0128028095
19799,0.014369834
19800,0.04164869
19801,0.06838645
19802,0.09914148
19803,0.3688565
19804,0.13303429
19805,0.121412866
19806,0.043342955
19807,0.087824635
19808,0.09029751
19809,0.049526714
19810,0.01578543
19811,0.00039919105
19812,0.27060175
19813,0.012294722
19814,0.03443271
19815,0.12772745
19816,0.086993225
19817,0.06394949
19818,0.024003973
19819,0.04183142
19820,0.07655865
19821,0.2571856
19822,0.037196722
19823,0.01918372
19824,0.054241326
19825,0.049918327
19826,0.06930754
19827,0.18874502
19828,0.07241586
19829,0.22792506
19830,0.08626548
19831,0.02730046
19832,0.050352294
19833,0.06594711
19834,0.048843853
19835,0.26880074
19836,0.16953337
19837,0.04252186
19838,0.09938619
19839,0.07210982
19840,0.012358419
19841,0.00028106384
19842,0.39123124
19843,0.75206697
19844,0.16593052
19845,0.061802357
19846,0.09492653
19847,0.07546823
19848,0.030455785
19849,0.097947456
19850,0.09516813
19851,0.08719367
19852,0.87835926
19853,0.007295476
19854,0.050996665
19855,0.013063413
19856,0.06444486
19857,0.07565067
19858,0.016742628
19859,0.051104683
19860,0.10678587
19861,0.32532746
19862,0.08273286
19863,0.13958906
19864,0.028683215
19865,0.06464695
19866,0.011486757
19867,0.035612565
19868,0.11451592
19869,0.048438642
19870,0.035712507
19871,0.00853476
19872,0.06784778
19873,0.041075315
19874,0.027096836
19875,0.025294106
19876,0.057691988
19877,0.01387328
19878,0.12207388
19879,0.052786898
19880,0.02991266
19881,0.06426953
19882,0.08594973
19883,0.022236524
19884,0.035777558
19885,0.91155535
19886,0.06369349
19887,0.12377912
19888,0.07248427
19889,0.037868872
19890,0.05964411
19891,0.061219994
19892,0.015449141
19893,0.023097306
19894,0.310267
19895,0.031946234
19896,0.008352925
19897,0.006041356
19898,0.017166797
19899,0.04120254
19900,0.090447254
19901,0.018723203
19902,0.00015234559
19903,0.12716727
19904,0.054336954
19905,0.019803409
19906,0.0
19907,0.048283428
19908,0.3712016
19909,0.025653232
19910,0.0
19911,0.021167235
19912,0.0073218173
19913,0.0705173
19914,0.039570816
19915,0.12998767
19916,0.08852112
19917,0.019116592
19918,0.01825362
19919,0.05870394
19920,0.22905804
19921,0.09446364
19922,0.07656299
19923,0.06920878
19924,0.06281464
19925,0.075003326
19926,0.0197087
19927,0.13839422
19928,0.1467087
19929,0.38758382
19930,0.00832014
19931,0.010935821
19932,0.01674416
19933,0.013034282
19934,0.009675832
19935,0.014629971
19936,0.024118569
19937,0.004975958
19938,0.014535893
19939,0.002312081
19940,0.019582288
19941,0.05125184
19942,0.061291296
19943,0.13026023
19944,0.13790561
19945,0.27538553
19946,0.04170979
19947,0.011395968
19948,0.02874289
19949,0.036071148
19950,0.0038069992
19951,0.023001695
19952,0.047473032
19953,0.023006547
19954,0.0034992218
19955,0.003138225
19956,0.0070674685
19957,0.07648254
19958,0.03246214
19959,0.029757641
19960,0.016828256
19961,0.060223248
19962,0.008888991
19963,0.013485917
19964,0.0041230014
19965,0.1199265
19966,0.031512853
19967,0.048610225
19968,0.0037978604
19969,0.048838794
19970,0.004017592
19971,0.014656474
19972,0.13411634
19973,0.009231352
19974,0.2542211
19975,0.09627275
19976,0.08744066
19977,0.08429934
19978,0.08157558
19979,0.033307504
19980,0.010776483
19981,0.12938613
19982,0.027764445
19983,0.10395264
19984,0.17370427
19985,0.016458502
19986,0.025052622
19987,0.028077094
19988,0.056424037
19989,0.03949024
19990,0.02296301
19991,0.003370466
19992,0.019031866
19993,0.0068327617
19994,0.008523152
19995,0.05448911
19996,0.010747116
19997,0.08802328
19998,0.08701183
19999,0.17873606
20000,0.01194702
20001,0.005756474
20002,0.020188252
20003,0.022807764
20004,0.059653193
20005,0.027425557
20006,0.015908824
20007,0.048711963
20008,0.046588283
20009,0.0037879858
20010,0.028607164
20011,0.16480534
20012,0.20884416
20013,0.0019142393
20014,0.097631566
20015,0.008327305
20016,0.041991282
20017,0.022271864
20018,0.017554512
20019,0.035220355
20020,0.055506293
20021,0.026680794
20022,0.08175534
20023,0.035714082
20024,0.03747056
20025,0.18581346
20026,0.037183076
20027,0.062855355
20028,0.06517261
20029,0.15474267
20030,0.12313988
20031,0.27359053
20032,0.44269788
20033,0.12046493
20034,0.17371279
20035,0.05458449
20036,0.043559797
20037,0.07367739
20038,0.014609353
20039,0.12619819
20040,0.033617634
20041,0.6957224
20042,0.13058147
20043,0.049564052
20044,0.12453351
20045,0.05993622
20046,0.008541394
20047,0.11017276
20048,0.041138247
20049,0.014940903
20050,0.13106743
20051,0.121836066
20052,0.43533292
20053,0.45287415
20054,0.03786159
20055,0.15649608
20056,0.23977453
20057,0.019508619
20058,0.06952623
20059,0.06630925
20060,0.08377636
20061,0.07100646
20062,0.42226297
20063,0.11516704
20064,0.13154364
20065,0.47984222
20066,0.46140966
20067,0.081049226
20068,0.3645746
20069,0.08850253
20070,0.10282024
20071,0.043650515
20072,0.05169337
20073,0.107140265
20074,0.0682452
20075,0.031409174
20076,0.019778388
20077,0.042819086
20078,0.3769201
20079,0.05476969
20080,0.057963703
20081,0.07895917
20082,0.07437189
20083,0.08598688
20084,0.031209387
20085,0.10974737
20086,0.032314576
20087,0.058815
20088,0.25111157
20089,0.17120245
20090,0.0
20091,0.062744714
20092,0.026547862
20093,0.02400949
20094,0.014872191
20095,0.4760745
20096,0.14866605
20097,0.07738059
20098,0.29161924
20099,0.44807577
20100,0.0044417367
20101,0.1347466
20102,0.06594646
20103,0.011739295
20104,0.019164367
20105,0.015358403
20106,0.044620518
20107,0.005177115
20108,0.07407806
20109,0.10557548
20110,0.08630976
20111,0.25153077
20112,0.4266629
20113,0.12971722
20114,0.07126015
20115,0.019640323
20116,0.02381116
20117,0.030602854
20118,0.28555834
20119,0.057800516
20120,0.035240192
20121,0.075162806
20122,0.16254324
20123,0.31827998
20124,0.05499794
20125,0.08659849
20126,0.017742226
20127,0.022351433
20128,0.06624123
20129,0.09710078
20130,0.036449406
20131,0.16212714
20132,0.16788328
20133,0.086927585
20134,0.093840875
20135,0.10223258
20136,0.024990547
20137,0.05708672
20138,0.049601726
20139,0.058959913
20140,0.123716354
20141,0.08970503
20142,0.15275383
20143,0.023097781
20144,0.054367237
20145,0.04377863
20146,0.029156102
20147,0.027052043
20148,0.0521446
20149,0.051772904
20150,0.02376125
20151,0.06450084
20152,0.19894132
20153,0.2485265
20154,0.057748903
20155,0.0444016
20156,0.027806938
20157,0.098788984
20158,0.0859626
20159,0.06958762
20160,0.03326614
20161,0.16813885
20162,0.043604746
20163,0.045324493
20164,0.060184848
20165,0.010106679
20166,0.07908655
20167,0.07257082
20168,0.22697292
20169,0.17807132
20170,0.23145965
20171,0.086950056
20172,0.06909166
20173,0.025559837
20174,0.07519109
20175,0.06338692
20176,0.007693409
20177,0.11197566
20178,0.057850122
20179,0.4996356
20180,0.11668756
20181,0.024702663
20182,0.11522266
20183,0.058538403
20184,0.0651159
20185,0.018867444
20186,0.018745374
20187,0.011233584
20188,0.15570293
20189,0.027340714
20190,0.03470621
20191,0.10752868
20192,0.06360307
20193,0.06715456
20194,0.06918775
20195,0.1322738
20196,0.3824009
20197,0.38784117
20198,0.1464635
20199,0.035752982
20200,0.10468544
20201,0.023814496
20202,0.060527943
20203,0.016887441
20204,0.0031491397
20205,0.09198
20206,0.072390236
20207,0.09944412
20208,0.03324008
20209,0.10133473
20210,0.04158842
20211,0.07008022
20212,0.033531047
20213,0.016214266
20214,0.020426251
20215,0.17911996
20216,0.025708308
20217,0.046369795
20218,0.092508994
20219,0.043605432
20220,0.015499725
20221,0.054829728
20222,0.05519894
20223,0.08594507
20224,0.07028306
20225,0.14640583
20226,0.1335963
20227,0.14564613
20228,0.22956304
20229,0.2404737
20230,0.01296037
20231,0.09658678
20232,0.07798574
20233,0.015862014
20234,0.053466834
20235,0.08231931
20236,0.05699285
20237,0.030313939
20238,0.08077464
20239,0.08262137
20240,0.050597202
20241,0.081929736
20242,0.023137374
20243,0.026410488
20244,0.1214984
20245,0.035925306
20246,0.060600627
20247,0.12803419
20248,0.07029131
20249,0.13832481
20250,0.346362
20251,0.10541298
20252,0.23025547
20253,0.078479156
20254,0.12371302
20255,0.07969081
20256,0.11113664
20257,0.07878071
20258,0.02045265
20259,0.3196128
20260,0.06688195
20261,0.0980212
20262,0.071194455
20263,0.07957095
20264,0.0052475957
20265,0.019246472
20266,0.034423232
20267,0.04991254
20268,0.3344848
20269,0.085883
20270,0.08388163
20271,0.13452835
20272,0.6536315
20273,0.11470127
20274,0.022679819
20275,0.38151005
20276,0.08741293
20277,0.256949
20278,0.20615192
20279,0.09138256
20280,0.00088928343
20281,0.013835024
20282,0.07209908
20283,0.048302006
20284,0.09840321
20285,0.14616595
20286,0.054960538
20287,0.23636842
20288,0.092325486
20289,0.0
20290,0.07961782
20291,0.026644398
20292,0.06821002
20293,0.0733319
20294,0.022408431
20295,0.13461767
20296,0.13401942
20297,0.23064505
20298,0.10156454
20299,0.05714098
20300,0.12899458
20301,0.23380218
20302,0.37411836
20303,0.10247782
20304,0.072384916
20305,0.027073227
20306,0.011977637
20307,0.055598844
20308,0.39452156
20309,0.03546542
20310,0.053844385
20311,0.40033904
20312,0.22801346
20313,0.009861234
20314,0.0052060187
20315,0.010670256
20316,0.06278888
20317,0.058939017
20318,0.24732752
20319,0.37808627
20320,0.07006341
20321,0.060785867
20322,0.22863135
20323,0.13392194
20324,0.15275238
20325,0.22748153
20326,0.36873254
20327,0.12542133
20328,0.059071258
20329,0.08124585
20330,0.07143852
20331,0.27666008
20332,0.83954597
20333,0.0055746986
20334,0.044511598
20335,0.3046054
20336,0.06454787
20337,0.18700379
20338,0.022411916
20339,0.07247878
20340,0.10544265
20341,0.023327667
20342,0.06174897
20343,0.413035
20344,0.11337178
20345,0.10560514
20346,0.19677383
20347,0.13399832
20348,0.2353453
20349,0.4087894
20350,0.38530508
20351,0.022696564
20352,0.1517981
20353,0.19290203
20354,0.07945525
20355,0.9159992
20356,0.40029144
20357,0.40570995
20358,0.0
20359,0.029095659
20360,0.21916
20361,0.043740857
20362,0.022164399
20363,0.018211411
20364,0.08385815
20365,0.0020750316
20366,0.009099249
20367,0.0046892506
20368,0.020893613
20369,0.082496494
20370,0.095533006
20371,0.12577398
20372,0.123911
20373,0.10131818
20374,0.39615312
20375,0.22893502
20376,0.03641794
20377,0.10572436
20378,0.19454479
20379,0.030745367
20380,0.07118267
20381,0.9926958
20382,0.5738374
20383,0.67561036
20384,0.025573123
20385,0.10735948
20386,0.39151797
20387,0.09142484
20388,0.006954681
20389,0.06045963
20390,0.011045599
20391,0.062587254
20392,0.12016939
20393,0.07513858
20394,0.0042083864
20395,0.3891811
20396,0.015572189
20397,0.03191034
20398,0.13464792
20399,0.095921725
20400,0.07771034
20401,0.06467392
20402,0.40225795
20403,0.42114177
20404,0.029279422
20405,0.112466305
20406,0.11398367
20407,0.0983136
20408,0.9923909
20409,0.78601253
20410,0.64655954
20411,0.014029683
20412,0.069611646
20413,0.024688294
20414,0.40559956
20415,0.09314436
20416,0.2511673
20417,0.03853682
20418,0.083069764
20419,0.034371447
20420,0.13721411
20421,0.12006567
20422,0.15526849
20423,0.1586442
20424,0.4735114
20425,0.4334425
20426,0.23052435
20427,0.15125972
20428,0.106110655
20429,0.058545034
20430,0.098966576
20431,0.068107344
20432,0.0672348
20433,0.13080148
20434,0.15584324
20435,0.08213288
20436,0.23531784
20437,0.02061647
20438,0.8592926
20439,0.9835244
20440,1.0
20441,0.15813425
20442,0.034463625
20443,0.19225872
20444,0.0046870518
20445,0.42476684
20446,0.023855155
20447,0.02773763
20448,0.031015124
20449,0.03625999
20450,0.1094251
20451,0.06631955
20452,0.3825175
20453,0.9831018
20454,0.08641128
20455,0.12025488
20456,0.102388896
20457,0.22713932
20458,0.08377781
20459,0.38406518
20460,0.2380118
20461,0.026112292
20462,0.109029055
20463,0.09931433
20464,0.09859905
20465,0.048882402
20466,0.037875246
20467,0.26880747
20468,0.30305302
20469,0.20065409
20470,0.087834
20471,0.02623535
20472,0.090509675
20473,0.078680515
20474,0.19660136
20475,0.03013575
20476,0.045759913
20477,0.046527557
20478,0.043420885
20479,0.030430937
20480,0.06021891
20481,0.05815062
20482,0.39957586
20483,0.5470048
20484,0.38632202
20485,0.23361006
20486,0.122175716
20487,0.1789652
20488,0.1491472
20489,0.5925497
20490,0.047192153
20491,0.05708081
20492,0.034352362
20493,0.10427973
20494,0.1480797
20495,0.13390115
20496,0.32596934
20497,0.3811884
20498,0.1650235
20499,0.99318135
20500,0.16420415
20501,0.025505766
20502,0.14358546
20503,0.24639466
20504,0.047136515
20505,0.07927618
20506,0.31774265
20507,0.10883343
20508,0.044373885
20509,0.054727703
20510,0.04936768
20511,0.1557856
20512,0.39055192
20513,0.2723787
20514,0.41525862
20515,0.26491758
20516,0.14488684
20517,0.15220144
20518,0.37830317
20519,0.22420844
20520,0.098961756
20521,0.06814897
20522,0.4289488
20523,0.20428652
20524,0.08015355
20525,0.47282732
20526,0.31615895
20527,0.0
20528,0.07595542
20529,0.114157446
20530,0.093757786
20531,0.073877014
20532,0.014539183
20533,0.034301065
20534,0.07909862
20535,0.117171586
20536,0.12301405
20537,0.13993694
20538,0.3938132
20539,0.7378959
20540,0.39546576
20541,0.36929512
20542,0.39680567
20543,0.1000651
20544,0.08731978
20545,0.08203332
20546,0.13392065
20547,0.17465237
20548,0.074090876
20549,0.021796986
20550,0.10507968
20551,0.11351719
20552,0.023697952
20553,0.0
20554,0.0414135
20555,0.09101658
20556,0.022471242
20557,0.05891471
20558,0.018121503
20559,0.04474669
20560,0.05563112
20561,0.0980722
20562,0.08672279
20563,0.384709
20564,0.25272703
20565,0.38955638
20566,0.70924
20567,0.53167164
20568,0.26900336
20569,0.122242846
20570,0.07490801
20571,0.016226666
20572,0.08111757
20573,0.08604862
20574,0.0144119095
20575,0.0
20576,0.046506386
20577,0.99314594
20578,0.04986571
20579,0.030859347
20580,0.08045151
20581,0.07325656
20582,0.09806157
20583,0.035373244
20584,0.05496279
20585,0.01664888
20586,0.038449734
20587,0.023679987
20588,0.025007423
20589,0.04376173
20590,0.09866096
20591,0.12049372
20592,0.62153816
20593,0.37978017
20594,0.23694395
20595,0.91976345
20596,0.3839758
20597,0.3953224
20598,0.23780315
20599,0.02448511
20600,0.034301337
20601,0.07371265
20602,0.06258278
20603,0.0045538945
20604,0.036729876
20605,0.09478883
20606,0.3943773
20607,0.08062582
20608,0.3838075
20609,0.028902644
20610,0.07604322
20611,0.08807784
20612,0.09743807
20613,0.12834491
20614,0.05010055
20615,0.0036624568
20616,0.050408207
20617,0.14678264
20618,0.96013886
20619,0.38874376
20620,0.5829013
20621,0.23756985
20622,0.37753317
20623,0.16515303
20624,0.12835674
20625,0.0484791
20626,0.0
20627,0.03430233
20628,0.024594672
20629,0.086276256
20630,0.09198329
20631,0.06766788
20632,0.37530747
20633,0.015928121
20634,0.050372325
20635,0.017421588
20636,0.38414595
20637,0.040047664
20638,0.0085322065
20639,0.012499531
20640,0.1362134
20641,0.38252014
20642,0.03888276
20643,0.0018868167
20644,0.24583629
20645,0.22601706
20646,0.09223234
20647,0.09758548
20648,0.041251205
20649,0.1030637
20650,0.090856366
20651,0.056063235
20652,0.10645192
20653,0.08682311
20654,0.049387123
20655,0.018017372
20656,0.0034905174
20657,0.09982135
20658,0.015867913
20659,0.099547215
20660,0.0030902785
20661,0.040417757
20662,0.1410034
20663,0.056050118
20664,0.06293619
20665,0.011351972
20666,0.06314065
20667,0.18813689
20668,0.38585284
20669,0.53266674
20670,0.1034701
20671,0.0059384117
20672,0.030591084
20673,0.037372205
20674,0.040366776
20675,0.098048665
20676,0.12084296
20677,0.011007912
20678,0.02554013
20679,0.015628971
20680,0.034052946
20681,0.019445745
20682,0.012085123
20683,0.10755093
20684,0.10047416
20685,0.40067825
20686,0.012894588
20687,0.013760776
20688,0.12053217
20689,0.066505626
20690,0.10813206
20691,0.37542975
20692,0.13498056
20693,0.00937449
20694,0.11866811
20695,0.041086975
20696,0.015769657
20697,0.087034285
20698,0.09500978
20699,0.04800441
20700,0.016050112
20701,0.0
20702,0.27881873
20703,0.015565099
20704,0.018175721
20705,0.03518616
20706,0.121235244
20707,0.08214165
20708,0.06344479
20709,0.023888199
20710,0.041273426
20711,0.07252788
20712,0.24547201
20713,0.03660458
20714,0.0
20715,0.018426407
20716,0.04979251
20717,0.050211456
20718,0.06961665
20719,0.24039994
20720,0.07055083
20721,0.23541155
20722,0.08468033
20723,0.024844464
20724,0.021375075
20725,0.052707307
20726,0.064779684
20727,0.048884727
20728,0.195138
20729,0.0019967977
20730,0.17331861
20731,0.041412134
20732,0.101239055
20733,0.07143916
20734,0.013067335
20735,0.38892955
20736,0.71470606
20737,0.09842093
20738,0.06315987
20739,0.011269786
20740,0.08991423
20741,0.07313149
20742,0.032064598
20743,0.09478659
20744,0.08946027
20745,0.08211825
20746,0.8765441
20747,0.0091567505
20748,0.057214856
20749,0.06273257
20750,0.076564975
20751,0.01619702
20752,0.051642485
20753,0.10717242
20754,0.42222285
20755,0.081503086
20756,0.1411444
20757,0.024709819
20758,0.0704756
20759,0.011750713
20760,0.035194505
20761,0.111900195
20762,0.04707521
20763,0.034392897
20764,0.06814508
20765,0.04140871
20766,0.027058575
20767,0.06060039
20768,0.00018863053
20769,0.013230444
20770,0.12976961
20771,0.045067698
20772,0.053358693
20773,0.0031039466
20774,0.028949682
20775,0.06394806
20776,0.08163914
20777,0.022669513
20778,0.031184072
20779,0.9423587
20780,0.06795621
20781,0.12289655
20782,0.03611817
20783,0.05916662
20784,0.06036025
20785,0.014189409
20786,0.022841612
20787,0.41623986
20788,0.030244485
20789,0.010251259
20790,0.005732746
20791,0.042120174
20792,0.09065177
20793,0.019147333
20794,0.0019602678
20795,0.12752795
20796,0.05304151
20797,0.022004362
20798,0.04742594
20799,0.37566638
20800,0.024193196
20801,0.026072152
20802,0.021796025
20803,0.00577982
20804,0.06512373
20805,0.041901812
20806,0.12759385
20807,0.0821036
20808,0.017458487
20809,0.015125313
20810,0.0009555263
20811,0.05930293
20812,0.2248902
20813,0.09199393
20814,0.07927628
20815,0.07196889
20816,0.0645718
20817,0.07447779
20818,0.018534608
20819,0.13830036
20820,0.23065008
20821,0.40630108
20822,0.0005995108
20823,0.01601822
20824,0.012260402
20825,0.015469545
20826,0.02412707
20827,0.0076576527
20828,0.002063632
20829,0.012170971
20830,0.0
20831,0.0
20832,0.020180367
20833,0.052301638
20834,0.061364718
20835,0.123903364
20836,0.014515607
20837,0.13748679
20838,0.008204866
20839,0.27462408
20840,0.0023216885
20841,0.0048134807
20842,0.039810095
20843,0.011918188
20844,0.028118866
20845,0.035028663
20846,0.022767914
20847,0.04662915
20848,0.08006219
20849,0.034809664
20850,0.026230888
20851,0.059591733
20852,0.009611955
20853,0.00467502
20854,0.014968002
20855,0.005252087
20856,0.118174054
20857,0.030314483
20858,0.051791903
20859,0.010518443
20860,0.04972618
20861,0.01459571
20862,0.13159765
20863,0.0014596354
20864,0.008240372
20865,0.3866795
20866,0.08762161
20867,0.0847694
20868,0.080739535
20869,0.035853025
20870,0.010407531
20871,0.12588283
20872,0.025811186
20873,0.10273763
20874,0.17704558
20875,0.016920298
20876,0.026776643
20877,0.022205641
20878,0.055440526
20879,0.040167455
20880,0.030957874
20881,0.002860638
20882,0.0066607823
20883,0.053710464
20884,0.01187101
20885,0.092074744
20886,0.08509345
20887,0.02406161
20888,0.0006792603
20889,0.1766535
20890,0.012688607
20891,0.019050846
20892,0.030812882
20893,0.01887175
20894,0.0219789
20895,0.061660998
20896,0.027948307
20897,0.010742772
20898,0.050541345
20899,0.049145922
20900,0.027390696
20901,0.1661221
20902,0.20870598
20903,0.0055261017
20904,0.096448116
20905,0.006970571
20906,0.070578076
20907,0.05380782
20908,0.04055515
20909,0.011811021
20910,0.050384354
20911,0.059144035
20912,0.13229285
20913,0.0319639
20914,0.13978167
20915,0.033646345
20916,0.112542875
20917,0.026084526
20918,0.135046
20919,0.3925737
20920,0.16570318
20921,0.04577979
20922,0.31726235
20923,0.10772412
20924,0.2643636
20925,0.044057798
20926,0.0011788863
20927,0.040130023
20928,0.018784888
20929,0.025796078
20930,0.0152482595
20931,0.07617044
20932,0.029037993
20933,0.65334904
20934,0.1304335
20935,0.11003264
20936,0.044506703
20937,0.0049923747
20938,0.022877723
20939,0.05619648
20940,0.023395868
20941,0.027735185
20942,0.06272367
20943,0.08861659
20944,0.4141178
20945,0.43451357
20946,0.05629204
20947,0.06031982
20948,0.14337113
20949,0.3854533
20950,0.07234682
20951,0.051767085
20952,0.08033694
20953,0.028784275
20954,0.38800508
20955,0.11427897
20956,0.14591388
20957,0.42608032
20958,0.10462153
20959,0.49174556
20960,0.069158025
20961,0.6175973
20962,0.06519635
20963,0.06887159
20964,0.035235036
20965,0.08296206
20966,0.13201717
20967,0.075320974
20968,0.06521596
20969,0.026936632
20970,0.05623627
20971,0.40785703
20972,0.05541569
20973,0.037781738
20974,0.09422729
20975,0.08419244
20976,0.09128965
20977,0.026968833
20978,0.05253023
20979,0.06742184
20980,0.016398584
20981,0.06760283
20982,0.22794414
20983,0.06413087
20984,0.09650352
20985,0.0
20986,0.049607057
20987,0.048693378
20988,0.016530825
20989,0.430681
20990,0.10552633
20991,0.05843859
20992,0.15047789
20993,0.39515224
20994,0.09379357
20995,0.039516903
20996,0.005275435
20997,0.017568534
20998,0.013319864
20999,0.0035505372
21000,0.054161455
21001,0.009092882
21002,0.050302062
21003,0.10093256
21004,0.07423516
21005,0.15943521
21006,0.2593706
21007,0.09929955
21008,0.058476493
21009,0.029508566
21010,0.02297661
21011,0.043890577
21012,0.26735196
21013,0.01341084
21014,0.050545886
21015,0.050653443
21016,0.059394605
21017,0.030511586
21018,0.09966319
21019,0.3871104
21020,0.07249346
21021,0.06732779
21022,0.020101799
21023,0.023407018
21024,0.063896544
21025,0.09512987
21026,0.02695339
21027,0.015591495
21028,0.1338817
21029,0.14985125
21030,0.08130677
21031,0.11858447
21032,0.07523512
21033,0.0026306207
21034,0.04026535
21035,0.05683989
21036,0.0456933
21037,0.044987783
21038,0.12204542
21039,0.08092328
21040,0.182346
21041,0.03641995
21042,0.050344724
21043,0.033940535
21044,0.026073342
21045,0.024613742
21046,0.03446414
21047,0.051477306
21048,0.025866978
21049,0.055513836
21050,0.1793985
21051,0.38149038
21052,0.057719298
21053,0.052775018
21054,0.03728193
21055,0.09492873
21056,0.049377117
21057,0.016015189
21058,0.07262066
21059,0.045256555
21060,0.18814704
21061,0.055326533
21062,0.0444297
21063,0.06175799
21064,0.011535198
21065,0.1656509
21066,0.086036555
21067,0.23107049
21068,0.1885656
21069,0.40141708
21070,0.06928842
21071,0.06521274
21072,0.029940575
21073,0.0770232
21074,0.06281384
21075,0.016393531
21076,0.10124188
21077,0.05978562
21078,0.4502306
21079,0.115916684
21080,0.025340356
21081,0.09280259
21082,0.051773705
21083,0.049587872
21084,0.000334285
21085,0.019171065
21086,0.011730812
21087,0.008417343
21088,0.07743481
21089,0.041303147
21090,0.03142967
21091,0.10602273
21092,0.07947477
21093,0.089353375
21094,0.0848626
21095,0.13750869
21096,0.23058838
21097,0.37967032
21098,0.08110006
21099,0.037161626
21100,0.09047767
21101,0.0210659
21102,0.0492069
21103,0.025578026
21104,0.000110057634
21105,0.08923908
21106,0.07529205
21107,0.10991605
21108,0.0483192
21109,0.07562991
21110,0.03800144
21111,0.03934178
21112,0.024667572
21113,0.0039129886
21114,0.011302794
21115,0.22759748
21116,0.014592628
21117,0.0334305
21118,0.070092015
21119,0.02885085
21120,0.05900656
21121,0.047712263
21122,0.09601573
21123,0.10787846
21124,0.1254064
21125,0.10392255
21126,0.23017818
21127,0.24674065
21128,0.18216875
21129,0.012726824
21130,0.10372161
21131,0.07433171
21132,0.0092785405
21133,0.05155202
21134,0.0777796
21135,0.025827602
21136,0.05317256
21137,0.029680151
21138,0.062105924
21139,0.06694084
21140,0.040926266
21141,0.07459219
21142,0.021067249
21143,0.0068865716
21144,0.1272402
21145,0.026020037
21146,0.05343703
21147,0.1454335
21148,0.08100477
21149,0.14630681
21150,0.45081133
21151,0.0980187
21152,0.12940776
21153,0.082973
21154,0.10129051
21155,0.08159267
21156,0.10170006
21157,0.09520484
21158,0.02482138
21159,0.21338263
21160,0.094074324
21161,0.09158739
21162,0.046097126
21163,0.06845025
21164,0.015900554
21165,0.028992392
21166,0.020091092
21167,0.041154176
21168,0.042928737
21169,0.334965
21170,0.07463246
21171,0.06698296
21172,0.1336765
21173,0.66523993
21174,0.09158355
21175,0.024691269
21176,0.38450256
21177,0.095953785
21178,0.24724804
21179,0.3003441
21180,0.053323258
21181,0.052061617
21182,0.037047792
21183,0.13971698
21184,0.17320955
21185,0.037041835
21186,0.22873998
21187,0.059766747
21188,0.07999457
21189,0.025440129
21190,0.049371388
21191,0.05492834
21192,0.08058298
21193,0.025802497
21194,0.12517941
21195,0.13404942
21196,0.18140921
21197,0.14697434
21198,0.058325376
21199,0.13051581
21200,0.18304317
21201,0.37490866
21202,0.09522707
21203,0.010478729
21204,0.051071744
21205,0.02403813
21206,0.013735899
21207,0.058508318
21208,0.5536075
21209,0.038176004
21210,0.08756229
21211,0.37259358
21212,0.22090545
21213,0.008647775
21214,0.013363509
21215,0.062508024
21216,0.07696228
21217,0.2507738
21218,0.39474267
21219,0.0073420056
21220,0.08875224
21221,0.07641549
21222,0.21977681
21223,0.1475481
21224,0.14025524
21225,0.16239816
21226,0.39358726
21227,0.106171146
21228,0.06328694
21229,0.087317154
21230,0.04896503
21231,0.25885966
21232,0.7954827
21233,0.0036082715
21234,0.03392395
21235,0.37855533
21236,0.0059374506
21237,0.07314092
21238,0.1996934
21239,0.06293481
21240,0.08836125
21241,0.024398027
21242,0.06241293
21243,0.007426215
21244,0.42188963
21245,0.118167676
21246,0.1105166
21247,0.2591766
21248,0.14714299
21249,0.23231536
21250,0.3913528
21251,0.39763188
21252,0.023001913
21253,0.14995055
21254,0.21860744
21255,0.094553895
21256,0.93237764
21257,0.39388597
21258,0.38696337
21259,0.0027640038
21260,0.033453003
21261,0.22509363
21262,0.066607505
21263,0.021532804
21264,0.014783588
21265,0.07742955
21266,0.016334586
21267,0.009810593
21268,0.027426684
21269,0.08789388
21270,0.10406442
21271,0.11396177
21272,0.114026636
21273,0.09063005
21274,0.39025235
21275,0.23143701
21276,0.024393441
21277,0.10609188
21278,0.25538152
21279,0.007954116
21280,0.06726868
21281,0.97453773
21282,0.9232712
21283,0.66255
21284,0.034724396
21285,0.012547298
21286,0.13099168
21287,0.4061193
21288,0.08749879
21289,0.012569784
21290,0.09149878
21291,0.013351009
21292,0.0792015
21293,0.08054622
21294,0.06536335
21295,0.010598123
21296,0.44141045
21297,0.015483134
21298,0.03280986
21299,0.23856618
21300,0.13414131
21301,0.0581654
21302,0.06239422
21303,0.3824539
21304,0.38297874
21305,0.023297714
21306,0.085192464
21307,0.09733864
21308,0.08340381
21309,0.98612964
21310,0.7415641
21311,0.68550754
21312,0.010244458
21313,0.04819628
21314,0.036935564
21315,0.4068412
21316,0.050733298
21317,0.36760446
21318,0.04843016
21319,0.08894075
21320,0.035133023
21321,0.12707005
21322,0.13998
21323,0.14427245
21324,0.19272178
21325,0.47869933
21326,0.44292733
21327,0.2311354
21328,0.13778777
21329,0.081871234
21330,0.0650369
21331,0.09617932
21332,0.08723664
21333,0.13126446
21334,0.22811568
21335,0.14319776
21336,0.07580189
21337,0.09995426
21338,0.030096365
21339,0.80481374
21340,0.98045814
21341,0.9986362
21342,0.16857551
21343,0.052579325
21344,0.2498182
21345,0.4047025
21346,0.025179382
21347,0.050292894
21348,0.10390453
21349,0.060087055
21350,0.39570752
21351,0.9913134
21352,0.07765376
21353,0.1072919
21354,0.10609191
21355,0.15404296
21356,0.07785601
21357,0.39124963
21358,0.2403787
21359,0.042085856
21360,0.087074526
21361,0.10088103
21362,0.08217637
21363,0.057950143
21364,0.06847493
21365,0.2799171
21366,0.30900237
21367,0.1679307
21368,0.09916348
21369,0.07857917
21370,0.07613861
21371,0.22197911
21372,0.048536714
21373,0.047793627
21374,0.044963077
21375,0.030847719
21376,0.057253532
21377,0.06427381
21378,0.4024989
21379,0.5106201
21380,0.3830856
21381,0.23456232
21382,0.13582113
21383,0.1744809
21384,0.13445152
21385,0.65719223
21386,0.06331221
21387,0.05364253
21388,0.032998394
21389,0.10939355
21390,0.179678
21391,0.17415068
21392,0.32563618
21393,0.2558283
21394,0.23347479
21395,1.0
21396,0.22597218
21397,0.01942278
21398,0.14703923
21399,0.22602347
21400,0.027291136
21401,0.06634335
21402,0.39627922
21403,0.07116601
21404,0.040524326
21405,0.04845711
21406,0.05961329
21407,0.14937659
21408,0.39554814
21409,0.41785505
21410,0.42801702
21411,0.26078868
21412,0.14086647
21413,0.12149046
21414,0.19597669
21415,0.024795352
21416,0.23010185
21417,0.07745259
21418,0.06103692
21419,0.39624238
21420,0.23559666
21421,0.04326064
21422,0.43118736
21423,0.2522581
21424,0.0
21425,0.07088955
21426,0.08508105
21427,0.0926029
21428,0.015072879
21429,0.014995369
21430,0.03586665
21431,0.06133567
21432,0.10131906
21433,0.10691666
21434,0.14279579
21435,0.40990978
21436,0.72201395
21437,0.38863558
21438,0.3881591
21439,0.41045883
21440,0.12470411
21441,0.018558439
21442,0.07711114
21443,0.076790296
21444,0.123564854
21445,0.24599169
21446,0.07038993
21447,0.027620299
21448,0.09215261
21449,0.09564059
21450,0.00017813567
21451,0.04435454
21452,0.08195901
21453,0.025687337
21454,0.015138316
21455,0.035684153
21456,0.012515111
21457,0.011827098
21458,0.04194284
21459,0.057715863
21460,0.068982705
21461,0.090100445
21462,0.38350916
21463,0.17276955
21464,0.40895006
21465,0.66357267
21466,0.51151466
21467,0.38501695
21468,0.09360819
21469,0.09097632
21470,0.025530705
21471,0.060015783
21472,0.09797928
21473,0.011788289
21474,0.009276146
21475,0.028821575
21476,0.9904962
21477,0.05617654
21478,0.015731473
21479,0.09093519
21480,0.063211285
21481,0.1446022
21482,0.064383514
21483,0.014815744
21484,0.032271832
21485,0.02572714
21486,0.02360518
21487,0.047608636
21488,0.08629254
21489,0.12824033
21490,0.65532297
21491,0.39380097
21492,0.23540331
21493,1.0
21494,0.38201997
21495,0.40464875
21496,0.22819547
21497,0.04931161
21498,0.032193538
21499,0.0613415
21500,0.049865212
21501,0.043336682
21502,0.1041264
21503,0.37992626
21504,0.12113247
21505,0.38672525
21506,0.027698187
21507,0.08495734
21508,0.11940222
21509,0.09898887
21510,0.15287338
21511,0.030600306
21512,0.033418518
21513,0.00955045
21514,0.055290997
21515,0.13337903
21516,0.9413042
21517,0.39292946
21518,0.64914334
21519,0.24880794
21520,0.2877539
21521,0.22977746
21522,0.11902228
21523,0.033725247
21524,0.012119382
21525,0.049315628
21526,0.055721767
21527,0.122515015
21528,0.098914444
21529,0.055656806
21530,0.23246045
21531,0.017234385
21532,0.060726095
21533,0.012414013
21534,0.37067735
21535,0.031138718
21536,0.013513608
21537,0.0015033272
21538,0.122379534
21539,0.23267047
21540,0.033693593
21541,0.0015371705
21542,0.1685001
21543,0.17541078
21544,0.07577022
21545,0.09850424
21546,0.028895635
21547,0.10532471
21548,0.089605905
21549,0.044630382
21550,0.0910719
21551,0.093647465
21552,0.062345363
21553,0.022793327
21554,0.10775347
21555,0.005534133
21556,0.016394647
21557,0.0723055
21558,0.03813986
21559,0.12635204
21560,0.055635124
21561,0.06088348
21562,0.011421897
21563,0.06951237
21564,0.24494505
21565,0.39128727
21566,0.588246
21567,0.1148385
21568,0.043968607
21569,0.07286639
21570,0.09620268
21571,0.01374834
21572,0.03018627
21573,0.009161945
21574,0.028969876
21575,0.1146602
21576,0.089776106
21577,0.41891155
21578,0.014522687
21579,0.013967313
21580,0.1060256
21581,0.07949363
21582,0.12839842
21583,0.37920198
21584,0.12560509
21585,0.01383575
21586,0.12014119
21587,0.0336665
21588,0.019663246
21589,0.09008575
21590,0.10166516
21591,0.06398538
21592,0.009055446
21593,0.0046625067
21594,0.013756933
21595,0.26292205
21596,0.012701412
21597,0.029127987
21598,0.12849937
21599,0.077694535
21600,0.06305532
21601,0.025685439
21602,0.0442164
21603,0.0590436
21604,0.24272193
21605,0.04719333
21606,0.0200081
21607,0.050859224
21608,0.03823601
21609,0.06922272
21610,0.24704163
21611,0.06957999
21612,0.13566674
21613,0.09000912
21614,0.028479073
21615,0.039902188
21616,0.042442672
21617,0.047316875
21618,0.24967477
21619,0.0002227941
21620,0.14367318
21621,0.025292255
21622,0.08284225
21623,0.08940772
21624,0.010000816
21625,0.00910287
21626,0.41407034
21627,0.71070725
21628,0.16190648
21629,0.07806613
21630,0.012385695
21631,0.103845246
21632,0.07030946
21633,0.050428584
21634,0.10838632
21635,0.11801461
21636,0.0904579
21637,0.93274695
21638,0.07724956
21639,0.017764332
21640,0.08671933
21641,0.071031466
21642,0.016634991
21643,0.047526497
21644,0.102786474
21645,0.38459855
21646,0.07771758
21647,0.1467452
21648,0.053415675
21649,0.0147186285
21650,0.11876603
21651,0.04866563
21652,0.034474522
21653,0.05879912
21654,0.05670891
21655,0.025641693
21656,0.07445321
21657,0.015674634
21658,0.097237855
21659,0.045195635
21660,0.057697766
21661,0.007068044
21662,0.0437591
21663,0.084762655
21664,0.07092721
21665,0.019105297
21666,0.025583945
21667,0.0339333
21668,0.9861181
21669,0.03614472
21670,0.23075828
21671,0.06714146
21672,0.039211106
21673,0.06345414
21674,0.06760898
21675,0.0101396935
21676,0.028365627
21677,0.29040647
21678,0.02870824
21679,0.0
21680,0.0039837454
21681,0.008531049
21682,0.044195507
21683,0.24811982
21684,0.017084768
21685,0.0011289357
21686,0.117177375
21687,0.035272717
21688,0.025952054
21689,0.06573597
21690,0.37678424
21691,0.022813406
21692,0.020557392
21693,0.07630181
21694,0.033895776
21695,0.16893974
21696,0.07705352
21697,0.016261874
21698,0.016946027
21699,0.0012496726
21700,0.08205519
21701,0.1645731
21702,0.09995167
21703,0.07813414
21704,0.101736784
21705,0.030971797
21706,0.064680584
21707,0.0018916938
21708,0.113411546
21709,0.17070442
21710,0.23143291
21711,0.00014149837
21712,0.03633343
21713,0.015493095
21714,0.009172577
21715,0.0068215565
21716,0.011996659
21717,0.025651302
21718,0.0046117767
21719,0.016823955
21720,0.023982637
21721,0.06740868
21722,0.064536855
21723,0.121639304
21724,0.0
21725,0.012150124
21726,0.07930778
21727,0.36975393
21728,0.0017784098
21729,0.002121754
21730,0.02390346
21731,0.0047471602
21732,0.044772085
21733,0.01485103
21734,0.020219246
21735,0.04027631
21736,0.0036733875
21737,0.03314829
21738,0.044238277
21739,0.009686751
21740,0.03649222
21741,0.07621286
21742,0.02414623
21743,0.05839493
21744,0.017536463
21745,0.033954974
21746,0.014207545
21747,0.0076820273
21748,0.1191802
21749,0.039146867
21750,0.06436651
21751,0.006381261
21752,0.03686198
21753,0.019203112
21754,0.12415395
21755,0.013623938
21756,0.009214393
21757,0.0050587473
21758,0.39196542
21759,0.068659365
21760,0.058834203
21761,0.099233545
21762,0.07304605
21763,0.036330197
21764,0.116751336
21765,0.02070241
21766,0.11528213
21767,0.021030674
21768,0.18638754
21769,0.018221673
21770,0.022186209
21771,0.058991995
21772,0.05983732
21773,0.028850365
21774,0.0004434442
21775,0.015175622
21776,0.00937335
21777,0.056893352
21778,0.008712911
21779,0.008695629
21780,0.093725264
21781,0.10285433
21782,0.0054831514
21783,0.16120976
21784,0.015588191
21785,0.02216865
21786,0.039775103
21787,0.022815151
21788,0.021128034
21789,0.06642919
21790,0.021859588
21791,0.013732736
21792,0.037305646
21793,0.032793142
21794,0.0064409203
21795,0.029527515
21796,0.17195188
21797,0.19518583
21798,0.10192501
21799,0.0041553993
21800,0.0019276487
21801,0.041192885
21802,0.07220405
21803,0.059457146
21804,0.04063459
21805,0.07020155
21806,0.14022985
21807,0.06176471
21808,0.038479008
21809,0.005187885
21810,0.020393044
21811,0.14463522
21812,0.028367521
21813,0.113679156
21814,0.13542734
21815,0.38369983
21816,0.01177516
21817,0.0457413
21818,0.36810425
21819,0.06221268
21820,0.31401044
21821,0.113287464
21822,0.2603986
21823,0.00032166502
21824,0.03700275
21825,0.024739716
21826,0.016717587
21827,0.1654941
21828,0.029739471
21829,0.6552992
21830,0.14061056
21831,0.10876925
21832,0.041254964
21833,0.025676465
21834,0.07049551
21835,0.098355554
21836,0.43424842
21837,0.41891158
21838,0.055755746
21839,0.067951225
21840,0.18427415
21841,0.12275334
21842,0.072540484
21843,0.056099046
21844,0.07887687
21845,0.06739019
21846,0.025470318
21847,0.40993074
21848,0.11284692
21849,0.23603359
21850,0.42341942
21851,0.11300733
21852,0.47593132
21853,0.07157971
21854,0.34404373
21855,0.06896232
21856,0.0720337
21857,0.03648886
21858,0.095054924
21859,0.23638825
21860,0.08232955
21861,0.024536552
21862,0.0690897
21863,0.061287865
21864,0.38196364
21865,0.057214405
21866,0.089391574
21867,0.092965014
21868,0.08912246
21869,0.029422931
21870,0.062295973
21871,0.06973719
21872,0.017317573
21873,0.06927184
21874,0.23013693
21875,0.07197732
21876,0.10530562
21877,0.00010769782
21878,0.050322253
21879,0.024199665
21880,0.016001914
21881,0.32967883
21882,0.11113849
21883,0.0
21884,0.060961474
21885,0.2661241
21886,0.3820091
21887,0.097428076
21888,0.038750272
21889,0.0051732496
21890,0.018730428
21891,0.013759045
21892,0.0030604592
21893,0.05453616
21894,0.048728798
21895,0.095094904
21896,0.09381955
21897,0.23809433
21898,0.25126377
21899,0.0017111074
21900,0.38301846
21901,0.06284745
21902,0.002253276
21903,0.029371873
21904,0.021098318
21905,0.04593618
21906,0.26581576
21907,0.014718537
21908,0.047242727
21909,0.049786635
21910,0.064784415
21911,0.027664788
21912,0.118852615
21913,0.41371214
21914,0.08206777
21915,0.07329748
21916,0.022975063
21917,0.020063153
21918,0.066049345
21919,0.10078397
21920,0.025129396
21921,0.13381337
21922,0.15736717
21923,0.08459279
21924,0.124170355
21925,0.08803683
21926,0.047013696
21927,0.05815339
21928,0.046292525
21929,0.044961464
21930,0.123600855
21931,0.08260983
21932,0.21075267
21933,0.040337738
21934,0.053380847
21935,0.03441344
21936,0.02761524
21937,0.026063692
21938,0.036161885
21939,0.05128055
21940,0.027249128
21941,0.052095264
21942,0.19185144
21943,0.23158881
21944,0.061343264
21945,0.051877834
21946,0.035303187
21947,0.087351196
21948,0.053049114
21949,0.016568925
21950,0.076005615
21951,0.04542342
21952,0.25363436
21953,0.054537386
21954,0.04430118
21955,0.06037242
21956,0.008666539
21957,0.16606435
21958,0.08742984
21959,0.37701365
21960,0.21000798
21961,0.3852261
21962,0.075801276
21963,0.0628147
21964,0.030439012
21965,0.07834116
21966,0.066478044
21967,0.016741026
21968,0.09023005
21969,0.05989745
21970,0.4076732
21971,0.11490689
21972,0.022048414
21973,0.08957308
21974,0.047462273
21975,0.0498422
21976,0.0055405125
21977,0.020126687
21978,0.0797376
21979,0.040093552
21980,0.03392823
21981,0.103782445
21982,0.08171795
21983,0.15347207
21984,0.089918815
21985,0.13797508
21986,0.37840065
21987,0.37073115
21988,0.08660592
21989,0.03499859
21990,0.08443172
21991,0.04987117
21992,0.09344363
21993,0.08023278
21994,0.11379968
21995,0.050281078
21996,0.078773126
21997,0.03835168
21998,0.04222219
21999,0.024647431
22000,0.14456405
22001,0.074208535
22002,0.029893728
22003,0.012055727
22004,0.05922244
22005,0.049391236
22006,0.098821685
22007,0.10955531
22008,0.12604131
22009,0.105600454
22010,0.23361163
22011,0.2286087
22012,0.24694303
22013,0.012978365
22014,0.10577477
22015,0.011424742
22016,0.07597482
22017,0.077079386
22018,0.037514474
22019,0.025531745
22020,0.055225052
22021,0.030138372
22022,0.009999475
22023,0.066377856
22024,0.0723875
22025,0.04134409
22026,0.07580445
22027,0.020498157
22028,0.040405124
22029,0.1323427
22030,0.052877728
22031,0.14562987
22032,0.08292881
22033,0.1435519
22034,0.44531456
22035,0.10592432
22036,0.12634017
22037,0.08336311
22038,0.09992598
22039,0.08313365
22040,0.093945086
22041,0.09470894
22042,0.022333601
22043,0.2112364
22044,0.08975857
22045,0.08640305
22046,0.047948685
22047,0.071771435
22048,0.030623458
22049,0.042377457
22050,0.04558504
22051,0.23810074
22052,0.07640343
22053,0.06590818
22054,0.12945831
22055,0.69343
22056,0.08935252
22057,0.022909565
22058,0.382401
22059,0.09220716
22060,0.2063215
22061,0.3109116
22062,0.05459875
22063,0.0016474418
22064,0.020999402
22065,0.051610928
22066,0.037068907
22067,0.13876802
22068,0.17546226
22069,0.03499011
22070,0.2244875
22071,0.061471295
22072,0.07813137
22073,0.0141622415
22074,0.025312038
22075,0.04959007
22076,0.05417627
22077,0.0880657
22078,0.024019295
22079,0.12874846
22080,0.14236203
22081,0.1853071
22082,0.14923799
22083,0.0584166
22084,0.13330811
22085,0.18410471
22086,0.3781558
22087,0.10044906
22088,0.006425952
22089,0.05066598
22090,0.011533345
22091,0.06201119
22092,0.5193477
22093,0.03805684
22094,0.088366956
22095,0.36701006
22096,0.22649416
22097,0.006416848
22098,0.06614399
22099,0.08050865
22100,0.24195261
22101,0.39447698
22102,0.013586176
22103,0.0925104
22104,0.07550569
22105,0.14379382
22106,0.148063
22107,0.14139889
22108,0.15838568
22109,0.3671736
22110,0.09139091
22111,0.065004684
22112,0.094259225
22113,0.050281275
22114,0.2620897
22115,0.8200312
22116,0.008924486
22117,0.034015078
22118,0.3790199
22119,0.007934747
22120,0.07493856
22121,0.24754132
22122,0.06298409
22123,0.08842919
22124,0.02523488
22125,0.065894365
22126,0.010290111
22127,0.41981897
22128,0.37116632
22129,0.10365383
22130,0.25896588
22131,0.13725118
22132,0.18449235
22133,0.37780973
22134,0.38701904
22135,0.024874268
22136,0.15272595
22137,0.17770876
22138,0.08239595
22139,0.90110505
22140,0.31807405
22141,0.39286312
22142,0.00068686553
22143,0.034368727
22144,0.13803346
22145,0.06846482
22146,0.020497425
22147,0.015804864
22148,0.079159975
22149,0.0034743063
22150,0.016587844
22151,0.008013129
22152,0.027016025
22153,0.13597578
22154,0.10854611
22155,0.11678088
22156,0.11505744
22157,0.091770835
22158,0.37761182
22159,0.23392254
22160,0.1167194
22161,0.25342238
22162,0.010267591
22163,0.06979774
22164,1.0
22165,0.9050752
22166,0.67255205
22167,0.0059121056
22168,0.13831457
22169,0.3776532
22170,0.089546666
22171,0.011812197
22172,0.09595933
22173,0.07948899
22174,0.077458926
22175,0.0673248
22176,0.015813598
22177,0.39933735
22178,0.016907925
22179,0.030968362
22180,0.25150883
22181,0.14027654
22182,0.05694397
22183,0.06965325
22184,0.37296587
22185,0.156925
22186,0.02331898
22187,0.09485046
22188,0.099532686
22189,0.09087494
22190,0.98677844
22191,0.7416976
22192,0.6934113
22193,0.010300698
22194,0.045573376
22195,0.0069481963
22196,0.38438094
22197,0.052519992
22198,0.23588933
22199,0.04809163
22200,0.09105823
22201,0.0355744
22202,0.12591079
22203,0.14272214
22204,0.14693092
22205,0.19771846
22206,0.45436236
22207,0.4347418
22208,0.23044212
22209,0.1406412
22210,0.08563835
22211,0.06416135
22212,0.09067321
22213,0.08925504
22214,0.051222112
22215,0.034377795
22216,0.11830444
22217,0.15286614
22218,0.079709545
22219,0.09476903
22220,0.81394655
22221,0.989097
22222,0.9883405
22223,0.17133978
22224,0.054703273
22225,0.2787136
22226,0.0034816805
22227,0.38632828
22228,0.025998672
22229,0.050379444
22230,0.107592754
22231,0.060462933
22232,0.3873948
22233,1.0
22234,0.079472184
22235,0.105116464
22236,0.10689677
22237,0.15753452
22238,0.07916018
22239,0.36564234
22240,0.25171843
22241,0.04703276
22242,0.09191476
22243,0.09419633
22244,0.08236509
22245,0.057781503
22246,0.06702727
22247,0.37666073
22248,0.40381408
22249,0.2312887
22250,0.103001446
22251,0.023386007
22252,0.07975689
22253,0.07754485
22254,0.14564113
22255,0.050196953
22256,0.048043318
22257,0.04571895
22258,0.05711798
22259,0.062678635
22260,0.39603812
22261,0.5040355
22262,0.24818176
22263,0.23898657
22264,0.12649636
22265,0.17926238
22266,0.22765167
22267,0.6546184
22268,0.06562831
22269,0.052834753
22270,0.03361886
22271,0.11010765
22272,0.18612729
22273,0.19456497
22274,0.33158383
22275,0.25934675
22276,0.1545105
22277,0.99395895
22278,0.13699345
22279,0.01901108
22280,0.14723328
22281,0.11816386
22282,0.02741825
22283,0.07065659
22284,0.3076448
22285,0.06827252
22286,0.041034665
22287,0.04988169
22288,0.059085928
22289,0.1401499
22290,0.37844712
22291,0.27220926
22292,0.41779637
22293,0.26055908
22294,0.14956787
22295,0.11844438
22296,0.37636915
22297,0.015823387
22298,0.027067797
22299,0.2308949
22300,0.07829323
22301,0.06699912
22302,0.4054289
22303,0.24370448
22304,0.047461487
22305,0.42171067
22306,0.3871927
22307,0.07416625
22308,0.08411742
22309,0.09120379
22310,0.05297758
22311,0.016506782
22312,0.012758122
22313,0.036143012
22314,0.061842326
22315,0.09869121
22316,0.11388015
22317,0.14128901
22318,0.3637457
22319,0.7141287
22320,0.37430575
22321,0.3863947
22322,0.41391414
22323,0.13020699
22324,0.07570998
22325,0.08053317
22326,0.13483556
22327,0.24201171
22328,0.06937357
22329,0.027875572
22330,0.09812364
22331,0.09418896
22332,0.04315714
22333,0.08745519
22334,0.024714222
22335,0.019194731
22336,0.037316203
22337,0.01669909
22338,0.06360686
22339,0.01141049
22340,0.04174133
22341,0.056638423
22342,0.06929972
22343,0.091391504
22344,0.22518006
22345,0.24638622
22346,0.37986213
22347,0.74166965
22348,0.56423855
22349,0.2609443
22350,0.10538923
22351,0.025494501
22352,0.06144497
22353,0.10910963
22354,0.017035065
22355,0.030271938
22356,0.9913914
22357,0.05783331
22358,0.017415933
22359,0.0948919
22360,0.06569082
22361,0.087378874
22362,0.05876193
22363,0.06509674
22364,0.03090851
22365,0.02644642
22366,0.023890804
22367,0.047035236
22368,0.08910452
22369,0.12586717
22370,0.6560028
22371,0.39541963
22372,0.23060875
22373,1.0
22374,0.29344788
22375,0.3805106
22376,0.22640193
22377,0.05009076
22378,0.031032119
22379,0.031716473
22380,0.0644943
22381,0.054708827
22382,0.03896436
22383,0.097499795
22384,0.3980607
22385,0.0769523
22386,0.3743339
22387,0.02778539
22388,0.08566223
22389,0.12761575
22390,0.105817735
22391,0.22774288
22392,0.029767444
22393,0.0387734
22394,0.05505873
22395,0.13091578
22396,0.9568303
22397,0.39299822
22398,0.6673545
22399,0.24377595
22400,0.27600938
22401,0.16212855
22402,0.12315703
22403,0.033002026
22404,0.011681161
22405,0.02144397
22406,0.0523701
22407,0.06332794
22408,0.115902804
22409,0.09432601
22410,0.056059014
22411,0.23807952
22412,0.0156405
22413,0.060178544
22414,0.23993972
22415,0.03187664
22416,0.12443082
22417,0.23000464
22418,0.036519334
22419,0.1610295
22420,0.15116748
22421,0.08210105
22422,0.10243317
22423,0.02712925
22424,0.11420048
22425,0.08237898
22426,0.083868824
22427,0.08945279
22428,0.066261046
22429,0.0046380768
22430,0.20762096
22431,0.0020221686
22432,0.077402785
22433,0.057276383
22434,0.03586398
22435,0.12780261
22436,0.0564061
22437,0.06107386
22438,0.06772741
22439,0.17607832
22440,0.3670891
22441,0.6387359
22442,0.11455496
22443,0.008423015
22444,0.010197205
22445,0.042331368
22446,0.047786135
22447,0.073145196
22448,0.11199799
22449,0.01176474
22450,0.03405606
22451,0.009591726
22452,0.029387346
22453,0.02490075
22454,0.001482956
22455,0.108599305
22456,0.0930631
22457,0.41836986
22458,0.015179746
22459,0.020549243
22460,0.10425603
22461,0.079084955
22462,0.119372755
22463,0.3753442
22464,0.11776622
22465,0.010664794
22466,0.2369269
22467,0.006451171
22468,0.034764025
22469,0.019173509
22470,0.102409154
22471,0.09323444
22472,0.06536987
22473,0.002642056
22474,0.011845274
22475,0.26381367
22476,0.008559886
22477,0.012740049
22478,0.030478247
22479,0.13076924
22480,0.07663342
22481,0.062942855
22482,0.02607608
22483,0.04292472
22484,0.05907954
22485,0.24586482
22486,0.042454217
22487,0.01997908
22488,0.051887132
22489,0.036009893
22490,0.06694024
22491,0.24636607
22492,0.06788292
22493,0.22131746
22494,0.08680192
22495,0.026091836
22496,0.040307626
22497,0.043483075
22498,0.04757118
22499,0.25586262
22500,0.0034123994
22501,0.14703365
22502,0.0254135
22503,0.082512684
22504,0.09080255
22505,0.0068151285
22506,0.3957972
22507,0.77304965
22508,0.17705798
22509,0.07862979
22510,0.0123429205
22511,0.09440551
22512,0.07521019
22513,0.049796466
22514,0.10520384
22515,0.12467308
22516,0.09518278
22517,0.91246116
22518,0.08526168
22519,0.01714737
22520,0.09190251
22521,0.0716346
22522,0.014970458
22523,0.05141578
22524,0.10182612
22525,0.3313969
22526,0.08081596
22527,0.14856029
22528,0.02481623
22529,0.054592405
22530,0.11980427
22531,0.047833674
22532,0.032641962
22533,0.06419849
22534,0.053387277
22535,0.026420327
22536,0.01829991
22537,0.07744392
22538,0.014092979
22539,0.0970329
22540,0.045744456
22541,0.061259873
22542,0.011689579
22543,0.043119192
22544,0.08711709
22545,0.077569075
22546,0.020668805
22547,0.027442189
22548,0.03227174
22549,1.0
22550,0.037841316
22551,0.1284493
22552,0.067972556
22553,0.03687248
22554,0.06515846
22555,0.06678306
22556,0.0090608755
22557,0.028357767
22558,0.28838256
22559,0.03023445
22560,0.004536457
22561,0.04494237
22562,0.11800093
22563,0.019239148
22564,0.0
22565,0.10979539
22566,0.035799377
22567,0.026035653
22568,0.06914339
22569,0.3693631
22570,0.02303547
22571,0.010196563
22572,0.019255847
22573,0.010996739
22574,0.07968151
22575,0.036456402
22576,0.0036768499
22577,0.16954878
22578,0.08455759
22579,0.014992927
22580,0.0
22581,0.08625369
22582,0.16555135
22583,0.09224979
22584,0.08335822
22585,0.10148408
22586,0.02907685
22587,0.0031413138
22588,0.111689866
22589,0.23401278
22590,0.23309058
22591,0.0058634314
22592,0.012990393
22593,0.037084676
22594,0.017179687
22595,0.009640752
22596,0.010219172
22597,0.010898997
22598,0.022549042
22599,0.0054335934
22600,0.0076366654
22601,0.020124165
22602,0.011171269
22603,0.026842736
22604,0.07134866
22605,0.065094575
22606,0.12129796
22607,0.081114195
22608,0.1865646
22609,0.0038561248
22610,0.009115693
22611,0.04452416
22612,0.014928901
22613,0.017183632
22614,0.020713499
22615,0.042585764
22616,0.03399098
22617,0.051500868
22618,0.01036518
22619,0.0031771674
22620,0.0032525877
22621,0.07407698
22622,0.021407602
22623,0.028486822
22624,0.014883584
22625,0.059612487
22626,0.01903898
22627,0.036559757
22628,0.015425983
22629,0.013666575
22630,0.12914234
22631,0.069089144
22632,0.006395778
22633,0.036255453
22634,0.021532284
22635,0.12869821
22636,0.0049268007
22637,0.39426467
22638,0.06829362
22639,0.057259306
22640,0.10255523
22641,0.0
22642,0.080353364
22643,0.039502427
22644,0.11497968
22645,0.12129182
22646,0.01913831
22647,0.19387323
22648,0.018618768
22649,0.05766665
22650,0.069541134
22651,0.0014128046
22652,0.016337592
22653,0.013716489
22654,0.063186534
22655,0.007114533
22656,0.0078070597
22657,0.094325505
22658,0.11099106
22659,0.0028739497
22660,0.16265357
22661,0.015533609
22662,0.020650038
22663,0.020199692
22664,0.0421662
22665,0.020276183
22666,0.021157544
22667,0.065474644
22668,0.023542749
22669,0.014109679
22670,0.039056193
22671,0.0328684
22672,0.0075875376
22673,0.0048678243
22674,0.01705865
22675,0.028250102
22676,0.18158971
22677,0.195431
22678,0.019451035
22679,0.10226079
22680,0.029792199
22681,0.033712886
22682,0.038370606
22683,0.07369302
22684,0.06850152
22685,0.13267344
22686,0.024457095
22687,0.15109746
22688,0.027819818
22689,0.11919819
22690,0.018461712
22691,0.16762891
22692,0.38935304
22693,0.042513687
22694,0.17544508
22695,0.3145462
22696,0.108230926
22697,0.18289614
22698,0.008877895
22699,0.027851285
22700,0.018616464
22701,0.027188137
22702,0.017515205
22703,0.19381388
22704,0.030933557
22705,0.70748794
22706,0.24043983
22707,0.019364437
22708,0.113924235
22709,0.046272434
22710,0.05754551
22711,0.027810235
22712,0.01753422
22713,0.02437553
22714,0.06422163
22715,0.24159877
22716,0.41355774
22717,0.42993662
22718,0.05031783
22719,0.06078114
22720,0.17017065
22721,0.25885957
22722,0.02823111
22723,0.07039348
22724,0.059263904
22725,0.08233194
22726,0.030919975
22727,0.4258784
22728,0.110681646
22729,0.16242996
22730,0.47642523
22731,0.1093934
22732,0.5085897
22733,0.07349759
22734,0.34385395
22735,0.07534077
22736,0.036538534
22737,0.082609765
22738,0.13425055
22739,0.08020394
22740,0.022395592
22741,0.05324502
22742,0.059003193
22743,0.32114103
22744,0.054774698
22745,0.04070901
22746,0.09228987
22747,0.08690045
22748,0.08791725
22749,0.030478157
22750,0.052478235
22751,0.08437542
22752,0.06769107
22753,0.14926584
22754,0.06765369
22755,0.12658253
22756,0.04559147
22757,0.024861395
22758,0.32565388
22759,0.107385665
22760,0.0626365
22761,0.27715054
22762,0.2857219
22763,0.011345933
22764,0.0030999498
22765,0.10066282
22766,0.038449276
22767,0.0030168903
22768,0.010547243
22769,0.055742245
22770,0.104488045
22771,0.08524819
22772,0.17510079
22773,0.25472036
22774,0.0008658296
22775,0.022704905
22776,0.11304492
22777,0.061376896
22778,0.0029114129
22779,0.029861627
22780,0.024427012
22781,0.047595393
22782,0.27241054
22783,0.012242007
22784,0.046082154
22785,0.048736654
22786,0.06364408
22787,0.105429225
22788,0.39722422
22789,0.071733736
22790,0.07083679
22791,0.022628285
22792,0.020896483
22793,0.06660141
22794,0.10379747
22795,0.018767523
22796,0.02729182
22797,0.12789272
22798,0.14933158
22799,0.08084517
22800,0.11882671
22801,0.07835745
22802,0.0027778507
22803,0.04426542
22804,0.055410814
22805,0.046742875
22806,0.044279657
22807,0.0005483879
22808,0.12236669
22809,0.08575346
22810,0.20026392
22811,0.039770424
22812,0.048474744
22813,0.035405666
22814,0.023450922
22815,0.035833262
22816,0.04747234
22817,0.022810055
22818,0.051084742
22819,0.18789698
22820,0.37848914
22821,0.059482586
22822,0.050849173
22823,0.034582067
22824,0.08016249
22825,0.055265784
22826,0.014782147
22827,0.07711454
22828,0.021447679
22829,0.045142353
22830,0.26663122
22831,0.054998834
22832,0.041798476
22833,0.058720864
22834,0.00796437
22835,0.16653329
22836,0.08763929
22837,0.22349872
22838,0.39082626
22839,0.3951895
22840,0.07291208
22841,0.061340153
22842,0.029217374
22843,0.079308055
22844,0.062735096
22845,0.09026654
22846,0.065550946
22847,0.42699754
22848,0.116548456
22849,0.020691311
22850,0.0977518
22851,0.04643423
22852,0.052264765
22853,0.003551815
22854,0.009169198
22855,0.080231525
22856,0.019016407
22857,0.0388808
22858,0.032793876
22859,0.106376134
22860,0.08173666
22861,0.13759586
22862,0.08753443
22863,0.13455433
22864,0.39026064
22865,0.359663
22866,0.08591797
22867,0.037046846
22868,0.08918906
22869,0.021647034
22870,0.048814695
22871,0.09637472
22872,0.076640934
22873,0.12081168
22874,0.048400506
22875,0.080442645
22876,0.03662229
22877,0.04091569
22878,0.024915725
22879,0.14383806
22880,0.012877814
22881,0.07123427
22882,0.029607505
22883,0.013288905
22884,0.059197064
22885,0.048539326
22886,0.10418614
22887,0.11255453
22888,0.12763369
22889,0.104209304
22890,0.22851661
22891,0.13954227
22892,0.23525167
22893,0.0129968375
22894,0.09639219
22895,0.012142934
22896,0.07936161
22897,0.05473384
22898,0.08004605
22899,0.039795034
22900,0.024741033
22901,0.055138696
22902,0.027847147
22903,0.0627186
22904,0.07296721
22905,0.039620746
22906,0.076989934
22907,0.022646409
22908,0.03465213
22909,0.12995042
22910,0.0252122
22911,0.05296939
22912,0.14873356
22913,0.08344924
22914,0.14173885
22915,0.3580374
22916,0.110913925
22917,0.13804594
22918,0.081355944
22919,0.10376989
22920,0.08226209
22921,0.097417384
22922,0.09647663
22923,0.0065495456
22924,0.3729831
22925,0.0906897
22926,0.08502467
22927,0.045537412
22928,0.07135431
22929,0.02688377
22930,0.01895841
22931,0.040810384
22932,0.043640945
22933,0.23373191
22934,0.0760652
22935,0.06402091
22936,0.12805288
22937,0.74692935
22938,0.09757364
22939,0.026188344
22940,0.3680529
22941,0.09277885
22942,0.20917629
22943,0.21637845
22944,0.04941261
22945,0.020469612
22946,0.05174325
22947,0.0369225
22948,0.14036343
22949,0.17730348
22950,0.036309026
22951,0.12329603
22952,0.062111776
22953,0.07968344
22954,0.049290378
22955,0.05169795
22956,0.08385891
22957,0.022025442
22958,0.12431462
22959,0.1403722
22960,0.24332052
22961,0.14641818
22962,0.058041777
22963,0.13146205
22964,0.17650966
22965,0.36845446
22966,0.09979565
22967,0.049241226
22968,0.060114466
22969,0.5692677
22970,0.03496183
22971,0.0852943
22972,0.36494383
22973,0.12303607
22974,0.00743098
22975,0.022704927
22976,0.012080706
22977,0.063773386
22978,0.07887036
22979,0.24469753
22980,0.24685083
22981,0.00750621
22982,0.09317396
22983,0.075431414
22984,0.13533293
22985,0.14895448
22986,0.13675141
22987,0.15985918
22988,0.3869202
22989,0.10099878
22990,0.066206776
22991,0.093631536
22992,0.04774611
22993,0.20377871
22994,0.8266518
22995,0.0011778998
22996,0.03365829
22997,0.38184276
22998,0.014462871
22999,0.076928854
23000,0.2561661
23001,0.00787966
23002,0.0195704
23003,0.061596576
23004,0.08932241
23005,0.025823662
23006,0.063571185
23007,0.00615982
23008,0.41277885
23009,0.11079428
23010,0.10773087
23011,0.2542589
23012,0.14523788
23013,0.18657568
23014,0.37743324
23015,0.37672338
23016,0.16296089
23017,0.11175594
23018,0.15308355
23019,0.9275869
23020,0.33107004
23021,0.32673103
23022,0.034352228
23023,0.22257024
23024,0.06828974
23025,0.026101656
23026,0.023955228
23027,0.07913715
23028,0.014105448
23029,0.006259812
23030,0.028554596
23031,0.08281424
23032,0.10758371
23033,0.11058556
23034,0.11388604
23035,0.09464431
23036,0.23088592
23037,0.3829934
23038,0.023073211
23039,0.11874184
23040,0.25138286
23041,0.010733206
23042,0.07045448
23043,0.98118746
23044,0.9000611
23045,0.6848394
23046,0.0
23047,0.037423667
23048,0.13478921
23049,0.38963243
23050,0.08863242
23051,0.01296733
23052,0.09587664
23053,0.0023973784
23054,0.0058972705
23055,0.078954875
23056,0.0775688
23057,0.06370819
23058,0.011849304
23059,0.3841843
23060,0.01605475
23061,0.03132522
23062,0.23954685
23063,0.13613462
23064,0.05543607
23065,0.0666843
23066,0.37918562
23067,0.14681897
23068,0.023060951
23069,0.0945817
23070,0.11024759
23071,0.09678749
23072,0.98594785
23073,0.69874096
23074,0.6916216
23075,0.014439007
23076,0.04663782
23077,0.03919242
23078,0.3879937
23079,0.05150128
23080,0.2339203
23081,0.04814504
23082,0.09291709
23083,0.035509598
23084,0.124426864
23085,0.14139608
23086,0.13746269
23087,0.19981818
23088,0.45858726
23089,0.4515817
23090,0.2326896
23091,0.1267597
23092,0.08330494
23093,0.06301497
23094,0.097104125
23095,0.092304386
23096,0.11308862
23097,0.11944038
23098,0.14701974
23099,0.08385988
23100,0.09209198
23101,0.030342078
23102,0.7673657
23103,0.9715708
23104,0.9777242
23105,0.17813054
23106,0.052661967
23107,0.26747572
23108,0.38892123
23109,0.022095334
23110,0.052062895
23111,0.10354223
23112,0.05900918
23113,0.37656733
23114,1.0
23115,0.08145983
23116,0.105185546
23117,0.10949541
23118,0.15239482
23119,0.081599176
23120,0.3610253
23121,0.24214134
23122,0.04117195
23123,0.089367434
23124,0.0948163
23125,0.089907415
23126,0.057917565
23127,0.07892153
23128,0.28239852
23129,0.31675792
23130,0.17538355
23131,0.102261014
23132,0.01859114
23133,0.07933468
23134,0.08106214
23135,0.15260017
23136,0.04934249
23137,0.04751992
23138,0.0444509
23139,0.025159609
23140,0.030162245
23141,0.05652645
23142,0.062688336
23143,0.40657076
23144,0.5129459
23145,0.25246572
23146,0.2428081
23147,0.13552971
23148,0.17546098
23149,0.13225512
23150,0.68642867
23151,0.067453705
23152,0.055225074
23153,0.035276376
23154,0.11975466
23155,0.18371499
23156,0.19235435
23157,0.3383387
23158,0.26407075
23159,0.15301585
23160,0.9804041
23161,0.13620806
23162,0.02062634
23163,0.14857765
23164,0.22497596
23165,0.02771922
23166,0.07362711
23167,0.3171487
23168,0.06687053
23169,0.040370855
23170,0.048871603
23171,0.060186796
23172,0.14029449
23173,0.38609374
23174,0.2193021
23175,0.3948087
23176,0.24962458
23177,0.14351852
23178,0.120445095
23179,0.24517943
23180,0.024418242
23181,0.16623375
23182,0.07736962
23183,0.068519875
23184,0.41868722
23185,0.23986904
23186,0.044487327
23187,0.41230997
23188,0.2656047
23189,0.00035729865
23190,0.072297625
23191,0.08588981
23192,0.08742755
23193,0.04500776
23194,0.017256128
23195,0.011096811
23196,0.037715517
23197,0.06004737
23198,0.0963765
23199,0.11085857
23200,0.13626902
23201,0.37258524
23202,0.75767
23203,0.37362412
23204,0.3823115
23205,0.43648553
23206,0.12879066
23207,0.016238865
23208,0.078375645
23209,0.081186764
23210,0.22706832
23211,0.24590181
23212,0.07037654
23213,0.025526457
23214,0.099755794
23215,0.09514695
23216,0.019154947
23217,0.040819556
23218,0.089590125
23219,0.022347962
23220,0.040339462
23221,0.015427755
23222,0.06279349
23223,0.010436613
23224,0.043807566
23225,0.05472298
23226,0.06706694
23227,0.09173402
23228,0.2309127
23229,0.24448776
23230,0.4020444
23231,0.7092784
23232,0.51065207
23233,0.26533192
23234,0.18842427
23235,0.09154392
23236,0.06268769
23237,0.096499465
23238,0.015017594
23239,0.027214732
23240,0.9726941
23241,0.05829373
23242,0.019011697
23243,0.09763498
23244,0.063933976
23245,0.08969419
23246,0.056387845
23247,0.06726138
23248,0.01469983
23249,0.032195095
23250,0.025857156
23251,0.025655897
23252,0.04730633
23253,0.08949805
23254,0.12541865
23255,0.64180183
23256,0.38135776
23257,0.23535806
23258,0.9998326
23259,0.3017438
23260,0.38082767
23261,0.2257942
23262,0.054671627
23263,0.027587205
23264,0.03402146
23265,0.060076382
23266,0.051369697
23267,0.04110533
23268,0.09724442
23269,0.38681278
23270,0.13553973
23271,0.2585725
23272,0.027527355
23273,0.084025234
23274,0.12541147
23275,0.10220519
23276,0.2333717
23277,0.030082572
23278,0.0
23279,0.039521057
23280,0.0068815574
23281,0.055908546
23282,0.14200811
23283,0.95183665
23284,0.3743071
23285,0.65411174
23286,0.2464723
23287,0.27655655
23288,0.15536363
23289,0.23693658
23290,0.027809167
23291,0.01126405
23292,0.020635212
23293,0.0044250973
23294,0.061198264
23295,0.12797768
23296,0.099448614
23297,0.056841593
23298,0.1858374
23299,0.015517538
23300,0.060438816
23301,0.014793966
23302,0.3652165
23303,0.030568227
23304,0.122360885
23305,0.23289321
23306,0.035730317
23307,0.16804938
23308,0.15580629
23309,0.08032039
23310,0.10221361
23311,0.029184079
23312,0.10666978
23313,0.085419565
23314,0.046878714
23315,0.086341836
23316,0.09181333
23317,0.066309005
23318,0.023177227
23319,0.10819268
23320,0.003246064
23321,0.0010726773
23322,0.016875556
23323,0.0748567
23324,0.038046446
23325,0.12684286
23326,0.056173433
23327,0.0608604
23328,0.010422598
23329,0.067612976
23330,0.17164694
23331,0.29769948
23332,0.6525186
23333,0.116669856
23334,0.04464247
23335,0.019761447
23336,0.07649514
23337,0.10792598
23338,0.009460751
23339,0.030087315
23340,0.010205497
23341,0.029841376
23342,0.021964904
23343,0.0018599088
23344,0.023022054
23345,0.108351454
23346,0.09442244
23347,0.41852137
23348,0.012789503
23349,0.019445246
23350,0.04124111
23351,0.077028595
23352,0.119308494
23353,0.36329293
23354,0.12051746
23355,0.22458078
23356,0.034418337
23357,0.019188857
23358,0.100087136
23359,0.10015813
23360,0.06520339
23361,0.011531949
23362,0.004016153
23363,0.015246279
23364,0.25610533
23365,0.0070156916
23366,0.0
23367,0.011602659
23368,0.03225516
23369,0.1378341
23370,0.07569047
23371,0.063867316
23372,0.02626354
23373,0.042769827
23374,0.05834127
23375,0.36446044
23376,0.04600898
23377,0.025489869
23378,0.05315365
23379,0.0344979
23380,0.06387809
23381,0.24657339
23382,0.071812734
23383,0.12762715
23384,0.08763613
23385,0.028592868
23386,0.016070927
23387,0.04094901
23388,0.040038478
23389,0.04770254
23390,0.3767187
23391,0.23170333
23392,0.024684306
23393,0.08295484
23394,0.08951931
23395,0.010478567
23396,0.006408929
23397,0.41199672
23398,0.77134013
23399,0.1636066
23400,0.08103098
23401,0.09659627
23402,0.0788452
23403,0.05008037
23404,0.10053302
23405,0.11800455
23406,0.08923952
23407,0.8903595
23408,0.083155885
23409,0.019146921
23410,0.10018907
23411,0.07249696
23412,0.017378073
23413,0.050937954
23414,0.10062952
23415,0.42461297
23416,0.07963229
23417,0.14881106
23418,0.025402218
23419,0.050824918
23420,0.120957136
23421,0.045864433
23422,0.03303721
23423,0.06039816
23424,0.052669026
23425,0.025464686
23426,0.019110799
23427,0.07660071
23428,0.017821955
23429,0.09603683
23430,0.04503173
23431,0.061085243
23432,0.008464437
23433,0.042337317
23434,0.09097704
23435,0.07653138
23436,0.019018043
23437,0.03227551
23438,0.984865
23439,0.035843316
23440,0.12776971
23441,0.068983294
23442,0.03493208
23443,0.06661067
23444,0.06810467
23445,0.010062344
23446,0.030422166
23447,0.22645861
23448,0.02978793
23449,0.0040701325
23450,0.04544156
23451,0.1237276
23452,0.017819403
23453,0.10991369
23454,0.036239095
23455,0.024172721
23456,0.07036274
23457,0.38061187
23458,0.008983037
23459,0.02096757
23460,0.07623126
23461,0.03557793
23462,0.17395434
23463,0.07980319
23464,0.01498685
23465,0.0
23466,0.08604827
23467,0.16561563
23468,0.099176124
23469,0.08394828
23470,0.110458694
23471,0.029848281
23472,0.075711064
23473,0.0035862825
23474,0.11585453
23475,0.17054974
23476,0.23013213
23477,0.005321296
23478,0.035240375
23479,0.015984073
23480,0.010114343
23481,0.013838473
23482,0.024987075
23483,0.009839863
23484,0.0044097053
23485,0.009543278
23486,0.018199163
23487,0.015060197
23488,0.023184827
23489,0.07161392
23490,0.06352655
23491,0.121478744
23492,0.012726967
23493,0.13134387
23494,0.1823397
23495,0.0046275407
23496,0.00634537
23497,0.043725006
23498,0.014527059
23499,0.016959649
23500,0.039944474
23501,0.035359103
23502,0.05057539
23503,0.010226913
23504,0.004548428
23505,0.0011522813
23506,0.008875743
23507,0.07590034
23508,0.022637226
23509,0.029353471
23510,0.014619711
23511,0.01796048
23512,0.014387681
23513,0.12401673
23514,0.041850567
23515,0.06888698
23516,0.0062002297
23517,0.0057697445
23518,0.036072426
23519,0.12745252
23520,0.014272725
23521,0.0035526766
23522,0.37388626
23523,0.06829896
23524,0.057419464
23525,0.09501376
23526,0.004304388
23527,0.007875136
23528,0.07816375
23529,0.035175312
23530,0.11473644
23531,0.12168046
23532,0.1996791
23533,0.01972768
23534,0.022784036
23535,0.063650616
23536,0.067354634
23537,0.0
23538,0.014251644
23539,0.015535343
23540,0.058159173
23541,0.0075322394
23542,0.0099453125
23543,0.098162904
23544,0.108784154
23545,0.24241519
23546,0.0003704247
23547,0.017887784
23548,0.021804815
23549,0.021808302
23550,0.020612806
23551,0.06583355
23552,0.02497559
23553,0.0135122705
23554,0.03716552
23555,0.0329961
23556,0.0067600487
23557,0.0025831987
23558,0.016105736
23559,0.028716391
23560,0.1836041
23561,0.19936278
23562,0.016810702
23563,0.10162572
23564,0.031200115
23565,0.026543932
23566,0.040786035
23567,0.10216464
23568,0.07116728
23569,0.042462483
23570,0.05126191
23571,0.04812968
23572,0.14112833
23573,0.05979769
23574,0.03423121
23575,0.023496771
23576,0.15772958
23577,0.026489764
23578,0.10664351
23579,0.15456472
23580,0.1642707
23581,0.046107948
23582,0.17965838
23583,0.05987482
23584,0.40239367
23585,0.11139935
23586,0.17191924
23587,0.04633029
23588,0.03644031
23589,0.027458223
23590,0.028002689
23591,0.09365329
23592,0.027506387
23593,0.7869653
23594,0.15812734
23595,0.053832397
23596,0.016874196
23597,0.11433387
23598,0.046554577
23599,0.023225315
23600,0.058686506
23601,0.025048211
23602,0.06435825
23603,0.259994
23604,0.4470257
23605,0.44279718
23606,0.06443012
23607,0.19492951
23608,0.2746694
23609,0.028258113
23610,0.07590163
23611,0.057729486
23612,0.07702741
23613,0.07179081
23614,0.028430894
23615,0.43029583
23616,0.11728072
23617,0.163552
23618,0.4663783
23619,0.11258119
23620,0.5120352
23621,0.011463162
23622,0.068884104
23623,0.3525842
23624,0.07572238
23625,0.07618075
23626,0.038630195
23627,0.08098736
23628,0.14583752
23629,0.08595438
23630,0.06087999
23631,0.026539927
23632,0.06025027
23633,0.19873051
23634,0.05864332
23635,0.03913228
23636,0.09608794
23637,0.08970814
23638,0.09473429
23639,0.028053451
23640,0.05244933
23641,0.05538146
23642,0.08240575
23643,0.016887434
23644,0.06900512
23645,0.15367222
23646,0.06720247
23647,0.28832796
23648,0.0016247674
23649,0.048967786
23650,0.04624294
23651,0.013195652
23652,0.4464216
23653,0.11091363
23654,0.062271982
23655,0.2831291
23656,0.40325162
23657,0.011459087
23658,0.0009782222
23659,0.09938762
23660,0.038412023
23661,0.00502967
23662,0.008327261
23663,0.09845217
23664,0.08634642
23665,0.17193498
23666,0.26592284
23667,0.023131875
23668,0.39393815
23669,0.062031116
23670,0.02865242
23671,0.046033345
23672,0.372317
23673,0.014048248
23674,0.047897227
23675,0.054017417
23676,0.065271944
23677,0.124990515
23678,0.42481586
23679,0.08370248
23680,0.074352965
23681,0.023225477
23682,0.069875754
23683,0.09607721
23684,0.014593681
23685,0.01718913
23686,0.027609535
23687,0.012528495
23688,0.13735805
23689,0.15154245
23690,0.08542943
23691,0.12231081
23692,0.08565939
23693,0.0014983268
23694,0.044393264
23695,0.056387898
23696,0.04702205
23697,0.04511777
23698,0.0013210464
23699,0.12997834
23700,0.0847762
23701,0.18458961
23702,0.037439853
23703,0.05192132
23704,0.034868293
23705,0.027702421
23706,0.023526076
23707,0.035832275
23708,0.051345773
23709,0.013268172
23710,0.028108748
23711,0.051756833
23712,0.19183244
23713,0.38260353
23714,0.061038483
23715,0.050812952
23716,0.0350054
23717,0.088774644
23718,0.054254383
23719,0.0781944
23720,0.008196376
23721,0.047761552
23722,0.26718313
23723,0.054889284
23724,0.04364838
23725,0.060233373
23726,0.008169592
23727,0.1711822
23728,0.08324459
23729,0.23225605
23730,0.20040485
23731,0.39146858
23732,0.07545239
23733,0.063113585
23734,0.02918519
23735,0.07569156
23736,0.069551095
23737,0.10152827
23738,0.06396031
23739,0.46275014
23740,0.11568564
23741,0.09851868
23742,0.049572922
23743,0.01726529
23744,0.010902947
23745,0.013566323
23746,0.077734284
23747,0.02561154
23748,0.020010097
23749,0.038165133
23750,0.03239062
23751,0.10640662
23752,0.07629857
23753,0.08798708
23754,0.089137375
23755,0.13144284
23756,0.38652158
23757,0.39503938
23758,0.08639444
23759,0.03587319
23760,0.08889047
23761,0.021528171
23762,0.051489506
23763,0.023453051
23764,0.004128629
23765,0.0973943
23766,0.08062914
23767,0.111352295
23768,0.050798588
23769,0.08224761
23770,0.03965917
23771,0.036833033
23772,0.02443103
23773,0.006047935
23774,0.1465276
23775,0.013891607
23776,0.07790875
23777,0.028662179
23778,0.01275884
23779,0.057805613
23780,0.04786336
23781,0.0859605
23782,0.10695973
23783,0.12785137
23784,0.10234107
23785,0.24024235
23786,0.23784532
23787,0.177456
23788,0.014344605
23789,0.09642738
23790,0.012223787
23791,0.08040901
23792,0.052432045
23793,0.08072089
23794,0.039100014
23795,0.026212197
23796,0.053091694
23797,0.029732147
23798,0.012081862
23799,0.06335984
23800,0.0772443
23801,0.042050455
23802,0.076749735
23803,0.022400366
23804,0.04043934
23805,0.0091103045
23806,0.0095806895
23807,0.12769368
23808,0.02428597
23809,0.05377089
23810,0.14641906
23811,0.08183063
23812,0.13638882
23813,0.33989483
23814,0.10219582
23815,0.13346212
23816,0.08205588
23817,0.107963555
23818,0.08283205
23819,0.09601211
23820,0.09749705
23821,0.006687261
23822,0.0193732
23823,0.21363169
23824,0.095411606
23825,0.09412854
23826,0.048016343
23827,0.06922138
23828,0.018482076
23829,0.029760785
23830,0.019807605
23831,0.044032708
23832,0.043652937
23833,0.3352563
23834,0.079340585
23835,0.06201887
23836,0.13409673
23837,0.6872546
23838,0.093113795
23839,0.023396876
23840,0.39622495
23841,0.089330204
23842,0.19703236
23843,0.31921366
23844,0.053230207
23845,0.02069063
23846,0.05299727
23847,0.040265962
23848,0.1458468
23849,0.17743956
23850,0.0341266
23851,0.12385868
23852,0.06304699
23853,0.0839177
23854,0.025872214
23855,0.04962398
23856,0.053274915
23857,0.08415394
23858,0.022303062
23859,0.12558049
23860,0.13560545
23861,0.2461293
23862,0.14566569
23863,0.058651343
23864,0.12941529
23865,0.1743438
23866,0.3746617
23867,0.09421959
23868,0.01148931
23869,0.04885036
23870,0.02305476
23871,0.013669766
23872,0.059645038
23873,0.50412446
23874,0.035540566
23875,0.0902502
23876,0.37612826
23877,0.11580861
23878,0.023537062
23879,0.066801056
23880,0.07575677
23881,0.24676675
23882,0.2441884
23883,0.010217274
23884,0.092123546
23885,0.07374832
23886,0.13343096
23887,0.23138602
23888,0.13568646
23889,0.16257432
23890,0.4108896
23891,0.103322804
23892,0.0204981
23893,0.066936925
23894,0.085293055
23895,0.05147026
23896,0.20066512
23897,0.84261435
23898,0.03450775
23899,0.3961597
23900,0.0093328515
23901,0.07474085
23902,0.25781903
23903,0.009967922
23904,0.063294
23905,0.09133964
23906,0.025660831
23907,0.06476891
23908,0.0071511804
23909,0.45605308
23910,0.12032188
23911,0.10573787
23912,0.2572137
23913,0.14245375
23914,0.18578096
23915,0.39360222
23916,0.40405482
23917,0.2363076
23918,0.21112826
23919,0.10653909
23920,0.87767
23921,0.32788014
23922,0.38925895
23923,0.0
23924,0.037713826
23925,0.13945787
23926,0.07227779
23927,0.027027525
23928,0.020879706
23929,0.073846325
23930,0.013064684
23931,0.008269417
23932,0.027140474
23933,0.08484379
23934,0.10449471
23935,0.11269106
23936,0.11506013
23937,0.089936
23938,0.23114595
23939,0.39435288
23940,0.024068419
23941,0.11350218
23942,0.25615513
23943,0.0108897975
23944,0.07088384
23945,0.97732157
23946,0.91431415
23947,0.69182646
23948,0.03689511
23949,0.13732286
23950,0.3928832
23951,0.08926901
23952,0.012354219
23953,0.09072575
23954,0.0047229026
23955,0.07958475
23956,0.07628701
23957,0.06251371
23958,0.011838294
23959,0.40034452
23960,0.015455264
23961,0.031141525
23962,0.1421371
23963,0.1347702
23964,0.059178058
23965,0.066889614
23966,0.41101566
23967,0.39301822
23968,0.024308436
23969,0.087091096
23970,0.10564204
23971,0.09138915
23972,1.0
23973,0.7161226
23974,0.63974774
23975,0.010541718
23976,0.11944312
23977,0.044006802
23978,0.40138805
23979,0.05176177
23980,0.23702955
23981,0.0503329
23982,0.09585937
23983,0.036034055
23984,0.1255704
23985,0.14136752
23986,0.14169341
23987,0.19005452
23988,0.46291372
23989,0.46824732
23990,0.3750374
23991,0.13696182
23992,0.08145339
23993,0.062316995
23994,0.103938
23995,0.08911616
23996,0.05352054
23997,0.12473741
23998,0.1518251
23999,0.081426606
24000,0.09275873
24001,0.029835388
24002,0.83089143
24003,1.0
24004,1.0
24005,0.18074007
24006,0.051739406
24007,0.25672606
24008,0.39770368
24009,0.025427923
24010,0.007283931
24011,0.025810098
24012,0.051083606
24013,0.103691265
24014,0.05668297
24015,0.38855165
24016,1.0
24017,0.07974308
24018,0.105350815
24019,0.104442544
24020,0.15358374
24021,0.07978524
24022,0.38753226
24023,0.24867962
24024,0.045225002
24025,0.09252629
24026,0.11038473
24027,0.08902186
24028,0.055239975
24029,0.08039865
24030,0.29167154
24031,0.37933263
24032,0.23658353
24033,0.096587665
24034,0.085008726
24035,0.0
24036,0.08233219
24037,0.15216215
24038,0.047538053
24039,0.047915205
24040,0.04601874
24041,0.027823756
24042,0.05443474
24043,0.06462595
24044,0.39826304
24045,0.5469666
24046,0.239121
24047,0.23589508
24048,0.1275008
24049,0.16903418
24050,0.24191374
24051,0.6661399
24052,0.06371531
24053,0.025982473
24054,0.051586367
24055,0.032928362
24056,0.121951275
24057,0.18635474
24058,0.26731423
24059,0.40981853
24060,0.26866624
24061,0.15217389
24062,0.99718124
24063,0.13556074
24064,0.018714292
24065,0.23127963
24066,0.24083805
24067,0.026854992
24068,0.072304115
24069,0.44537517
24070,0.066372246
24071,0.04130513
24072,0.047950987
24073,0.058036253
24074,0.13960592
24075,0.3835049
24076,0.27536607
24077,0.4100546
24078,0.25919262
24079,0.1440607
24080,0.11763142
24081,0.2460694
24082,0.025285807
24083,0.16640122
24084,0.08013574
24085,0.06326789
24086,0.3916697
24087,0.24321568
24088,0.044063754
24089,0.41620335
24090,0.25634313
24091,0.0
24092,0.07695663
24093,0.08930381
24094,0.09347516
24095,0.01574712
24096,0.037063297
24097,0.059829455
24098,0.09624037
24099,0.11137325
24100,0.14090873
24101,0.39338103
24102,0.73293936
24103,0.38923997
24104,0.3904156
24105,0.44051653
24106,0.1226998
24107,0.08093395
24108,0.08304155
24109,0.12714939
24110,0.18817884
24111,0.06917245
24112,0.026133465
24113,0.09521602
24114,0.09617414
24115,0.018849306
24116,0.00012773207
24117,0.04562403
24118,0.09263634
24119,0.023755306
24120,0.014686435
24121,0.037356384
24122,0.014133869
24123,0.014052901
24124,0.04353368
24125,0.056469407
24126,0.06695377
24127,0.09062359
24128,0.23643823
24129,0.16790691
24130,0.4053706
24131,0.71477336
24132,0.54126513
24133,0.26398915
24134,0.19233061
24135,0.06297795
24136,0.08519151
24137,0.014202454
24138,0.010846268
24139,0.99272174
24140,0.061380427
24141,0.01730938
24142,0.09298292
24143,0.06471664
24144,0.09089184
24145,0.060672008
24146,0.06449629
24147,0.009296869
24148,0.03210858
24149,0.009177676
24150,0.026929801
24151,0.025946109
24152,0.046213392
24153,0.08878907
24154,0.123766415
24155,0.6082843
24156,0.39581516
24157,0.23688696
24158,1.0
24159,0.38846254
24160,0.403653
24161,0.23119386
24162,0.051764812
24163,0.030974561
24164,0.062554345
24165,0.050686367
24166,0.020486318
24167,0.040131707
24168,0.09768612
24169,0.39634955
24170,0.13172044
24171,0.38840598
24172,0.027297799
24173,0.09030765
24174,0.12723479
24175,0.114645846
24176,0.23633753
24177,0.03101511
24178,0.056620833
24179,0.13382016
24180,0.93721175
24181,0.4027186
24182,0.61871487
24183,0.2337969
24184,0.27994978
24185,0.16073695
24186,0.12515508
24187,0.033684496
24188,0.019343171
24189,0.057171714
24190,0.12655352
24191,0.10036724
24192,0.053159636
24193,0.1772271
24194,0.020959307
24195,0.06331945
24196,0.014054438
24197,0.2506179
24198,0.032276496
24199,0.014041228
24200,0.12402898
24201,0.23115344
24202,0.036420416
24203,0.18721978
24204,0.15139896
24205,0.07883654
24206,0.10261921
24207,0.028017016
24208,0.11513952
24209,0.09697116
24210,0.04578154
24211,0.08843901
24212,0.08960811
24213,0.06868992
24214,0.004455091
24215,0.1013895
24216,0.00060171343
24217,0.15285859
24218,0.006346725
24219,0.037267443
24220,0.12601517
24221,0.05600839
24222,0.0607835
24223,0.06531174
24224,0.1700233
24225,0.38684222
24226,0.5908419
24227,0.109010756
24228,0.009732892
24229,0.020665318
24230,0.04478733
24231,0.042839855
24232,0.07486587
24233,0.10833782
24234,0.009491448
24235,0.031654216
24236,0.010275339
24237,0.029433874
24238,0.02253348
24239,0.0015194446
24240,0.021369914
24241,0.009702012
24242,0.10447881
24243,0.09091658
24244,0.40764537
24245,0.013822893
24246,0.016941776
24247,0.040447187
24248,0.07459403
24249,0.12284232
24250,0.3689781
24251,0.12129375
24252,0.021072501
24253,0.006888891
24254,0.23273818
24255,0.0064310674
24256,0.034648728
24257,0.019599011
24258,0.09996313
24259,0.15024692
24260,0.06429421
24261,0.00041453735
24262,0.015908005
24263,0.25842845
24264,0.012215077
24265,0.011677744
24266,0.029805565
24267,0.13487364
24268,0.07654912
24269,0.06277705
24270,0.02696852
24271,0.04394535
24272,0.056942355
24273,0.37161824
24274,0.04633985
24275,0.021110987
24276,0.051771924
24277,0.0348709
24278,0.065492146
24279,0.2576004
24280,0.06866468
24281,0.22478257
24282,0.089418724
24283,0.027348971
24284,0.04318428
24285,0.04063914
24286,0.047124635
24287,0.25285044
24288,0.14808702
24289,0.025316743
24290,0.0830426
24291,0.08636208
24292,0.006507507
24293,0.40078706
24294,0.7160237
24295,0.18286344
24296,0.08097704
24297,0.012949295
24298,0.09572372
24299,0.07648429
24300,0.047315773
24301,0.1150851
24302,0.122616716
24303,0.094651185
24304,0.8925067
24305,0.009264379
24306,0.087055214
24307,0.0167348
24308,0.09632721
24309,0.076002695
24310,0.015243355
24311,0.04972755
24312,0.11675943
24313,0.33084786
24314,0.0817457
24315,0.24729003
24316,0.02369998
24317,0.052743424
24318,0.12103702
24319,0.046715077
24320,0.03389052
24321,0.0582642
24322,0.055551894
24323,0.02705555
24324,0.019950116
24325,0.07893236
24326,0.016046649
24327,0.10146797
24328,0.045129858
24329,0.06341265
24330,0.04391785
24331,0.10148529
24332,0.08080166
24333,0.022693478
24334,0.035509426
24335,1.0
24336,0.037086383
24337,0.12320867
24338,0.06863553
24339,0.036664404
24340,0.06405448
24341,0.06591732
24342,0.01424936
24343,0.22283447
24344,0.031129535
24345,0.003686902
24346,0.045326546
24347,0.24528156
24348,0.018283213
24349,0.0
24350,0.25353864
24351,0.03422778
24352,0.07373028
24353,0.39142305
24354,0.02276417
24355,0.009245874
24356,0.0
24357,0.020287722
24358,0.012462196
24359,0.07672511
24360,0.03564785
24361,0.16371453
24362,0.08565843
24363,0.0007549004
24364,0.086335555
24365,0.1675387
24366,0.094203755
24367,0.08308883
24368,0.11698784
24369,0.073958546
24370,0.0032972903
24371,0.12271681
24372,0.17547148
24373,0.23086114
24374,0.004101379
24375,0.036240093
24376,0.01571697
24377,0.0118028205
24378,0.008501222
24379,0.012471609
24380,0.025147649
24381,0.012027681
24382,0.010539852
24383,0.022364918
24384,0.01626217
24385,0.007856499
24386,0.026709054
24387,0.07439188
24388,0.06238266
24389,0.12698296
24390,0.00088709703
24391,0.07553283
24392,0.0047605224
24393,0.25054672
24394,0.021617556
24395,0.045764353
24396,0.014371008
24397,0.037374415
24398,0.048959304
24399,0.012284789
24400,0.0
24401,0.030832315
24402,0.0026500393
24403,0.004457842
24404,0.008754965
24405,0.07988711
24406,0.022309525
24407,0.030259633
24408,0.013544678
24409,0.059822682
24410,0.020577082
24411,0.035834722
24412,0.015803518
24413,0.012291655
24414,0.13156602
24415,0.039142147
24416,0.06603994
24417,0.006656709
24418,0.006496842
24419,0.036608953
24420,0.0020395278
24421,0.017825242
24422,0.12635648
24423,0.013743754
24424,0.0058189286
24425,0.0037049085
24426,0.006094801
24427,0.43846232
24428,0.07207601
24429,0.060378246
24430,0.108743824
24431,0.0064183846
24432,0.07603084
24433,0.037984006
24434,0.11389264
24435,0.118635334
24436,0.19605176
24437,0.019806677
24438,0.020683987
24439,0.061105672
24440,0.06660457
24441,0.028731788
24442,0.02685883
24443,0.014597844
24444,0.06099569
24445,0.006665818
24446,0.008794079
24447,0.09435022
24448,0.108724974
24449,0.024088277
24450,0.16128178
24451,0.0
24452,0.04127507
24453,0.020733956
24454,0.021176727
24455,0.06599898
24456,0.014076712
24457,0.03813735
24458,0.032211374
24459,0.007548634
24460,0.030002372
24461,0.25649244
24462,0.19494666
24463,0.020465177
24464,0.100009546
24465,0.034433823
24466,0.031826995
24467,0.089195795
24468,0.039804813
24469,0.056119785
24470,0.04809516
24471,0.013725341
24472,0.14629234
24473,0.05836957
24474,0.038367696
24475,0.1296878
24476,0.1122804
24477,0.017624209
24478,0.009327435
24479,0.24640933
24480,0.041566778
24481,0.25400063
24482,0.04974862
24483,0.14823091
24484,0.0012908074
24485,0.0010628208
24486,0.09085189
24487,0.015459712
24488,0.03082348
24489,0.016844977
24490,0.13449943
24491,0.027261645
24492,0.694595
24493,0.25873792
24494,0.01189762
24495,0.13425787
24496,0.055393104
24497,0.07329642
24498,0.018895343
24499,0.011799043
24500,0.042040057
24501,0.07192617
24502,0.37028995
24503,0.44431996
24504,0.4149314
24505,0.009915413
24506,0.08768305
24507,0.13212617
24508,0.14849065
24509,0.0051323245
24510,0.030389106
24511,0.10549192
24512,0.08411266
24513,0.10830012
24514,0.07815214
24515,0.033737615
24516,0.382302
24517,0.109600775
24518,0.36622652
24519,0.4079182
24520,0.122518994
24521,0.014649488
24522,0.38101092
24523,0.015874004
24524,0.07179462
24525,0.3293459
24526,0.085827254
24527,0.06887937
24528,0.041779626
24529,0.10437787
24530,0.06490175
24531,0.055067632
24532,0.09529597
24533,0.046343867
24534,0.0295904
24535,0.064119056
24536,0.18021323
24537,0.049166746
24538,0.04325569
24539,0.10247522
24540,0.1167749
24541,0.10404713
24542,0.033656903
24543,0.040723287
24544,0.0110955415
24545,0.045259953
24546,0.02035457
24547,0.061914884
24548,0.14080605
24549,0.07457301
24550,0.2605184
24551,0.043658264
24552,0.0635828
24553,0.018003957
24554,0.014412507
24555,0.019736035
24556,0.0010916755
24557,0.43767983
24558,0.108202174
24559,0.06385696
24560,0.15439598
24561,0.19759929
24562,0.12170974
24563,0.06649461
24564,0.03614947
24565,0.045615666
24566,0.07788766
24567,0.1593355
24568,0.30704883
24569,0.012652202
24570,0.37982634
24571,0.04728186
24572,0.0027984276
24573,0.046454106
24574,0.25386152
24575,0.017971063
24576,0.047195498
24577,0.0044295546
24578,0.06604689
24579,0.022934252
24580,0.03097013
24581,0.10625053
24582,0.42371976
24583,0.09650133
24584,0.10066139
24585,0.023035377
24586,0.022599405
24587,0.08905186
24588,0.09384265
24589,0.0006599631
24590,0.026775805
24591,0.014106469
24592,0.12424179
24593,0.1290705
24594,0.09389302
24595,0.088223286
24596,0.1031724
24597,0.014317236
24598,0.0369512
24599,0.060788613
24600,0.04179079
24601,0.044151198
24602,0.11975111
24603,0.08401058
24604,0.3925088
24605,0.035293117
24606,0.045370277
24607,0.039861266
24608,0.034942612
24609,0.026450785
24610,0.03516487
24611,0.059056025
24612,0.028938742
24613,0.022646338
24614,0.04965
24615,0.26748952
24616,0.39335307
24617,0.037864078
24618,0.057220258
24619,0.06405183
24620,0.087981895
24621,0.08329104
24622,0.07304846
24623,0.008378742
24624,0.00047762375
24625,0.051325653
24626,0.25250897
24627,0.045590017
24628,0.040073033
24629,0.05580335
24630,0.0044981344
24631,0.13417163
24632,0.08530114
24633,0.39798376
24634,0.3983908
24635,0.39086306
24636,0.084253535
24637,0.053273857
24638,0.029389529
24639,0.093835264
24640,0.051057223
24641,0.13943715
24642,0.06848652
24643,0.42987284
24644,0.096741885
24645,0.022011338
24646,0.13694972
24647,0.07611858
24648,0.04887467
24649,0.0139370905
24650,0.013319233
24651,0.0025387262
24652,0.04728482
24653,0.023188457
24654,0.017918855
24655,0.013941081
24656,0.03992456
24657,0.04395192
24658,0.112199254
24659,0.111466594
24660,0.10629728
24661,0.08816144
24662,0.1197406
24663,0.38253242
24664,0.39469284
24665,0.082824826
24666,0.04339447
24667,0.07813114
24668,0.019846248
24669,0.051255018
24670,0.022693815
24671,0.06823997
24672,0.068910666
24673,0.11614749
24674,0.06854785
24675,0.119467355
24676,0.053528637
24677,0.061252348
24678,0.024673972
24679,0.012611934
24680,0.16094626
24681,0.025508445
24682,0.08934329
24683,0.028335938
24684,0.007774456
24685,0.037878145
24686,0.048363283
24687,0.081823185
24688,0.11322957
24689,0.12484604
24690,0.11813529
24691,0.39359725
24692,0.26518413
24693,0.25020218
24694,0.009516943
24695,0.09886535
24696,0.0074255867
24697,0.06473052
24698,0.05120643
24699,0.07551516
24700,0.031997897
24701,0.027633574
24702,0.06542031
24703,0.040254448
24704,0.021014566
24705,0.0626333
24706,0.07021866
24707,0.043229055
24708,0.07795212
24709,0.02782081
24710,0.023202669
24711,0.13081188
24712,0.026791751
24713,0.05886553
24714,0.15974258
24715,0.08230368
24716,0.13882497
24717,0.36840823
24718,0.13570985
24719,0.13909037
24720,0.07252916
24721,0.13386647
24722,0.0659319
24723,0.0951076
24724,0.07101487
24725,0.012192354
24726,0.0022650466
24727,0.02753224
24728,0.32933655
24729,0.09150343
24730,0.0887872
24731,0.06571983
24732,0.06851948
24733,0.008451091
24734,0.01413748
24735,0.030508349
24736,0.053054955
24737,0.34995338
24738,0.087990396
24739,0.047297448
24740,0.104255356
24741,0.7015461
24742,0.10050296
24743,0.026370004
24744,0.39247635
24745,0.08683506
24746,0.23905766
24747,0.29922065
24748,0.0813231
24749,0.05637925
24750,0.040789474
24751,0.10812782
24752,0.16866347
24753,0.058925632
24754,0.12800662
24755,0.061276264
24756,0.0089081
24757,0.09531445
24758,0.03554692
24759,0.08293031
24760,0.12685445
24761,0.022358498
24762,0.13827857
24763,0.14005663
24764,0.25067022
24765,0.12309096
24766,0.040461976
24767,0.13262972
24768,0.15676798
24769,0.3770355
24770,0.073826514
24771,0.015400331
24772,0.07462811
24773,0.039245125
24774,0.008841507
24775,0.09026599
24776,0.5549763
24777,0.044002358
24778,0.08575532
24779,0.40555626
24780,0.13051605
24781,0.022356095
24782,0.011350038
24783,0.06331561
24784,0.10438912
24785,0.24462187
24786,0.4105868
24787,0.011427993
24788,0.15462986
24789,0.09293928
24790,0.26814297
24791,0.22611266
24792,0.13704976
24793,0.18351012
24794,0.388237
24795,0.0975968
24796,0.068099715
24797,0.08715061
24798,0.0733602
24799,0.25713608
24800,0.98272735
24801,0.0040132864
24802,0.04832803
24803,0.39478865
24804,0.0198791
24805,0.058802012
24806,0.19494049
24807,0.016038341
24808,0.07514976
24809,0.10896896
24810,0.022924906
24811,0.06668894
24812,0.012656735
24813,0.5016407
24814,0.38451168
24815,0.09182827
24816,0.26790282
24817,0.1440242
24818,0.24026632
24819,0.38178056
24820,0.3132923
24821,0.023494234
24822,0.23496506
24823,0.25823185
24824,0.10059836
24825,0.9198852
24826,0.30912483
24827,0.32598108
24828,0.0033801163
24829,0.02497038
24830,0.22878626
24831,0.0490277
24832,0.043439798
24833,0.02891208
24834,0.007915993
24835,0.060867455
24836,0.012615178
24837,0.0031217528
24838,0.03568405
24839,0.1364177
24840,0.09751416
24841,0.11627741
24842,0.12842938
24843,0.09175384
24844,0.37927502
24845,0.25715107
24846,0.026627857
24847,0.086765416
24848,0.27653867
24849,0.014197096
24850,0.058325686
24851,1.0
24852,1.0
24853,0.6503813
24854,0.036099255
24855,0.015978588
24856,0.10376195
24857,0.42239344
24858,0.09315606
24859,0.07529367
24860,0.06966572
24861,0.0792986
24862,0.062384523
24863,0.016265688
24864,0.4167883
24865,0.01582917
24866,0.037815027
24867,0.08983216
24868,0.09757943
24869,0.056466904
24870,0.06022227
24871,0.38109624
24872,0.3748557
24873,0.023008654
24874,0.11139605
24875,0.102953754
24876,0.08817622
24877,1.0
24878,0.80522174
24879,0.7025174
24880,0.09193812
24881,0.058229893
24882,0.015759261
24883,0.38692966
24884,0.08732212
24885,0.2372596
24886,0.04607006
24887,0.11018682
24888,0.0344853
24889,0.14926039
24890,0.12449631
24891,0.1458129
24892,0.26326403
24893,0.46852174
24894,0.41452506
24895,0.40945444
24896,0.12983748
24897,0.08671738
24898,0.057843097
24899,0.09612953
24900,0.06868478
24901,0.04276224
24902,0.022564333
24903,0.13171287
24904,0.14662242
24905,0.09795325
24906,0.092622094
24907,0.024094528
24908,0.91845375
24909,1.0
24910,0.9954397
24911,0.13130529
24912,0.049990937
24913,0.24034493
24914,0.3844044
24915,0.02249492
24916,0.0024124736
24917,0.02768051
24918,0.030538047
24919,0.05419508
24920,0.07768566
24921,0.07074801
24922,0.38891664
24923,1.0
24924,0.05635351
24925,0.10580122
24926,0.07964154
24927,0.14891367
24928,0.07705813
24929,0.38125017
24930,0.17155308
24931,0.043290067
24932,0.09545139
24933,0.117158234
24934,0.091430366
24935,0.055037197
24936,0.04293603
24937,0.24864829
24938,0.2637498
24939,0.17517155
24940,0.09181282
24941,0.025003782
24942,0.065888636
24943,0.101372704
24944,0.23700257
24945,0.05059608
24946,0.06300031
24947,0.050977234
24948,0.027639242
24949,0.05427492
24950,0.076992266
24951,0.3964098
24952,0.501149
24953,0.3807643
24954,0.17236233
24955,0.118569754
24956,0.16826858
24957,0.1230137
24958,0.55920196
24959,0.07262477
24960,0.03819721
24961,0.053051993
24962,0.22941874
24963,0.18845218
24964,0.36959058
24965,0.41829166
24966,0.38652796
24967,0.24294814
24968,0.989717
24969,0.10914299
24970,0.021702893
24971,0.22609355
24972,0.23766802
24973,0.03123008
24974,0.04022356
24975,0.2572139
24976,0.07336667
24977,0.041898463
24978,0.059705663
24979,0.059925377
24980,0.1112027
24981,0.38135338
24982,0.28414294
24983,0.43566784
24984,0.2596769
24985,0.13205604
24986,0.12482206
24987,0.37980753
24988,0.025075993
24989,0.15482898
24990,0.08233266
24991,0.06333844
24992,0.40974635
24993,0.25019458
24994,0.042226844
24995,0.40986705
24996,0.27315253
24997,0.0031192014
24998,0.07243087
24999,0.13293648
25000,0.08462475
25001,0.0
25002,0.011920415
25003,0.005261236
25004,0.040237024
25005,0.07628318
25006,0.1031058
25007,0.090150185
25008,0.1301538
25009,0.3956101
25010,0.75353384
25011,0.38057363
25012,0.38748562
25013,0.42406324
25014,0.10005208
25015,0.06919614
25016,0.07787628
25017,0.15501183
25018,0.18934858
25019,0.055601567
25020,0.033826526
25021,0.0
25022,0.10090738
25023,0.09060965
25024,0.027765963
25025,0.06358579
25026,0.10550314
25027,0.008050459
25028,0.03754523
25029,0.0019969058
25030,0.03169989
25031,0.012244232
25032,0.048449717
25033,0.08276593
25034,0.06389457
25035,0.08524261
25036,0.37515754
25037,0.22826831
25038,0.41043925
25039,0.6909742
25040,0.6269922
25041,0.37534675
25042,0.24069978
25043,0.0577572
25044,0.022636471
25045,0.0636803
25046,0.11657269
25047,0.014527334
25048,0.034674037
25049,0.9835664
25050,0.06407732
25051,0.010616835
25052,0.09267498
25053,0.09523729
25054,0.12914708
25055,0.032889444
25056,0.06868732
25057,0.021691734
25058,0.053883974
25059,0.03356327
25060,0.02317122
25061,0.04730223
25062,0.087231316
25063,0.1250707
25064,0.5956352
25065,0.3954354
25066,0.23493724
25067,1.0
25068,0.37884095
25069,0.39888242
25070,0.23206736
25071,0.03188405
25072,0.028517447
25073,0.04058112
25074,0.05641756
25075,0.05660763
25076,0.079440005
25077,0.39959532
25078,0.13256767
25079,0.3922092
25080,0.025979696
25081,0.09264523
25082,0.08371812
25083,0.12301184
25084,0.2519656
25085,0.12833765
25086,0.023564002
25087,0.06183229
25088,0.14131421
25089,0.99219924
25090,0.40161005
25091,0.71987855
25092,0.3989505
25093,0.30287698
25094,0.14534591
25095,0.2330572
25096,0.038940478
25097,0.02169417
25098,0.020778146
25099,0.0037182386
25100,0.034301486
25101,0.032433867
25102,0.12461648
25103,0.11992273
25104,0.07896244
25105,0.3097498
25106,0.02459144
25107,0.066110276
25108,0.01479785
25109,0.38992682
25110,0.031860534
25111,0.006184406
25112,0.13001147
25113,0.23216458
25114,0.043042038
25115,0.0028377397
25116,0.2526169
25117,0.15580581
25118,0.11110176
25119,0.11731633
25120,0.024639182
25121,0.08951289
25122,0.09197676
25123,0.041294176
25124,0.12875806
25125,0.10012168
25126,0.035730764
25127,0.033855285
25128,0.01081675
25129,0.2247555
25130,0.004117617
25131,0.119129024
25132,0.07251368
25133,0.043718588
25134,0.14006093
25135,0.05243972
25136,0.051961895
25137,0.008519093
25138,0.06537471
25139,0.17425281
25140,0.39497644
25141,0.58738583
25142,0.11023969
25143,0.0056700367
25144,0.007351495
25145,0.017801356
25146,0.034493107
25147,0.058804274
25148,0.011253835
25149,0.05458244
25150,0.23345196
25151,0.014015817
25152,0.027205136
25153,0.004887176
25154,0.015235434
25155,0.016738554
25156,0.022853075
25157,0.11351466
25158,0.091457196
25159,0.40754792
25160,0.013390172
25161,0.013520003
25162,0.044335064
25163,0.082157664
25164,0.1311314
25165,0.3937316
25166,0.1299742
25167,0.014972911
25168,0.2279815
25169,0.025757274
25170,0.046082977
25171,0.079529844
25172,0.14620101
25173,0.07251744
25174,0.0136051625
25175,0.009376521
25176,0.0037293998
25177,0.27581015
25178,0.037760336
25179,0.027033936
25180,0.034799274
25181,0.13236359
25182,0.10331837
25183,0.06486219
25184,0.025752684
25185,0.040163483
25186,0.057331264
25187,0.38083413
25188,0.043142546
25189,0.037648372
25190,0.03471042
25191,0.057322394
25192,0.058029696
25193,0.25474378
25194,0.07292279
25195,0.22231966
25196,0.07157837
25197,0.02604098
25198,0.06709508
25199,0.06628979
25200,0.036585193
25201,0.28228348
25202,0.0021960274
25203,0.17573845
25204,0.02630752
25205,0.069193706
25206,0.080698505
25207,0.006306366
25208,0.4339817
25209,0.6256821
25210,0.09143525
25211,0.07638135
25212,0.11039268
25213,0.046475295
25214,0.05329587
25215,0.14873564
25216,0.15110871
25217,0.09424639
25218,0.9133397
25219,0.018058628
25220,0.10385217
25221,0.0
25222,0.097551726
25223,0.07211711
25224,0.016822565
25225,0.036185354
25226,0.09080016
25227,0.40893477
25228,0.076574884
25229,0.23348984
25230,0.024041414
25231,0.09581791
25232,0.028779287
25233,0.09557448
25234,0.05133493
25235,0.042365577
25236,0.04802157
25237,0.067364626
25238,0.038488038
25239,0.019143118
25240,0.10257559
25241,0.016093716
25242,0.1486207
25243,0.044549324
25244,0.040509287
25245,0.020259608
25246,0.029743878
25247,0.088578455
25248,0.0905159
25249,0.02940117
25250,0.03918812
25251,0.99759823
25252,0.04660258
25253,0.14891137
25254,0.06500642
25255,0.052009355
25256,0.052560326
25257,0.053253278
25258,0.0153041305
25259,0.02532762
25260,0.274292
25261,0.04323833
25262,0.0094769895
25263,0.042016365
25264,0.14229938
25265,0.02591828
25266,0.0073968843
25267,0.09494399
25268,0.039591417
25269,0.02759036
25270,0.06182839
25271,0.39068544
25272,0.026198983
25273,0.016870439
25274,0.0
25275,0.010270034
25276,0.00030679555
25277,0.07717745
25278,0.006024042
25279,0.04205218
25280,0.24290837
25281,0.08155561
25282,0.0028830515
25283,0.018700004
25284,0.07651953
25285,0.1640833
25286,0.11350098
25287,0.08100192
25288,0.0994958
25289,0.051643867
25290,0.043513928
25291,0.016247548
25292,0.07797993
25293,0.2492773
25294,0.23966534
25295,0.0053665065
25296,0.05200313
25297,0.014667693
25298,0.0076085413
25299,0.00917461
25300,0.012664204
25301,0.021546166
25302,0.013813567
25303,0.0130841015
25304,0.00921996
25305,0.012119796
25306,0.013209173
25307,0.0052769706
25308,0.03621406
25309,0.034786724
25310,0.06658046
25311,0.11755041
25312,0.0023304673
25313,0.0011096358
25314,0.110555276
25315,0.39721954
25316,0.041914452
25317,0.014737106
25318,0.013473672
25319,0.042967435
25320,0.0025888933
25321,0.028487235
25322,0.007389916
25323,0.052405555
25324,0.0015909245
25325,0.12056823
25326,0.036543567
25327,0.055337023
25328,0.004326891
25329,0.057351634
25330,0.017047908
25331,0.0041808696
25332,0.01712065
25333,0.007623137
25334,0.15998115
25335,0.037783448
25336,0.06302121
25337,0.013655188
25338,0.005246404
25339,0.04658115
25340,0.0007392836
25341,0.017594747
25342,0.10498835
25343,0.013796631
25344,0.42731392
25345,0.07257108
25346,0.10826892
25347,0.09739096
25348,0.08696893
25349,0.04093496
25350,0.013125995
25351,0.008059469
25352,0.12775403
25353,0.024083937
25354,0.112482324
25355,0.18908371
25356,0.021226915
25357,0.06373083
25358,0.044922993
25359,0.043957047
25360,0.024069775
25361,0.0066538993
25362,0.062453326
25363,0.010441294
25364,0.012460769
25365,0.0054329033
25366,0.10984303
25367,0.07226489
25368,0.0259924
25369,0.18532604
25370,0.018499581
25371,0.027419668
25372,0.002849172
25373,0.020838851
25374,0.023577759
25375,0.06507861
25376,0.038369123
25377,0.012727871
25378,0.04702467
25379,0.035330128
25380,0.008656237
25381,0.023478698
25382,0.03767572
25383,0.2765384
25384,0.2555008
25385,0.03138154
25386,0.16216798
25387,0.028734209
25388,0.10237429
25389,0.045672968
25390,0.06302117
25391,0.0036535931
25392,0.008605511
25393,0.06903799
25394,0.04968708
25395,0.040922847
25396,0.05199497
25397,0.030113472
25398,0.021028943
25399,0.16617264
25400,0.0595146
25401,0.044064276
25402,0.04378833
25403,0.1291838
25404,0.11874056
25405,0.05889833
25406,0.016747864
25407,0.23827606
25408,0.03574062
25409,0.35797003
25410,0.057753522
25411,0.2558764
25412,0.09650437
25413,0.0010386042
25414,0.011654452
25415,0.08672564
25416,0.025030838
25417,0.2409496
25418,0.64785963
25419,0.15823556
25420,0.009305266
25421,0.12959583
25422,0.059452105
25423,0.024712576
25424,0.07360145
25425,0.02882327
25426,0.016000234
25427,0.038011767
25428,0.12798235
25429,0.4022877
25430,0.47318915
25431,0.37842745
25432,0.010942181
25433,0.091463335
25434,0.1364766
25435,0.14716762
25436,0.0028223598
25437,0.10542798
25438,0.0846745
25439,0.11223755
25440,0.08399775
25441,0.03485039
25442,0.4002949
25443,0.083309725
25444,0.2550735
25445,0.4301403
25446,0.1281369
25447,0.0161783
25448,0.3937221
25449,0.0768757
25450,0.35267112
25451,0.09076576
25452,0.070228465
25453,0.039852
25454,0.0713707
25455,0.058371466
25456,0.08663984
25457,0.03985117
25458,0.032591313
25459,0.07367032
25460,0.27221698
25461,0.04972267
25462,0.052019387
25463,0.09406314
25464,0.1259206
25465,0.107825406
25466,0.042403486
25467,0.009677185
25468,0.017589131
25469,0.066269785
25470,0.14375825
25471,0.17576179
25472,0.06757263
25473,0.021991014
25474,0.0013316615
25475,0.4470048
25476,0.11405003
25477,0.06121906
25478,0.26182884
25479,0.31490892
25480,0.124368675
25481,0.0740971
25482,0.041631505
25483,0.020173537
25484,0.03898896
25485,0.083351925
25486,0.08934
25487,0.24931687
25488,0.43351158
25489,0.015518676
25490,0.37862855
25491,0.052461356
25492,0.031907007
25493,0.024310889
25494,0.050040495
25495,0.25386032
25496,0.017436793
25497,0.05153928
25498,0.007349457
25499,0.06476276
25500,0.026318448
25501,0.027748398
25502,0.110500745
25503,0.3305138
25504,0.09944939
25505,0.08866361
25506,0.01950539
25507,0.020692728
25508,0.0966509
25509,0.09049616
25510,0.026717933
25511,0.13074845
25512,0.12526758
25513,0.085977435
25514,0.14004359
25515,0.095085375
25516,0.037674055
25517,0.06428165
25518,0.04320949
25519,0.041783687
25520,0.0
25521,0.124498285
25522,0.08759521
25523,0.3775842
25524,0.037255082
25525,0.04573464
25526,0.041908313
25527,0.034522396
25528,0.025944326
25529,0.036756385
25530,0.059243172
25531,0.024951706
25532,0.04885454
25533,0.27155375
25534,0.37878433
25535,0.039331462
25536,0.055219207
25537,0.08322817
25538,0.086790174
25539,0.014636041
25540,0.07064384
25541,0.009707275
25542,0.056267243
25543,0.24392611
25544,0.043492574
25545,0.03861232
25546,0.055832803
25547,0.0032660388
25548,0.13642055
25549,0.084828906
25550,0.40257397
25551,0.41760772
25552,0.3784121
25553,0.08604854
25554,0.054935914
25555,0.027925538
25556,0.09530678
25557,0.051342543
25558,0.13814318
25559,0.073549785
25560,0.44160706
25561,0.093583874
25562,0.13831535
25563,0.08272595
25564,0.049133994
25565,0.0046285456
25566,0.04872408
25567,0.03682793
25568,0.04483695
25569,0.106150284
25570,0.12084713
25571,0.11029573
25572,0.086861536
25573,0.1199994
25574,0.37908912
25575,0.38884276
25576,0.089277565
25577,0.043339696
25578,0.08410883
25579,0.021160102
25580,0.050315637
25581,0.07346922
25582,0.07697768
25583,0.12176038
25584,0.06699203
25585,0.118423626
25586,0.05607752
25587,0.05907624
25588,0.02843559
25589,0.23499213
25590,0.011274347
25591,0.027808309
25592,0.09569308
25593,0.029051254
25594,0.0072415043
25595,0.0348492
25596,0.046148177
25597,0.08644848
25598,0.11029687
25599,0.120177165
25600,0.11195539
25601,0.36652425
25602,0.24525842
25603,0.24974905
25604,0.00930443
25605,0.10668041
25606,0.069862045
25607,0.050272055
25608,0.08512052
25609,0.06738688
25610,0.042707976
25611,0.06551376
25612,0.07307987
25613,0.04556602
25614,0.07794282
25615,0.028675789
25616,0.1351657
25617,0.024104455
25618,0.058412842
25619,0.16833028
25620,0.08023158
25621,0.2277145
25622,0.46220276
25623,0.1381425
25624,0.23055409
25625,0.07400948
25626,0.08599971
25627,0.06504694
25628,0.09541462
25629,0.07546062
25630,0.03308144
25631,0.2125554
25632,0.09656806
25633,0.08984182
25634,0.06871034
25635,0.06982392
25636,0.015830804
25637,0.058396585
25638,0.052813124
25639,0.34447613
25640,0.091578096
25641,0.052072927
25642,0.102368675
25643,0.69845027
25644,0.102001734
25645,0.026498841
25646,0.4081537
25647,0.086066246
25648,0.23506443
25649,0.30358174
25650,0.08048332
25651,0.018461894
25652,0.058794033
25653,0.11491447
25654,0.16914451
25655,0.066597275
25656,0.22008531
25657,0.06433892
25658,0.093989246
25659,0.0052444274
25660,0.025650593
25661,0.08377037
25662,0.12353108
25663,0.022170346
25664,0.13729514
25665,0.14241084
25666,0.24461773
25667,0.12543063
25668,0.04260785
25669,0.13314329
25670,0.15344036
25671,0.24867363
25672,0.06865723
25673,0.078281686
25674,0.039242253
25675,0.14358655
25676,0.65946275
25677,0.042851686
25678,0.09064221
25679,0.3712903
25680,0.13305494
25681,0.021562794
25682,0.015086524
25683,0.06368803
25684,0.10375536
25685,0.39190686
25686,0.3654394
25687,0.01166482
25688,0.145319
25689,0.09479346
25690,0.25791168
25691,0.13467255
25692,0.1393212
25693,0.18588795
25694,0.36520106
25695,0.11246641
25696,0.06828219
25697,0.095785454
25698,0.079649
25699,0.253774
25700,1.0
25701,0.044887636
25702,0.37607664
25703,0.060115602
25704,0.25303054
25705,0.0785974
25706,0.09862554
25707,0.02247755
25708,0.06951178
25709,0.010581403
25710,0.4729542
25711,0.12226562
25712,0.09442267
25713,0.26148194
25714,0.14104466
25715,0.23393816
25716,0.3882294
25717,0.38451007
25718,0.025132349
25719,0.23602878
25720,0.22413021
25721,0.09876854
25722,0.94416016
25723,0.40639096
25724,0.42684564
25725,0.00039658556
25726,0.025621168
25727,0.14917272
25728,0.047548436
25729,0.04173701
25730,0.025529552
25731,0.009557293
25732,0.013872198
25733,0.060727686
25734,0.004922745
25735,0.011817424
25736,0.0046527525
25737,0.03361521
25738,0.1403158
25739,0.10028278
25740,0.11380151
25741,0.13107124
25742,0.14886221
25743,0.37421802
25744,0.23138136
25745,0.02726266
25746,0.08684542
25747,0.27674696
25748,0.014639182
25749,0.0634284
25750,0.9937728
25751,1.0
25752,0.70330113
25753,0.040730312
25754,0.01579525
25755,0.1126611
25756,0.39800254
25757,0.10608291
25758,0.024347072
25759,0.07590359
25760,0.0016946159
25761,0.0014553102
25762,0.017848225
25763,0.069364175
25764,0.078850746
25765,0.06504734
25766,0.017888863
25767,0.40166685
25768,0.015519302
25769,0.037877727
25770,0.094090246
25771,0.09393004
25772,0.058171604
25773,0.059150048
25774,0.24194111
25775,0.39616123
25776,0.09241307
25777,0.097244434
25778,0.09055774
25779,1.0
25780,0.8237038
25781,0.6874659
25782,0.011315365
25783,0.033107772
25784,0.060061026
25785,0.013717737
25786,0.3986057
25787,0.093231075
25788,0.24258494
25789,0.04545041
25790,0.119790435
25791,0.1555192
25792,0.12163292
25793,0.14255722
25794,0.25450906
25795,0.47684368
25796,0.43515137
25797,0.24274822
25798,0.13258381
25799,0.08853567
25800,0.06139902
25801,0.09832384
25802,0.07500186
25803,0.042808842
25804,0.138127
25805,0.14784217
25806,0.09580442
25807,0.090384685
25808,0.022920934
25809,0.91995174
25810,0.9948513
25811,0.9963531
25812,0.13801162
25813,0.04666828
25814,0.38180217
25815,0.01557228
25816,0.39248842
25817,0.0021265694
25818,0.026535189
25819,0.02955425
25820,0.055597838
25821,0.07660946
25822,0.07662884
25823,0.3753867
25824,1.0
25825,0.05633468
25826,0.10396138
25827,0.07652993
25828,0.15339795
25829,0.07974994
25830,0.38755822
25831,0.24290352
25832,0.04394929
25833,0.09346765
25834,0.11583147
25835,0.09323708
25836,0.056580167
25837,0.04677571
25838,0.24689256
25839,0.25285903
25840,0.178019
25841,0.096075036
25842,0.026372299
25843,0.071112834
25844,0.08971348
25845,0.23832093
25846,0.052156106
25847,0.064592205
25848,0.049854018
25849,0.025767861
25850,0.05265775
25851,0.07757943
25852,0.3888731
25853,0.5257473
25854,0.23840751
25855,0.18070632
25856,0.122515656
25857,0.16710347
25858,0.12495104
25859,0.5520907
25860,0.12981841
25861,0.038371637
25862,0.05564543
25863,0.16594322
25864,0.20051669
25865,0.2530277
25866,0.45005038
25867,0.2720922
25868,0.2473385
25869,1.0
25870,0.10405875
25871,0.02107939
25872,0.22907655
25873,0.23119715
25874,0.030077562
25875,0.045343637
25876,0.25436255
25877,0.004205257
25878,0.0756642
25879,0.040399592
25880,0.056369893
25881,0.06087705
25882,0.11097259
25883,0.36271134
25884,0.27861404
25885,0.42940894
25886,0.24659845
25887,0.13951479
25888,0.12646057
25889,0.37002754
25890,0.01657336
25891,0.02148121
25892,0.15309823
25893,0.08487454
25894,0.06306832
25895,0.4097212
25896,0.23879436
25897,0.042821787
25898,0.44675097
25899,0.26263204
25900,0.0024569675
25901,0.07940047
25902,0.13543332
25903,0.090480365
25904,0.00049920223
25905,0.013950476
25906,0.03678721
25907,0.07672909
25908,0.10202533
25909,0.08858419
25910,0.12849894
25911,0.38706025
25912,0.71027523
25913,0.3611204
25914,0.37004945
25915,0.4365591
25916,0.10709178
25917,0.026238581
25918,0.07758105
25919,0.087927766
25920,0.15627417
25921,0.24473976
25922,0.055586852
25923,0.03459051
25924,0.091399305
25925,0.08791967
25926,0.029292054
25927,0.0016291729
25928,0.07146058
25929,0.07904375
25930,0.020909116
25931,0.03772831
25932,0.0037147896
25933,0.035923924
25934,0.012862102
25935,0.045522705
25936,0.080834925
25937,0.06358051
25938,0.08735884
25939,0.23528707
25940,0.13195382
25941,0.38104075
25942,0.72013414
25943,0.5701136
25944,0.25284776
25945,0.23973353
25946,0.059110448
25947,0.019293234
25948,0.065831766
25949,0.12844166
25950,0.018248355
25951,0.03551596
25952,1.0
25953,0.06446754
25954,0.017243719
25955,0.15041967
25956,0.09555469
25957,0.25090054
25958,0.071638145
25959,0.05198071
25960,0.02395553
25961,0.048233986
25962,0.089750245
25963,0.124649
25964,0.55762464
25965,0.3736926
25966,0.22645304
25967,1.0
25968,0.36855415
25969,0.38802186
25970,0.16230188
25971,0.032715507
25972,0.029578768
25973,0.026199415
25974,0.04168339
25975,0.05629358
25976,0.05693774
25977,0.08402748
25978,0.4321502
25979,0.1383904
25980,0.37669334
25981,0.029407665
25982,0.095165275
25983,0.08345368
25984,0.11942807
25985,0.19048874
25986,0.068812
25987,0.025115354
25988,0.010219627
25989,0.05932777
25990,0.13897404
25991,1.0
25992,0.38580707
25993,0.7129726
25994,0.38988447
25995,0.27366656
25996,0.14776936
25997,0.23910333
25998,0.019859446
25999,0.036050476
26000,0.03536158
26001,0.12288793
26002,0.11938763
26003,0.08098736
26004,0.30245396
26005,0.02320085
26006,0.06955283
26007,0.016115928
26008,0.37062982
26009,0.03383523
26010,0.1300044
26011,0.23753591
26012,0.046134587
26013,0.0054500415
26014,0.2502606
26015,0.15189329
26016,0.10611346
26017,0.12473744
26018,0.08646567
26019,0.09533671
26020,0.04650259
26021,0.12764291
26022,0.092566215
26023,0.03514827
26024,0.011270507
26025,0.23302133
26026,0.0028196236
26027,0.013469801
26028,0.12393345
26029,0.0023650327
26030,0.04490502
26031,0.13697788
26032,0.052444767
26033,0.050708454
26034,0.0050017643
26035,0.06590775
26036,0.1796318
26037,0.3800239
26038,0.6065877
26039,0.12196191
26040,0.0110576525
26041,0.01869136
26042,0.03134918
26043,0.065874524
26044,0.008658627
26045,0.06302981
26046,0.22971264
26047,0.012659502
26048,0.031625558
26049,0.006052574
26050,0.033113368
26051,0.0115555115
26052,0.023377923
26053,0.10928466
26054,0.09297766
26055,0.40305752
26056,0.012215797
26057,0.0136235
26058,0.046802506
26059,0.08400443
26060,0.12890635
26061,0.37802467
26062,0.13699658
26063,0.014713779
26064,0.014327199
26065,0.2299584
26066,0.025302602
26067,0.046537593
26068,0.086058415
26069,0.14723916
26070,0.06821006
26071,0.015724445
26072,0.009289461
26073,0.0017430626
26074,0.21196054
26075,0.038869567
26076,0.022014879
26077,0.023032429
26078,0.035638794
26079,0.1334909
26080,0.11173364
26081,0.062414598
26082,0.027321942
26083,0.038132202
26084,0.05466972
26085,0.3659248
26086,0.043141387
26087,0.043982383
26088,0.03576552
26089,0.059106063
26090,0.20063566
26091,0.0774473
26092,0.22084576
26093,0.08806245
26094,0.027388176
26095,0.01510938
26096,0.068901435
26097,0.06890183
26098,0.03627563
26099,0.20405184
26100,0.004741952
26101,0.003322639
26102,0.24364083
26103,0.026097171
26104,0.06573911
26105,0.0829615
26106,0.008096475
26107,0.32967818
26108,0.6406006
26109,0.093812145
26110,0.082116105
26111,0.019312374
26112,0.11329811
26113,0.051624183
26114,0.051300514
26115,0.15340474
26116,0.15665542
26117,0.094800055
26118,0.9305965
26119,0.089561746
26120,0.005064501
26121,0.09688393
26122,0.07891522
26123,0.015939955
26124,0.036917068
26125,0.09719734
26126,0.33398703
26127,0.07729167
26128,0.23718116
26129,0.024669096
26130,0.014455099
26131,0.10710635
26132,0.03063877
26133,0.09381169
26134,0.052718714
26135,0.0051021245
26136,0.039130595
26137,0.045689173
26138,0.06607452
26139,0.038891315
26140,0.1002501
26141,0.15039566
26142,0.045668505
26143,0.040098943
26144,0.019605499
26145,0.03120171
26146,0.08878573
26147,0.10271829
26148,0.023176596
26149,0.036600288
26150,1.0
26151,0.04902341
26152,0.15576708
26153,0.06797839
26154,0.054357406
26155,0.055804368
26156,0.05290266
26157,0.013856281
26158,0.024306765
26159,0.26298437
26160,0.044033464
26161,0.011138876
26162,0.0
26163,0.0037482015
26164,0.013901643
26165,0.02063603
26166,0.04294345
26167,0.14418346
26168,0.02270296
26169,0.0077455915
26170,0.09557709
26171,0.040640566
26172,0.027077468
26173,0.060016103
26174,0.3795925
26175,0.027945869
26176,0.013565214
26177,0.01875414
26178,0.07871428
26179,0.005613418
26180,0.04144278
26181,0.18927863
26182,0.076451786
26183,0.003602716
26184,0.020150477
26185,0.08417911
26186,0.17047656
26187,0.12263472
26188,0.08623813
26189,0.10093261
26190,0.05030565
26191,0.042827964
26192,0.015531505
26193,0.08506628
26194,0.1959076
26195,0.23729001
26196,0.02392341
26197,0.05315579
26198,0.015889714
26199,0.0055719926
26200,0.008842908
26201,0.012314296
26202,0.022786103
26203,0.014381665
26204,0.011139043
26205,0.016707882
26206,0.006116571
26207,0.038365263
26208,0.034234527
26209,0.06553376
26210,0.12463508
26211,0.117611594
26212,0.0068391245
26213,0.29636163
26214,0.01986021
26215,0.012657712
26216,0.041008066
26217,0.014753842
26218,0.012773438
26219,0.0039394004
26220,0.023105847
26221,0.029165735
26222,0.007206817
26223,0.053984243
26224,0.023579462
26225,0.0048615327
26226,0.0048495764
26227,0.11722084
26228,0.036749262
26229,0.058678236
26230,0.012152033
26231,0.059167635
26232,0.014292384
26233,0.0064306557
26234,0.014542415
26235,0.007555756
26236,0.16292448
26237,0.03610645
26238,0.060759738
26239,0.006329596
26240,0.0068550566
26241,0.048736554
26242,0.000671219
26243,0.017284833
26244,0.1036319
26245,0.014768412
26246,0.016334161
26247,0.010804156
26248,0.31880116
26249,0.07747863
26250,0.10366702
26251,0.09477765
26252,0.003492528
26253,0.092953846
26254,0.041906223
26255,0.13003117
26256,0.022390544
26257,0.12017833
26258,0.19110057
26259,0.020139715
26260,0.00456819
26261,0.04806849
26262,0.046487004
26263,0.0023636578
26264,0.014582957
26265,0.006461723
26266,0.010987703
26267,0.06337019
26268,0.011149706
26269,0.115081064
26270,0.07091412
26271,0.027230866
26272,0.19553316
26273,0.014770667
26274,0.023553142
26275,0.003761313
26276,0.019108798
26277,0.021759208
26278,0.0665196
26279,0.04122927
26280,0.044750225
26281,0.034929637
26282,0.005130291
26283,0.0059315856
26284,0.020427974
26285,0.040629916
26286,0.2796127
26287,0.21357861
26288,0.0050764414
26289,0.100782014
26290,0.022295259
26291,0.02666677
26292,0.09333565
26293,0.0012494581
26294,0.035784997
26295,0.0051163305
26296,0.061722193
26297,0.04182894
26298,0.027652657
26299,0.013230098
26300,0.029425198
26301,0.019009966
26302,0.15216827
26303,0.053499363
26304,0.033944886
26305,0.12792948
26306,0.38559648
26307,0.012383001
26308,0.020621907
26309,0.0
26310,0.24236774
26311,0.032880347
26312,0.1796614
26313,0.048069723
26314,0.14683609
26315,0.09304269
26316,0.0052347356
26317,0.08461546
26318,0.003129172
26319,0.028438075
26320,0.015388042
26321,0.13821608
26322,0.02498603
26323,0.7438655
26324,0.14591147
26325,0.039029412
26326,0.0013983176
26327,0.13513745
26328,0.060332295
26329,0.023135792
26330,0.024819257
26331,0.07544296
26332,0.0153148575
26333,0.07032209
26334,0.24388395
26335,0.44672626
26336,0.41429052
26337,0.08322162
26338,0.1354422
26339,0.1493161
26340,0.11713377
26341,0.08397629
26342,0.1086049
26343,0.07982319
26344,0.39550644
26345,0.08887417
26346,0.15286069
26347,0.42302698
26348,0.122102804
26349,0.012262656
26350,0.4084497
26351,0.015668657
26352,0.0784722
26353,0.36227575
26354,0.088807955
26355,0.072062746
26356,0.04057075
26357,0.113710776
26358,0.06675215
26359,0.05725799
26360,0.0915404
26361,0.03953764
26362,0.03145143
26363,0.06846048
26364,0.25089085
26365,0.049255505
26366,0.050961908
26367,0.107531354
26368,0.12905294
26369,0.10592135
26370,0.009727663
26371,0.017092345
26372,0.06380855
26373,0.13215561
26374,0.14983325
26375,0.040199168
26376,0.065274544
26377,0.016547082
26378,0.016712356
26379,0.003408742
26380,0.022630503
26381,0.45876426
26382,0.11124292
26383,0.060954224
26384,0.17152652
26385,0.31633183
26386,0.1278338
26387,0.071790904
26388,0.038800474
26389,0.023586001
26390,0.01758982
26391,0.03960852
26392,0.045765895
26393,0.08342174
26394,0.08460738
26395,0.24932618
26396,0.3853344
26397,0.0148812635
26398,0.09330914
26399,0.04915671
26400,0.00037299516
26401,0.028905116
26402,0.048424575
26403,0.25005952
26404,0.015294999
26405,0.0449553
26406,0.06467126
26407,0.02612097
26408,0.028861448
26409,0.10977396
26410,0.42577285
26411,0.09982514
26412,0.09429175
26413,0.020601917
26414,0.09357418
26415,0.09187476
26416,0.027615977
26417,0.013186144
26418,0.12411001
26419,0.12449212
26420,0.08875362
26421,0.090620525
26422,0.097286984
26423,0.011455282
26424,0.033114005
26425,0.059785098
26426,0.041480776
26427,0.04367676
26428,0.12944746
26429,0.08399482
26430,0.38077682
26431,0.039119344
26432,0.045075346
26433,0.04002961
26434,0.036875967
26435,0.025239937
26436,0.03489977
26437,0.058611147
26438,0.0
26439,0.025093136
26440,0.05062246
26441,0.19589317
26442,0.37827438
26443,0.03772473
26444,0.055658102
26445,0.06565432
26446,0.08197331
26447,0.08634179
26448,0.015774488
26449,0.070479706
26450,0.008080481
26451,0.057199065
26452,0.24261408
26453,0.04432453
26454,0.03726071
26455,0.0017814762
26456,0.13728684
26457,0.08559179
26458,0.37468216
26459,0.38694805
26460,0.37694812
26461,0.089447446
26462,0.053786725
26463,0.026763245
26464,0.09794355
26465,0.051860165
26466,0.0131632155
26467,0.14063852
26468,0.075912654
26469,0.46941197
26470,0.09780348
26471,0.019208733
26472,0.14166011
26473,0.08273344
26474,0.05260334
26475,0.014436021
26476,0.013308952
26477,0.0019119077
26478,0.05077107
26479,0.021853661
26480,0.038472075
26481,0.04337764
26482,0.10425981
26483,0.119624555
26484,0.09861102
26485,0.08679791
26486,0.119100384
26487,0.37390852
26488,0.399755
26489,0.090391316
26490,0.045064267
26491,0.082420744
26492,0.05092829
26493,0.07406467
26494,0.07865955
26495,0.11459079
26496,0.071787745
26497,0.11736803
26498,0.05590681
26499,0.06319095
26500,0.014587212
26501,0.01064044
26502,0.23943195
26503,0.012898901
26504,0.026489805
26505,0.08708502
26506,0.02981985
26507,3.90327e-05
26508,0.009482112
26509,0.037219655
26510,0.045260616
26511,0.08711525
26512,0.10930055
26513,0.11846469
26514,0.11100428
26515,0.37936568
26516,0.26240435
26517,0.23943011
26518,0.009877709
26519,0.09674818
26520,0.068895735
26521,0.05177315
26522,0.08071489
26523,0.031507257
26524,0.039305076
26525,0.020335764
26526,0.06360175
26527,0.07168205
26528,0.04583601
26529,0.080618136
26530,0.02688201
26531,0.1312119
26532,0.057829536
26533,0.16612203
26534,0.07984662
26535,0.22390382
26536,0.44685915
26537,0.13139646
26538,0.14117712
26539,0.07904584
26540,0.08752909
26541,0.06551866
26542,0.09329588
26543,0.07670526
26544,0.0024996286
26545,0.027659459
26546,0.37202182
26547,0.09676225
26548,0.090354
26549,0.075526364
26550,0.070359044
26551,0.01126
26552,0.012799589
26553,0.05882903
26554,0.028816504
26555,0.054416236
26556,0.34213176
26557,0.08741235
26558,0.05206124
26559,0.10330218
26560,0.71913546
26561,0.10222569
26562,0.02755117
26563,0.39047942
26564,0.08950481
26565,0.237048
26566,0.2898521
26567,0.08192989
26568,0.019317113
26569,0.05411746
26570,0.04051274
26571,0.11556409
26572,0.16872314
26573,0.06317758
26574,0.12236772
26575,0.061559517
26576,0.08909359
26577,0.00093235256
26578,0.026924595
26579,0.08597107
26580,0.12416943
26581,0.023933567
26582,0.12911078
26583,0.13847233
26584,0.253597
26585,0.12725048
26586,0.04225145
26587,0.12563193
26588,0.1542626
26589,0.36731106
26590,0.066193774
26591,0.07699298
26592,0.04312685
26593,0.094088286
26594,0.630392
26595,0.09297487
26596,0.39098707
26597,0.12689069
26598,0.008985357
26599,0.021654543
26600,0.0150078
26601,0.06772949
26602,0.106108904
26603,0.37985748
26604,0.36586887
26605,0.009187866
26606,0.10525344
26607,0.09308951
26608,0.14966445
26609,0.22288024
26610,0.13352253
26611,0.18385942
26612,0.37239665
26613,0.0981817
26614,0.07111329
26615,0.0895973
26616,0.07855853
26617,0.20308584
26618,0.9700229
26619,0.045599326
26620,0.38572404
26621,0.05882374
26622,0.24351452
26623,0.076914795
26624,0.10963053
26625,0.023935724
26626,0.06842118
26627,0.009292572
26628,0.46192423
26629,0.11182593
26630,0.094339356
26631,0.2580327
26632,0.13718703
26633,0.18225409
26634,0.38156354
26635,0.39994124
26636,0.022637235
26637,0.16884936
26638,0.22370948
26639,0.080362014
26640,0.96481824
26641,0.40022308
26642,0.404066
26643,0.024731608
26644,0.14794213
26645,0.048218027
26646,0.042063303
26647,0.008884856
26648,0.0126694115
26649,0.011975739
26650,0.05929078
26651,0.0046694167
26652,0.009540639
26653,0.0015990251
26654,0.03397954
26655,0.081570156
26656,0.0961284
26657,0.11684157
26658,0.13056627
26659,0.1491845
26660,0.22684371
26661,0.22414203
26662,0.025829284
26663,0.087643884
26664,0.27468282
26665,0.013356915
26666,0.061343685
26667,1.0
26668,0.98837614
26669,0.71624935
26670,0.0
26671,0.041704815
26672,0.019602831
26673,0.116039224
26674,0.40302762
26675,0.10474025
26676,0.07833697
26677,0.016923161
26678,0.066437654
26679,0.07974062
26680,0.060664028
26681,0.016591502
26682,0.41163296
26683,0.013961308
26684,0.036550585
26685,0.09328838
26686,0.094534196
26687,0.058707554
26688,0.063181326
26689,0.24149789
26690,0.37621287
26691,0.025858719
26692,0.1671045
26693,0.08803602
26694,0.091431305
26695,1.0
26696,0.83205163
26697,0.6841919
26698,0.08550279
26699,0.059102446
26700,0.39107737
26701,0.09015984
26702,0.19121355
26703,0.04562448
26704,0.11351398
26705,0.033785157
26706,0.15499587
26707,0.122581035
26708,0.14289099
26709,0.23153847
26710,0.46155244
26711,0.42772296
26712,0.232064
26713,0.13060553
26714,0.089299925
26715,0.057675608
26716,0.09083658
26717,0.071519025
26718,0.045386195
26719,0.13047108
26720,0.14518902
26721,0.09217278
26722,0.09243956
26723,0.021787575
26724,0.95350885
26725,1.0
26726,1.0
26727,0.12796752
26728,0.04927839
26729,0.23553894
26730,0.013961781
26731,0.4000507
26732,0.021264346
26733,0.0015178375
26734,0.027876306
26735,0.028429855
26736,0.054266445
26737,0.07349817
26738,0.07377082
26739,0.3648533
26740,1.0
26741,0.05823576
26742,0.10389635
26743,0.07438544
26744,0.15070473
26745,0.0844401
26746,0.3674481
26747,0.24418549
26748,0.042442035
26749,0.083661295
26750,0.11787989
26751,0.09472753
26752,0.055700146
26753,0.04867199
26754,0.3696419
26755,0.2562546
26756,0.2370569
26757,0.09235937
26758,0.02719654
26759,0.07065595
26760,0.0013317842
26761,0.106869526
26762,0.23678975
26763,0.048347056
26764,0.06671191
26765,0.047061533
26766,0.024671134
26767,0.027273491
26768,0.053260792
26769,0.0751521
26770,0.37948883
26771,0.49901953
26772,0.24126516
26773,0.1780463
26774,0.12057142
26775,0.16191977
26776,0.12678133
26777,0.5459139
26778,0.07429825
26779,0.038354192
26780,0.056162704
26781,0.16021442
26782,0.19649588
26783,0.17980689
26784,0.418915
26785,0.3838795
26786,0.18652184
26787,1.0
26788,0.105576925
26789,0.02266634
26790,0.2299379
26791,0.23093535
26792,0.030467395
26793,0.25214177
26794,0.07525069
26795,0.04089376
26796,0.061554126
26797,0.059242032
26798,0.10320454
26799,0.37103757
26800,0.2684718
26801,0.4037315
26802,0.25754675
26803,0.13455127
26804,0.12786461
26805,0.36206582
26806,0.019078437
26807,0.022603253
26808,0.15508565
26809,0.08611931
26810,0.06416105
26811,0.38644928
26812,0.18831994
26813,0.04381075
26814,0.41992748
26815,0.36862534
26816,0.075935274
26817,0.13239475
26818,0.09479418
26819,0.036831565
26820,0.0028384356
26821,0.037699763
26822,0.076035015
26823,0.10317364
26824,0.09009072
26825,0.12751839
26826,0.37909335
26827,0.73876923
26828,0.3772763
26829,0.37242374
26830,0.43816933
26831,0.10885193
26832,0.07518273
26833,0.08673359
26834,0.15657985
26835,0.19464786
26836,0.053627282
26837,0.034064867
26838,0.110215
26839,0.08708585
26840,0.030932173
26841,0.0010434734
26842,0.067406
26843,0.078219615
26844,0.022355717
26845,0.037311174
26846,0.00498938
26847,0.013327774
26848,0.04625658
26849,0.08227951
26850,0.061339345
26851,0.09157756
26852,0.3878081
26853,0.13004352
26854,0.37493038
26855,0.65943813
26856,0.56508726
26857,0.24845883
26858,0.23161016
26859,0.06551257
26860,0.12137908
26861,0.019976012
26862,1.0
26863,0.06534122
26864,0.016959788
26865,0.08773308
26866,0.10547226
26867,0.13316487
26868,0.03419139
26869,0.076967016
26870,0.052409686
26871,0.03821706
26872,0.046236478
26873,0.08889868
26874,0.12603574
26875,0.56755877
26876,0.3835176
26877,0.23132217
26878,1.0
26879,0.28681734
26880,0.38031647
26881,0.1566263
26882,0.03225805
26883,0.03348902
26884,0.039726812
26885,0.057645928
26886,0.018899718
26887,0.05153007
26888,0.08085732
26889,0.4380248
26890,0.08081508
26891,0.3877892
26892,0.028072637
26893,0.099848226
26894,0.08467332
26895,0.11991338
26896,0.24537705
26897,0.12597178
26898,0.0013570883
26899,0.025618177
26900,0.13216804
26901,0.98070115
26902,0.37121364
26903,0.7016657
26904,0.37629464
26905,0.2878584
26906,0.147064
26907,0.22945358
26908,0.038594395
26909,0.02030281
26910,0.0024772824
26911,0.03506254
26912,0.036045518
26913,0.11149979
26914,0.1164424
26915,0.07728949
26916,0.21175694
26917,0.024846517
26918,0.067382775
26919,0.3743156
26920,0.030622132
26921,0.06883938
26922,0.12661847
26923,0.16539046
26924,0.044224937
26925,0.26615602
26926,0.16518722
26927,0.101718426
26928,0.11462209
26929,0.024884429
26930,0.09596446
26931,0.09521548
26932,0.042980254
26933,0.12882237
26934,0.09762078
26935,0.03611229
26936,0.035901785
26937,0.012180485
26938,0.22820987
26939,0.004005589
26940,0.0009833034
26941,0.23679021
26942,0.07535846
26943,0.048467856
26944,0.13243383
26945,0.053438574
26946,0.049680594
26947,0.06934007
26948,0.18031272
26949,0.36434373
26950,0.59922343
26951,0.11355026
26952,0.0025475717
26953,0.0129938
26954,0.019030565
26955,0.028811807
26956,0.06435416
26957,0.057854727
26958,0.14455527
26959,0.014076951
26960,0.03040231
26961,0.014433806
26962,0.032279704
26963,0.018766364
26964,0.011729274
26965,0.027447319
26966,0.11146721
26967,0.0923074
26968,0.38633654
26969,0.012279968
26970,0.014979627
26971,0.043488532
26972,0.0833209
26973,0.12879261
26974,0.3884535
26975,0.12964834
26976,0.016713887
26977,0.2264533
26978,0.049214143
26979,0.01825145
26980,0.08320167
26981,0.15650965
26982,0.06781692
26983,0.0072584525
26984,0.009635337
26985,0.0026448087
26986,0.20991328
26987,0.021903219
26988,0.038830154
26989,0.13179234
26990,0.10511437
26991,0.06252244
26992,0.025552493
26993,0.03810503
26994,0.055885848
26995,0.37847275
26996,0.04227936
26997,0.042475957
26998,0.034563646
26999,0.057856843
27000,0.05512321
27001,0.2563419
27002,0.07614111
27003,0.22183065
27004,0.081937976
27005,0.027758313
27006,0.015798839
27007,0.070366934
27008,0.07260196
27009,0.037036967
27010,0.37927482
27011,0.00026740215
27012,0.0
27013,0.23329613
27014,0.024562204
27015,0.065204285
27016,0.081329726
27017,0.005664729
27018,0.3225235
27019,0.6234619
27020,0.09408066
27021,0.078397185
27022,0.018024595
27023,0.117426574
27024,0.05091385
27025,0.053889625
27026,0.093113326
27027,0.16191849
27028,0.09669936
27029,0.97885233
27030,0.08850013
27031,0.0026555036
27032,0.095893666
27033,0.080191515
27034,0.01616473
27035,0.03777479
27036,0.101909414
27037,0.33836922
27038,0.079037964
27039,0.22655915
27040,0.02199198
27041,0.102087684
27042,0.028475666
27043,0.09493537
27044,0.052609168
27045,0.041454535
27046,0.048439655
27047,0.06456516
27048,0.044160914
27049,0.09719339
27050,0.14843369
27051,0.0443974
27052,0.037681933
27053,0.030636637
27054,0.08586258
27055,0.08385428
27056,0.025969323
27057,0.042112574
27058,1.0
27059,0.051033653
27060,0.15316138
27061,0.06395875
27062,0.055783257
27063,0.05507929
27064,0.053482413
27065,0.015881548
27066,0.025163408
27067,0.21536587
27068,0.042805977
27069,0.006417521
27070,0.009216122
27071,0.041599914
27072,0.14515774
27073,0.022299591
27074,0.09913148
27075,0.041220173
27076,0.026237734
27077,0.060792193
27078,0.37012514
27079,0.027015045
27080,0.020206338
27081,0.010172738
27082,0.00085588923
27083,0.081790715
27084,0.040776145
27085,0.18869328
27086,0.07889055
27087,0.0010412169
27088,0.018850608
27089,0.013067081
27090,0.08014502
27091,0.23559834
27092,0.11707274
27093,0.08421674
27094,0.101041034
27095,0.054300886
27096,0.042593744
27097,0.08419524
27098,0.24665813
27099,0.23712999
27100,0.051405374
27101,0.015275966
27102,0.010096119
27103,0.0105642285
27104,0.012823501
27105,0.023518827
27106,0.014214649
27107,0.011542125
27108,0.012576662
27109,0.010174795
27110,0.014507737
27111,0.03731874
27112,0.03525579
27113,0.06765138
27114,0.12496049
27115,0.000544581
27116,0.11323001
27117,0.0041213385
27118,0.2913093
27119,0.026624387
27120,0.0017299618
27121,0.019466292
27122,0.008491508
27123,0.014995479
27124,0.01466891
27125,0.027996534
27126,0.0069971974
27127,0.026737394
27128,0.0
27129,0.0036129253
27130,0.115406364
27131,0.03567217
27132,0.060152665
27133,0.0127987275
27134,0.057688434
27135,0.01411314
27136,0.016205844
27137,0.010410504
27138,0.15476362
27139,0.038103987
27140,0.06220721
27141,0.013648883
27142,0.0059410636
27143,0.04590114
27144,0.016932776
27145,0.106586024
27146,0.017315252
27147,0.0027405715
27148,0.0151265515
27149,0.010293082
27150,0.31341344
27151,0.07350722
27152,0.09276302
27153,0.10017214
27154,0.0
27155,0.0
27156,0.0050612516
27157,0.091495916
27158,0.043825906
27159,0.016335696
27160,0.13476436
27161,0.023419706
27162,0.11628797
27163,0.003285504
27164,0.19389896
27165,0.021619812
27166,0.021502342
27167,0.071862936
27168,0.047779538
27169,0.042822585
27170,0.0014695117
27171,0.008797314
27172,0.011451724
27173,0.060254965
27174,0.010461724
27175,0.006631521
27176,0.11491446
27177,0.07262618
27178,0.18475074
27179,0.02169266
27180,0.0182769
27181,0.0060103666
27182,0.0016668984
27183,0.021380488
27184,0.024098301
27185,0.064588696
27186,0.04322731
27187,0.0051504592
27188,0.0044529047
27189,0.024314495
27190,0.03614855
27191,0.18744864
27192,0.24661975
27193,0.0045959568
27194,0.1061304
27195,0.030113943
27196,0.0396891
27197,0.030861277
27198,0.08966044
27199,0.03739288
27200,0.05999954
27201,0.0675814
27202,0.056514364
27203,0.038702767
27204,0.053839523
27205,0.013719156
27206,0.01929537
27207,0.15516041
27208,0.064301975
27209,0.03813952
27210,0.041321304
27211,0.12894078
27212,0.39665452
27213,0.01900952
27214,0.4087772
27215,0.03663224
27216,0.19434193
27217,0.049488902
27218,0.15045573
27219,0.010094011
27220,0.09179709
27221,0.0062374673
27222,0.019323777
27223,0.14932834
27224,0.028035343
27225,0.7982503
27226,0.1352129
27227,0.0090111885
27228,0.13805231
27229,0.027761495
27230,0.07683869
27231,0.028582312
27232,0.019835318
27233,0.029306248
27234,0.06342962
27235,0.14150314
27236,0.4718668
27237,0.43620765
27238,0.09348527
27239,0.13896108
27240,0.14588505
27241,0.008312983
27242,0.1126157
27243,0.087670855
27244,0.11763141
27245,0.035578135
27246,0.40772873
27247,0.13977464
27248,0.16257857
27249,0.44763315
27250,0.12497258
27251,0.44284746
27252,0.07838042
27253,0.3820643
27254,0.090423666
27255,0.072048135
27256,0.040825523
27257,0.11646025
27258,0.06697649
27259,0.05750122
27260,0.08720625
27261,0.03962981
27262,0.06913882
27263,0.3835484
27264,0.05038322
27265,0.052226506
27266,0.08879264
27267,0.12220901
27268,0.114254296
27269,0.040920503
27270,0.01068671
27271,0.01712216
27272,0.06329824
27273,0.13479458
27274,0.063800335
27275,0.16382718
27276,0.03952971
27277,0.062478133
27278,0.01610379
27279,0.014991225
27280,0.019586286
27281,0.4551291
27282,0.11422813
27283,0.061638057
27284,0.16812365
27285,0.31799093
27286,0.0023418155
27287,0.12696834
27288,0.07373971
27289,0.03473652
27290,0.02748507
27291,0.037808433
27292,0.043625824
27293,0.08285794
27294,0.08761676
27295,0.16544642
27296,0.43731615
27297,0.011847713
27298,0.38461143
27299,0.048935115
27300,0.0018763894
27301,0.029243726
27302,0.025463585
27303,0.04859825
27304,0.37218067
27305,0.016384399
27306,0.0491748
27307,0.06494628
27308,0.025589429
27309,0.030392515
27310,0.10058165
27311,0.44238704
27312,0.098513015
27313,0.090559565
27314,0.020502737
27315,0.022034418
27316,0.081229456
27317,0.1041654
27318,0.0021458082
27319,0.027993828
27320,0.11878124
27321,0.12398752
27322,0.08340386
27323,0.084490284
27324,0.10316385
27325,0.032946154
27326,0.059945274
27327,0.041286975
27328,0.042738065
27329,0.123875804
27330,0.08649827
27331,0.39701834
27332,0.03670851
27333,0.044577993
27334,0.04104789
27335,0.034733087
27336,0.025363162
27337,0.03806532
27338,0.060074028
27339,0.024398351
27340,0.052204985
27341,0.19421048
27342,0.25939626
27343,0.036893815
27344,0.05683542
27345,0.06533921
27346,0.0890519
27347,0.085962124
27348,0.019090883
27349,0.07150367
27350,0.009717752
27351,0.05857729
27352,0.19085754
27353,0.045299478
27354,0.03973204
27355,0.004192
27356,0.13931765
27357,0.085003704
27358,0.4023647
27359,0.40788397
27360,0.22620775
27361,0.087243
27362,0.05432949
27363,0.027308414
27364,0.098240554
27365,0.04942522
27366,0.010414002
27367,0.1354435
27368,0.075052865
27369,0.43146455
27370,0.097572416
27371,0.018624343
27372,0.015019235
27373,0.1383393
27374,0.081546664
27375,0.048259154
27376,0.0025523526
27377,0.008721469
27378,0.054295957
27379,0.02366168
27380,0.0399775
27381,0.04258537
27382,0.10383844
27383,0.11713354
27384,0.10231039
27385,0.08701822
27386,0.11528809
27387,0.24331522
27388,0.38456085
27389,0.08825336
27390,0.04312757
27391,0.08534155
27392,0.019867683
27393,0.049686972
27394,0.0
27395,0.077525996
27396,0.07830821
27397,0.12093894
27398,0.06854532
27399,0.13061859
27400,0.05676763
27401,0.05868268
27402,0.025614204
27403,0.012539388
27404,0.012845402
27405,0.15594627
27406,0.012609844
27407,0.028251192
27408,0.09114355
27409,0.0022739654
27410,0.0106362915
27411,0.036932733
27412,0.043983623
27413,0.086775124
27414,0.10905785
27415,0.11803418
27416,0.111568876
27417,0.37967697
27418,0.24870555
27419,0.23843455
27420,0.011302776
27421,0.09963172
27422,0.0687022
27423,0.053299807
27424,0.08270777
27425,0.03171076
27426,0.06883767
27427,0.040606495
27428,0.019031988
27429,0.06118247
27430,0.071475185
27431,0.045918774
27432,0.08138567
27433,0.03125244
27434,0.018661162
27435,0.12652348
27436,0.05571258
27437,0.16323332
27438,0.079013824
27439,0.13894711
27440,0.43246856
27441,0.13404272
27442,0.13998872
27443,0.076512426
27444,0.08644896
27445,0.06311664
27446,0.09553715
27447,0.07355988
27448,0.30799514
27449,0.09018206
27450,0.09249532
27451,0.06975083
27452,0.073459744
27453,0.01422261
27454,0.058460996
27455,0.03000538
27456,0.05237909
27457,0.32825592
27458,0.0895417
27459,0.05149401
27460,0.104110114
27461,0.7249351
27462,0.09850166
27463,0.024028737
27464,0.39651877
27465,0.08883308
27466,0.18405914
27467,0.3001631
27468,0.08261185
27469,0.019874033
27470,0.059363127
27471,0.041295394
27472,0.121390425
27473,0.1635187
27474,0.06376009
27475,0.12342645
27476,0.06309809
27477,0.01745286
27478,0.10113425
27479,0.034878705
27480,0.082745805
27481,0.1260733
27482,0.021966245
27483,0.13331431
27484,0.13697895
27485,0.25274956
27486,0.12244362
27487,0.041355893
27488,0.13156985
27489,0.15104978
27490,0.39682567
27491,0.06412729
27492,0.016590785
27493,0.0796607
27494,0.04335994
27495,0.09377338
27496,0.69597954
27497,0.043861616
27498,0.09794297
27499,0.38246512
27500,0.13511476
27501,0.06483757
27502,0.10641481
27503,0.39011788
27504,0.37773797
27505,0.10402582
27506,0.09182427
27507,0.13488157
27508,0.13697788
27509,0.12840493
27510,0.18029946
27511,0.40314496
27512,0.098946236
27513,0.0
27514,0.016721435
27515,0.07218204
27516,0.0947687
27517,0.07797284
27518,0.20014046
27519,1.0
27520,0.044893038
27521,0.38335264
27522,0.02040057
27523,0.060033195
27524,0.39152643
27525,0.075489506
27526,0.11024084
27527,0.02381082
27528,0.069151126
27529,0.45352554
27530,0.3952291
27531,0.09268478
27532,0.25038812
27533,0.13678543
27534,0.23380823
27535,0.3843365
27536,0.40129915
27537,0.024208292
27538,0.2361102
27539,0.25883323
27540,0.16023882
27541,0.98097205
27542,0.41638637
27543,0.41000277
27544,0.025047284
27545,0.22713625
27546,0.051030397
27547,0.043951385
27548,0.02619966
27549,0.063231856
27550,0.0013233031
27551,0.0022967327
27552,0.033147343
27553,0.083866
27554,0.09911573
27555,0.110830314
27556,0.12878396
27557,0.1724061
27558,0.21966197
27559,0.21710548
27560,0.025137113
27561,0.08868318
27562,0.2723907
27563,0.061029553
27564,0.99076414
27565,0.99982643
27566,0.6838781
27567,0.0
27568,0.041866235
27569,0.018627666
27570,0.23684698
27571,0.4093025
27572,0.08791144
27573,0.07974748
27574,0.004573188
27575,0.06502875
27576,0.074902326
27577,0.06500915
27578,0.018816968
27579,0.41231823
27580,0.016745947
27581,0.037322335
27582,0.09194711
27583,0.09836647
27584,0.05443302
27585,0.06110901
27586,0.23918955
27587,0.4252624
27588,0.026043953
27589,0.20794314
27590,0.09662023
27591,0.0940179
27592,1.0
27593,0.7462715
27594,0.7315414
27595,0.0121251745
27596,0.09346135
27597,0.060503203
27598,0.015412634
27599,0.41853553
27600,0.10153201
27601,0.24224876
27602,0.04403207
27603,0.11949586
27604,0.0342159
27605,0.15405726
27606,0.12501149
27607,0.14285067
27608,0.2392705
27609,0.43943137
27610,0.4338101
27611,0.23387171
27612,0.13515176
27613,0.088455886
27614,0.059604988
27615,0.094930574
27616,0.0775409
27617,0.04441828
27618,0.022459047
27619,0.13235402
27620,0.14799091
27621,0.0898487
27622,0.0979925
27623,0.9702961
27624,1.0
27625,1.0
27626,0.13649856
27627,0.048936997
27628,0.24748889
27629,0.0155834155
27630,0.41418496
27631,0.024020918
27632,0.005600132
27633,0.026474593
27634,0.028629234
27635,0.054784875
27636,0.07486473
27637,0.07259733
27638,0.37542433
27639,1.0
27640,0.056866486
27641,0.1003936
27642,0.07592965
27643,0.14578813
27644,0.07920688
27645,0.39378887
27646,0.26163876
27647,0.04158977
27648,0.08871457
27649,0.11914804
27650,0.09982769
27651,0.05774455
27652,0.050387006
27653,0.39531502
27654,0.26410365
27655,0.23696579
27656,0.096795976
27657,0.0248084
27658,0.067880504
27659,0.0034072937
27660,0.09142087
27661,0.2349651
27662,0.053098675
27663,0.06482719
27664,0.05567508
27665,0.0793298
27666,0.39444214
27667,0.53835964
27668,0.2364138
27669,0.179773
27670,0.11898777
27671,0.16633207
27672,0.12629634
27673,0.5331557
27674,0.07321827
27675,0.03962747
27676,0.0612837
27677,0.1547901
27678,0.1974866
27679,0.18265173
27680,0.4520601
27681,0.27421895
27682,0.18415648
27683,1.0
27684,0.103785135
27685,0.024544893
27686,0.14622246
27687,0.23882802
27688,0.030450514
27689,0.041426275
27690,0.18237533
27691,0.075209044
27692,0.04091817
27693,0.05952734
27694,0.061118815
27695,0.10918572
27696,0.37576708
27697,0.21591629
27698,0.29473087
27699,0.25891656
27700,0.13416101
27701,0.13309872
27702,0.37685546
27703,0.022250166
27704,0.15474992
27705,0.087133825
27706,0.06440396
27707,0.43761843
27708,0.23796383
27709,0.041442268
27710,0.43987593
27711,0.39340186
27712,0.0
27713,0.14032446
27714,0.13250118
27715,0.0956034
27716,0.03537999
27717,0.003016255
27718,0.015337329
27719,0.0054080244
27720,0.03884862
27721,0.07316885
27722,0.10153735
27723,0.08702614
27724,0.1283125
27725,0.39682943
27726,0.75274295
27727,0.3889364
27728,0.38151383
27729,0.42382467
27730,0.10911541
27731,0.07485306
27732,0.08278059
27733,0.23218617
27734,0.19170408
27735,0.058833614
27736,0.03275557
27737,0.0905242
27738,0.09110989
27739,0.03019777
27740,0.06695342
27741,0.0812184
27742,0.025558526
27743,0.017512264
27744,0.037050206
27745,0.005139436
27746,0.011973943
27747,0.04550811
27748,0.085478835
27749,0.061272252
27750,0.088716514
27751,0.38290992
27752,0.13204841
27753,0.3878822
27754,0.6748541
27755,0.59893334
27756,0.2515467
27757,0.22463942
27758,0.018591983
27759,0.0658104
27760,0.11723669
27761,0.020297805
27762,0.03460796
27763,0.99917495
27764,0.06224792
27765,0.013456315
27766,0.09591742
27767,0.095355324
27768,0.13316925
27769,0.033521775
27770,0.07578647
27771,0.021444228
27772,0.051819235
27773,0.023183636
27774,0.04798149
27775,0.08993272
27776,0.123507395
27777,0.57517636
27778,0.37511796
27779,0.2426158
27780,1.0
27781,0.37647536
27782,0.42229608
27783,0.15892313
27784,0.032486428
27785,0.031029822
27786,0.027598515
27787,0.041845005
27788,0.061628547
27789,0.016501797
27790,0.057949428
27791,0.088263765
27792,0.42774877
27793,0.08054315
27794,0.39621365
27795,0.09261873
27796,0.10301378
27797,0.08659034
27798,0.12618862
27799,0.19073316
27800,0.07013214
27801,0.0032176347
27802,0.058659118
27803,0.13153051
27804,1.0
27805,0.38003534
27806,0.72308093
27807,0.23935385
27808,0.2859423
27809,0.14501832
27810,0.23204264
27811,0.03669312
27812,0.004973331
27813,0.024463953
27814,0.03510201
27815,0.02948302
27816,0.1205651
27817,0.12280084
27818,0.07857946
27819,0.29525596
27820,0.024042187
27821,0.06913706
27822,0.38256
27823,0.030983163
27824,0.12906484
27825,0.23073137
27826,0.042780694
27827,0.006145953
27828,0.26740626
27829,0.15927604
27830,0.107100375
27831,0.22327352
27832,0.023366002
27833,0.09676851
27834,0.09488099
27835,0.046469454
27836,0.1314743
27837,0.09249667
27838,0.03517505
27839,0.039761096
27840,0.011447457
27841,0.23435543
27842,0.004552153
27843,0.12824494
27844,0.045579646
27845,0.12904406
27846,0.054237477
27847,0.051349234
27848,0.004027302
27849,0.06871712
27850,0.16523266
27851,0.38066757
27852,0.6768395
27853,0.11131218
27854,0.031208934
27855,0.06232806
27856,0.056229807
27857,0.14738563
27858,0.012827393
27859,0.0324383
27860,0.007397535
27861,0.034669265
27862,0.019241584
27863,0.012885524
27864,0.030229857
27865,0.10958679
27866,0.09447137
27867,0.40058327
27868,0.013890292
27869,0.01352054
27870,0.10851763
27871,0.08167944
27872,0.12997726
27873,0.3806511
27874,0.13386305
27875,0.014532253
27876,0.013061293
27877,0.23506892
27878,0.049944248
27879,0.020717498
27880,0.086380415
27881,0.15071833
27882,0.066683404
27883,0.007466316
27884,0.009738271
27885,0.0019267735
27886,0.20254757
27887,0.025703173
27888,0.03510036
27889,0.13134708
27890,0.108939484
27891,0.06228168
27892,0.025060425
27893,0.03775488
27894,0.058386266
27895,0.39197418
27896,0.043314185
27897,0.040141944
27898,0.036900647
27899,0.05834751
27900,0.060299546
27901,0.20703168
27902,0.08086149
27903,0.2185585
27904,0.0825444
27905,0.026723769
27906,0.015829042
27907,0.06969999
27908,0.07358534
27909,0.03597684
27910,0.3894401
27911,0.0018680075
27912,0.002838444
27913,0.23260252
27914,0.024698254
27915,0.06542275
27916,0.080880895
27917,0.006965472
27918,0.3196034
27919,0.5658886
27920,0.10028568
27921,0.08172185
27922,0.019049743
27923,0.12195513
27924,0.04999724
27925,0.051983412
27926,0.16820642
27927,0.1585605
27928,0.09246352
27929,0.9678548
27930,0.019253407
27931,0.098458536
27932,0.090901904
27933,0.07783652
27934,0.016812686
27935,0.03609342
27936,0.099701546
27937,0.33213812
27938,0.07941322
27939,0.22875409
27940,0.027487498
27941,0.0162946
27942,0.10159548
27943,0.012090442
27944,0.027861793
27945,0.09569413
27946,0.052377567
27947,0.037365682
27948,0.047394842
27949,0.066697374
27950,0.043662995
27951,0.017761627
27952,0.09791867
27953,0.1511187
27954,0.04516659
27955,0.03959807
27956,0.021042002
27957,0.030833721
27958,0.08743954
27959,0.09017903
27960,0.043496564
27961,0.99763745
27962,0.04764179
27963,0.15614513
27964,0.06663148
27965,0.054932762
27966,0.051086377
27967,0.05413594
27968,0.01565064
27969,0.025775079
27970,0.2124677
27971,0.043566547
27972,0.009180497
27973,0.017638799
27974,0.039911933
27975,0.14172661
27976,0.022265565
27977,0.008665958
27978,0.0970752
27979,0.04032058
27980,0.027148152
27981,0.06262737
27982,0.4063774
27983,0.026393091
27984,0.01790476
27985,0.0
27986,0.011275471
27987,0.08109045
27988,0.041487932
27989,0.25115913
27990,0.07818786
27991,0.00215
27992,0.012592077
27993,0.015963031
27994,0.0781774
27995,0.23891029
27996,0.123392105
27997,0.08084458
27998,0.102817245
27999,0.05147819
28000,0.045139514
28001,0.01966879
28002,0.14965585
28003,0.18552302
28004,0.23808824
28005,0.05373119
28006,0.014711507
28007,0.0075199613
28008,0.011823927
28009,0.023108386
28010,0.014101988
28011,0.010749188
28012,0.015204134
28013,0.038594693
28014,0.036190107
28015,0.067204304
28016,0.12140295
28017,0.0021077625
28018,0.1223997
28019,0.0069783116
28020,0.42131522
28021,0.024661878
28022,0.011069722
28023,0.04177694
28024,0.012776224
28025,0.02411277
28026,0.0221734
28027,0.03101991
28028,0.008610511
28029,0.0
28030,0.029962672
28031,0.0032201086
28032,0.0036949478
28033,0.11550086
28034,0.034250014
28035,0.05873562
28036,0.056318976
28037,0.01784994
28038,0.016428325
28039,0.010337391
28040,0.15579277
28041,0.039211106
28042,0.06334094
28043,0.006799444
28044,0.0041721542
28045,0.047024313
28046,0.0011494745
28047,0.10515131
28048,0.016619852
28049,0.0039702514
28050,0.015678745
28051,0.009880187
28052,0.41484535
28053,0.074641116
28054,0.09958963
28055,0.09730102
28056,0.09504619
28057,0.040236894
28058,0.014659727
28059,0.12549587
28060,0.02235495
28061,0.11542592
28062,0.25154233
28063,0.021535195
28064,0.07092763
28065,0.048190694
28066,0.04384065
28067,0.015953355
28068,0.0
28069,0.063134246
28070,0.010122785
28071,0.0067261974
28072,0.11451367
28073,0.07337648
28074,0.024835989
28075,0.24506286
28076,0.017757531
28077,0.023498999
28078,0.02980846
28079,0.020222303
28080,0.022982348
28081,0.06341225
28082,0.043240782
28083,0.01187006
28084,0.049039107
28085,0.034918267
28086,0.0063899397
28087,0.03966258
28088,0.28258058
28089,0.198392
28090,0.0019828589
28091,0.029372338
28092,0.10323366
28093,0.03277542
28094,0.01269456
28095,0.029507075
28096,0.0007049774
28097,0.030609718
28098,0.055154443
28099,0.011133612
28100,0.051711373
28101,0.017248146
28102,0.03161625
28103,0.054417353
28104,0.038147394
28105,0.0056056296
28106,0.032028418
28107,0.021548955
28108,0.2571917
28109,0.020234242
28110,0.06823339
28111,0.25362375
28112,0.37858444
28113,0.03654656
28114,0.02309486
28115,0.033714626
28116,0.26290393
28117,0.093987316
28118,0.24073379
28119,0.06180103
28120,0.25059268
28121,0.047914598
28122,0.16989374
28123,0.020036625
28124,0.01458616
28125,0.01951958
28126,0.23461467
28127,0.03789166
28128,0.67365015
28129,0.23634638
28130,0.046633884
28131,0.028771026
28132,0.1304868
28133,0.060136277
28134,0.024730077
28135,0.024615733
28136,0.06410765
28137,0.028659835
28138,0.013326896
28139,0.0025924707
28140,0.08459851
28141,0.25906387
28142,0.5422244
28143,0.5933353
28144,0.03741964
28145,0.088625476
28146,0.0036658181
28147,0.105755135
28148,0.18118282
28149,0.08982895
28150,0.06137163
28151,0.08970527
28152,0.064501435
28153,0.04124666
28154,0.42283535
28155,0.14089832
28156,0.15038279
28157,0.44762337
28158,0.093606085
28159,0.024360735
28160,0.50999105
28161,0.02965439
28162,0.08670954
28163,0.6423175
28164,0.118952304
28165,0.1021744
28166,0.041997775
28167,0.07655832
28168,0.06484183
28169,0.09689214
28170,0.12378007
28171,0.027307792
28172,0.039402068
28173,0.078848265
28174,0.2288863
28175,0.039526746
28176,0.038050897
28177,0.08131381
28178,0.098184094
28179,0.14875792
28180,0.024291642
28181,0.03972829
28182,0.021550158
28183,0.028136078
28184,0.008072021
28185,0.05764248
28186,0.16007322
28187,0.04884554
28188,0.27066877
28189,0.0
28190,0.04318106
28191,0.056476418
28192,0.016542558
28193,0.023142908
28194,0.017238036
28195,0.47587892
28196,0.21347861
28197,0.07428209
28198,0.1636325
28199,0.3103049
28200,0.12754616
28201,0.07872842
28202,0.011447018
28203,0.055281106
28204,0.02067386
28205,0.042735714
28206,0.098420806
28207,0.076553226
28208,0.19193009
28209,0.3821276
28210,0.37471998
28211,0.056383822
28212,0.008807158
28213,0.028894605
28214,0.02160185
28215,0.031905517
28216,0.3714848
28217,0.017960152
28218,0.070609316
28219,0.006155071
28220,0.06305007
28221,0.04451902
28222,0.040939506
28223,0.14401203
28224,0.4285146
28225,0.027673893
28226,0.23399551
28227,0.029020272
28228,0.023717703
28229,0.05846871
28230,0.07246143
28231,0.026986102
28232,0.14686674
28233,0.16535103
28234,0.121156104
28235,0.085236564
28236,0.09668765
28237,0.05278636
28238,0.057127275
28239,0.05290613
28240,0.13975836
28241,0.07395079
28242,0.3930633
28243,0.022735488
28244,0.05020691
28245,0.05160592
28246,0.032214843
28247,0.024513656
28248,0.038788013
28249,0.06675827
28250,0.021338364
28251,0.052448895
28252,0.24865858
28253,0.40305874
28254,0.049391527
28255,0.069255725
28256,0.036036856
28257,0.09105052
28258,0.08163361
28259,0.014827212
28260,0.06895636
28261,0.010030674
28262,0.014499113
28263,0.037461612
28264,0.17504469
28265,0.041119188
28266,0.040465385
28267,0.05381586
28268,0.0081586875
28269,0.18340324
28270,0.09710409
28271,0.38474175
28272,0.38836467
28273,0.40999395
28274,0.086061694
28275,0.049667336
28276,0.022735894
28277,0.07254772
28278,0.06392361
28279,0.17695442
28280,0.09798555
28281,0.4198332
28282,0.08600325
28283,0.028624604
28284,0.003481687
28285,0.08862217
28286,0.10497615
28287,0.057482433
28288,0.015766386
28289,0.0042256615
28290,0.014480879
28291,0.06479292
28292,0.0312529
28293,0.03839308
28294,0.11720369
28295,0.066374555
28296,0.17363942
28297,0.09356716
28298,0.1334368
28299,0.24445443
28300,0.38571438
28301,0.073407724
28302,0.031743687
28303,0.093713455
28304,0.062410194
28305,0.09238013
28306,0.08573472
28307,0.11016604
28308,0.051454395
28309,0.08061428
28310,0.033776827
28311,0.06517509
28312,0.02519264
28313,0.016892033
28314,0.014985443
28315,0.15259847
28316,0.009820426
28317,0.02411761
28318,0.107010126
28319,0.03686644
28320,0.030237328
28321,0.05571966
28322,0.0854874
28323,0.106166594
28324,0.11044689
28325,0.10188245
28326,0.38137954
28327,0.23498516
28328,0.23738757
28329,0.0076463716
28330,0.10268556
28331,0.06626658
28332,0.034888215
28333,0.08130184
28334,0.046900142
28335,0.034284525
28336,0.07357048
28337,0.06455817
28338,0.08107151
28339,0.08466641
28340,0.029667877
28341,0.06530875
28342,0.02366411
28343,0.13054737
28344,0.024065226
28345,0.06298043
28346,0.1541372
28347,0.07256766
28348,0.23168796
28349,0.46272302
28350,0.13679054
28351,0.12854764
28352,0.070969656
28353,0.10264214
28354,0.0883685
28355,0.09586717
28356,0.06457119
28357,0.01297207
28358,0.01652325
28359,0.39144036
28360,0.09086488
28361,0.06965845
28362,0.046491507
28363,0.07195505
28364,0.014799688
28365,0.019736214
28366,0.017388236
28367,0.027363615
28368,0.059499037
28369,0.42183325
28370,0.0835768
28371,0.07048639
28372,0.106308214
28373,0.67413473
28374,0.0897467
28375,0.024646176
28376,0.3774523
28377,0.08498762
28378,0.16862516
28379,0.3117768
28380,0.09545901
28381,0.0253097
28382,0.06424446
28383,0.099685475
28384,0.13012648
28385,0.15399623
28386,0.054782398
28387,0.118266925
28388,0.08552415
28389,0.069568485
28390,0.0027356094
28391,0.026110794
28392,0.036599793
28393,0.08419367
28394,0.108872905
28395,0.022890631
28396,0.118141435
28397,0.13717994
28398,0.4107376
28399,0.11061522
28400,0.034547683
28401,0.1335039
28402,0.17912564
28403,0.37544316
28404,0.06793672
28405,0.06821032
28406,0.040047076
28407,0.093321264
28408,0.6026079
28409,0.036714993
28410,0.085338816
28411,0.36911613
28412,0.22958006
28413,0.0181151
28414,0.06434153
28415,0.07326335
28416,0.38871178
28417,0.3856684
28418,0.0070648096
28419,0.10782053
28420,0.11394203
28421,0.14316395
28422,0.12917034
28423,0.12694672
28424,0.14406636
28425,0.3930138
28426,0.09812709
28427,0.023085026
28428,0.09923154
28429,0.10316374
28430,0.06761981
28431,0.19881533
28432,0.96322733
28433,0.052940253
28434,0.36573714
28435,0.013200823
28436,0.084257
28437,0.25077578
28438,0.034116503
28439,0.07099752
28440,0.09471607
28441,0.023759237
28442,0.07561999
28443,0.0022554637
28444,0.45820665
28445,0.11210581
28446,0.08471891
28447,0.26246837
28448,0.13410912
28449,0.25129038
28450,0.37683192
28451,0.39333797
28452,0.23538257
28453,0.19640249
28454,0.09153534
28455,0.9528263
28456,0.39892635
28457,0.42165148
28458,0.0
28459,0.028674686
28460,0.23739499
28461,0.09088168
28462,0.029012745
28463,0.021237515
28464,0.02884958
28465,0.06953818
28466,0.00015928174
28467,0.007902309
28468,0.008810816
28469,0.033920348
28470,0.14129989
28471,0.10425825
28472,0.10565908
28473,0.12878913
28474,0.11782342
28475,0.24272662
28476,0.2381185
28477,0.02259515
28478,0.11064788
28479,0.27519298
28480,0.020104084
28481,0.042660262
28482,0.9971094
28483,0.9696504
28484,0.6940396
28485,0.0
28486,0.029377775
28487,0.018520184
28488,0.11369211
28489,0.3969245
28490,0.09220334
28491,0.020001268
28492,0.0706168
28493,0.02517021
28494,0.0
28495,0.0128176855
28496,0.068305135
28497,0.08710307
28498,0.05684826
28499,0.022704666
28500,0.41485283
28501,0.0031712882
28502,0.03887408
28503,0.103464566
28504,0.10741257
28505,0.05842955
28506,0.06305067
28507,0.25015175
28508,0.13993318
28509,0.023928288
28510,0.16597338
28511,0.12076458
28512,0.12660289
28513,0.9720369
28514,0.83500755
28515,0.65951467
28516,0.028393216
28517,0.06894497
28518,0.028050838
28519,0.4150884
28520,0.08954875
28521,0.2718729
28522,0.06517246
28523,0.1401691
28524,0.030025847
28525,0.16034107
28526,0.1250728
28527,0.14119855
28528,0.19057147
28529,0.48679957
28530,0.42608988
28531,0.25641754
28532,0.14011039
28533,0.09129942
28534,0.06626251
28535,0.095072865
28536,0.07208635
28537,0.049215578
28538,0.141319
28539,0.19129445
28540,0.09182711
28541,0.117547944
28542,0.022544922
28543,0.95589423
28544,1.0
28545,1.0
28546,0.12825112
28547,0.05424306
28548,0.14855528
28549,0.0022042522
28550,0.4224858
28551,0.029926345
28552,0.013976748
28553,0.023045711
28554,0.031062165
28555,0.056413233
28556,0.095312856
28557,0.062341224
28558,0.39081064
28559,1.0
28560,0.06091589
28561,0.09069283
28562,0.0926508
28563,0.13725163
28564,0.070564285
28565,0.37980703
28566,0.23999266
28567,0.025755122
28568,0.11250288
28569,0.1234293
28570,0.12787333
28571,0.038644746
28572,0.26866078
28573,0.3745366
28574,0.2285198
28575,0.09178459
28576,0.020239808
28577,0.08424695
28578,0.009528585
28579,0.095311895
28580,0.23760769
28581,0.050933026
28582,0.06867756
28583,0.05308844
28584,0.07104918
28585,0.3835256
28586,0.5659999
28587,0.23976715
28588,0.23613101
28589,0.12875031
28590,0.14144655
28591,0.12182454
28592,0.5600914
28593,0.073645644
28594,0.035272762
28595,0.039369106
28596,0.037951667
28597,0.22240923
28598,0.118141115
28599,0.24253504
28600,0.3277819
28601,0.3010233
28602,0.2231752
28603,1.0
28604,0.12121974
28605,0.014718786
28606,0.122984685
28607,0.24507809
28608,0.02208367
28609,0.040795878
28610,0.31540802
28611,0.07027392
28612,0.047556162
28613,0.057712767
28614,0.05242185
28615,0.10931268
28616,0.38469335
28617,0.25985765
28618,0.26486072
28619,0.2517655
28620,0.1358311
28621,0.12476777
28622,0.24770516
28623,0.023077914
28624,0.1563194
28625,0.08431154
28626,0.059626818
28627,0.4732424
28628,0.24391867
28629,0.103196934
28630,0.62318826
28631,0.3888697
28632,0.0013299511
28633,0.091649026
28634,0.15475214
28635,0.085511304
28636,0.036069885
28637,0.0022725915
28638,0.015755521
28639,0.03874883
28640,0.060052972
28641,0.07833218
28642,0.08982664
28643,0.13194808
28644,0.38565567
28645,0.72141427
28646,0.36905506
28647,0.37248877
28648,0.43459556
28649,0.122160286
28650,0.09118895
28651,0.083553776
28652,0.15659033
28653,0.27779192
28654,0.07347882
28655,0.09046915
28656,0.07582806
28657,0.12780583
28658,0.024129368
28659,0.094324745
28660,0.022253277
28661,0.012400974
28662,0.03879275
28663,0.013018892
28664,0.0036696678
28665,0.04162108
28666,0.07559638
28667,0.061378907
28668,0.07232946
28669,0.37075907
28670,0.13011636
28671,0.4084885
28672,0.61216044
28673,0.52254736
28674,0.24504805
28675,0.23360051
28676,0.0723982
28677,0.115384266
28678,0.018795297
28679,0.0
28680,0.036563255
28681,1.0
28682,0.039242905
28683,0.019531073
28684,0.16553402
28685,0.07516521
28686,0.25737417
28687,0.049018584
28688,0.06861711
28689,0.014376546
28690,0.04890071
28691,0.039888248
28692,0.08845554
28693,0.08502532
28694,0.6328484
28695,0.40258756
28696,0.23802052
28697,1.0
28698,0.4197352
28699,0.39974692
28700,0.16885102
28701,0.03929304
28702,0.05384168
28703,0.07287042
28704,0.06300432
28705,0.038760774
28706,0.12131346
28707,0.43340558
28708,0.124058664
28709,0.41545373
28710,0.097148955
28711,0.082351156
28712,0.16437879
28713,0.11441659
28714,0.18164381
28715,0.04270541
28716,0.027201403
28717,0.04605746
28718,0.1340769
28719,1.0
28720,0.3956121
28721,0.7273727
28722,0.3797533
28723,0.28068656
28724,0.16238584
28725,0.2306218
28726,0.005718595
28727,0.014378188
28728,0.0844661
28729,0.024772903
28730,0.14318702
28731,0.12445801
28732,0.11584013
28733,0.40101144
28734,0.025516462
28735,0.07372399
28736,0.38370964
28737,0.041659433
28738,0.008722841
28739,0.0070365123
28740,0.088521205
28741,0.24120772
28742,0.035421275
28743,0.0015989057
28744,0.23641491
28745,0.23258504
28746,0.08373382
28747,0.13923083
28748,0.16592309
28749,0.086647145
28750,0.038401294
28751,0.13141431
28752,0.23488656
28753,0.059302013
28754,0.024653198
28755,0.0150329005
28756,0.09619782
28757,0.1045708
28758,0.03034018
28759,0.13018519
28760,0.050711535
28761,0.053800058
28762,0.056234952
28763,0.16741365
28764,0.3666159
28765,0.6559312
28766,0.12645824
28767,0.020716857
28768,0.015620025
28769,0.044807907
28770,0.0
28771,0.09100959
28772,0.15682808
28773,0.0059776814
28774,0.022106549
28775,0.017578473
28776,0.048771475
28777,0.018596536
28778,0.0074124364
28779,0.02370918
28780,0.107067384
28781,0.11329255
28782,0.4154424
28783,0.027250815
28784,0.057557166
28785,0.08634376
28786,0.10083669
28787,0.39043793
28788,0.12896703
28789,0.012312162
28790,0.22901373
28791,0.003553097
28792,0.058911882
28793,0.014032029
28794,0.08326052
28795,0.23971675
28796,0.07792477
28797,0.012508256
28798,0.01776936
28799,0.01338026
28800,0.20332374
28801,0.01863292
28802,0.008869647
28803,0.036055703
28804,0.1364435
28805,0.080466226
28806,0.055660065
28807,0.028676761
28808,0.033621807
28809,0.077738844
28810,0.37440714
28811,0.04484997
28812,0.021969788
28813,0.05149429
28814,0.03418289
28815,0.07165112
28816,0.24370721
28817,0.06500337
28818,0.17783596
28819,0.06979654
28820,0.027272934
28821,0.016701473
28822,0.09771786
28823,0.0699927
28824,0.051200714
28825,0.40177798
28826,0.0
28827,0.004177208
28828,0.23878098
28829,0.021764273
28830,0.07570684
28831,0.10677032
28832,0.009220852
28833,0.41582847
28834,0.5831959
28835,0.09417306
28836,0.08147275
28837,0.0146256685
28838,0.10461108
28839,0.087494224
28840,0.10633041
28841,0.14390776
28842,0.11271471
28843,0.096517704
28844,0.9907565
28845,0.08790015
28846,0.016520476
28847,0.07487535
28848,0.074864455
28849,0.013196258
28850,0.033491783
28851,0.08024299
28852,0.46351942
28853,0.09262472
28854,0.23972678
28855,0.02349124
28856,0.028103657
28857,0.081045665
28858,0.00084262463
28859,0.026835354
28860,0.08244107
28861,0.046802502
28862,0.053540885
28863,0.007831444
28864,0.060527407
28865,0.0721496
28866,0.036188774
28867,0.022241896
28868,0.097761035
28869,0.015927237
28870,0.13256696
28871,0.033727795
28872,0.038200423
28873,0.042333037
28874,0.09089539
28875,0.10175203
28876,0.022523485
28877,0.039547767
28878,0.99910146
28879,0.065785594
28880,0.111468576
28881,0.060794998
28882,0.037325263
28883,0.055250973
28884,0.050576344
28885,0.013892042
28886,0.021994162
28887,0.24450217
28888,0.041375484
28889,0.017703116
28890,0.06701744
28891,0.110697135
28892,0.022227151
28893,0.0021400044
28894,0.100007005
28895,0.037828498
28896,0.027601203
28897,0.07448874
28898,0.39351007
28899,0.02122465
28900,0.018446442
28901,0.002657237
28902,0.02355824
28903,0.069491915
28904,0.03855537
28905,0.23619395
28906,0.08793325
28907,0.017149474
28908,0.016617432
28909,0.101049066
28910,0.1729579
28911,0.11626047
28912,0.06930262
28913,0.06288644
28914,0.037166197
28915,0.07499461
28916,0.07574021
28917,0.18816382
28918,0.17551406
28919,0.003733341
28920,0.03285023
28921,0.015829282
28922,0.0051379474
28923,0.013145301
28924,0.027480751
28925,0.011341621
28926,0.018349065
28927,0.036896404
28928,0.04969767
28929,0.08994697
28930,0.11209448
28931,0.0024935778
28932,0.16408485
28933,0.29090774
28934,0.0041979947
28935,0.032157086
28936,0.0134412125
28937,0.030340206
28938,0.016163586
28939,0.022844374
28940,0.047278
28941,0.015775345
28942,0.013902762
28943,0.01091199
28944,0.10404774
28945,0.008197086
28946,0.027708063
28947,0.03333078
28948,0.02375026
28949,0.046672437
28950,0.018261587
28951,0.0019131118
28952,0.016547602
28953,0.0
28954,0.11804103
28955,0.040002838
28956,0.0438677
28957,0.046540402
28958,0.024146553
28959,0.10963386
28960,0.0101878615
28961,0.002340937
28962,0.0046292134
28963,0.42762378
28964,0.063400164
28965,0.09124566
28966,0.16310675
28967,0.0008954805
28968,0.0
28969,0.06412269
28970,0.041948203
28971,0.014385343
28972,0.12720793
28973,0.14303872
28974,0.15035143
28975,0.01448219
28976,0.029952435
28977,0.025820563
28978,0.04582702
28979,0.031681262
28980,0.021014925
28981,0.011753659
28982,0.04600949
28983,0.009938837
28984,0.09685643
28985,0.11112355
28986,0.025575
28987,0.20269902
28988,0.018363575
28989,0.03076097
28990,0.0010384126
28991,0.022641815
28992,0.06413937
28993,0.03256583
28994,0.007945285
28995,0.0048860754
28996,0.029947745
28997,0.30015022
28998,0.24241313
28999,0.029920977
29000,0.09836923
29001,0.013446312
29002,0.017266544
29003,0.099424094
29004,0.031654995
29005,0.06590499
29006,0.04427074
29007,0.021970171
29008,0.05372038
29009,0.02018225
29010,0.04496642
29011,0.059271462
29012,0.046421938
29013,0.02450035
29014,0.02064172
29015,0.25199753
29016,0.018002545
29017,0.07734779
29018,0.26302806
29019,0.38309535
29020,0.03473369
29021,0.26039577
29022,0.11917431
29023,0.36894467
29024,0.084424525
29025,0.20481722
29026,0.047652103
29027,0.16209683
29028,0.016666092
29029,0.0
29030,0.022597149
29031,0.013372705
29032,0.115691334
29033,0.048672087
29034,0.6279427
29035,0.23545311
29036,0.04539333
29037,0.027116552
29038,0.238499
29039,0.06426609
29040,0.023153577
29041,0.0683185
29042,0.032501526
29043,0.07840209
29044,0.26661396
29045,0.5357662
29046,0.4926837
29047,0.03929001
29048,0.004367295
29049,0.11391966
29050,0.28375804
29051,0.026423858
29052,0.09453291
29053,0.07070744
29054,0.090212286
29055,0.070190795
29056,0.4115236
29057,0.15080482
29058,0.24168573
29059,0.46024847
29060,0.11785538
29061,0.024774296
29062,0.48282173
29063,0.09243089
29064,0.34732753
29065,0.113624476
29066,0.09833896
29067,0.041826077
29068,0.071787685
29069,0.06457452
29070,0.09869959
29071,0.23172222
29072,0.025974097
29073,0.04500099
29074,0.09057348
29075,0.23445874
29076,0.038012303
29077,0.041180488
29078,0.088787846
29079,0.09595428
29080,0.15899399
29081,0.04152694
29082,0.021686455
29083,0.06250853
29084,0.1743557
29085,0.046486314
29086,0.38315144
29087,0.041678376
29088,0.056683563
29089,0.017393399
29090,0.005216185
29091,0.011208873
29092,0.42953175
29093,0.110749274
29094,0.079492964
29095,0.40122825
29096,0.39133865
29097,0.13215347
29098,0.07998982
29099,0.005641282
29100,0.017054591
29101,0.0042910087
29102,0.057622164
29103,0.024833124
29104,0.045077063
29105,0.098822854
29106,0.07924908
29107,0.18987736
29108,0.29700723
29109,0.36453807
29110,0.06038106
29111,0.029794767
29112,0.030386573
29113,0.38912067
29114,0.017386833
29115,0.0725661
29116,0.0614857
29117,0.049373906
29118,0.16129673
29119,0.43344676
29120,0.0037318869
29121,0.024644041
29122,0.16613923
29123,0.030738872
29124,0.022430567
29125,0.057407767
29126,0.07552229
29127,0.014747168
29128,0.14746942
29129,0.17149432
29130,0.124044314
29131,0.0886025
29132,0.10692257
29133,0.05088111
29134,0.056249805
29135,0.053292315
29136,0.14219528
29137,0.07138679
29138,0.16156645
29139,0.023435317
29140,0.048926815
29141,0.050203178
29142,0.030210186
29143,0.024017723
29144,0.038651165
29145,0.06510492
29146,0.024491293
29147,0.052469917
29148,0.32929724
29149,0.25915596
29150,0.053145375
29151,0.072114125
29152,0.039379325
29153,0.087660104
29154,0.09084966
29155,0.015370043
29156,0.0662928
29157,0.00948062
29158,0.013151449
29159,0.18726765
29160,0.040931746
29161,0.039762795
29162,0.05138683
29163,0.008043365
29164,0.19847547
29165,0.096628346
29166,0.38572297
29167,0.37649116
29168,0.37807852
29169,0.085513145
29170,0.04985567
29171,0.022963474
29172,0.08051596
29173,0.06396581
29174,0.24558772
29175,0.104048334
29176,0.41790143
29177,0.08704063
29178,0.030046254
29179,0.10217857
29180,0.103000924
29181,0.056797147
29182,0.018107116
29183,0.007050095
29184,0.06700919
29185,0.03181986
29186,0.0054185707
29187,0.03299153
29188,0.038031016
29189,0.11683248
29190,0.066719875
29191,0.1695191
29192,0.092364
29193,0.1319074
29194,0.36546603
29195,0.38831416
29196,0.07656229
29197,0.031523142
29198,0.09012403
29199,0.062349282
29200,0.034763552
29201,0.088668525
29202,0.09699345
29203,0.115235046
29204,0.051606413
29205,0.08480763
29206,0.03522642
29207,0.0637691
29208,0.028027924
29209,0.01890152
29210,0.15246314
29211,0.010882307
29212,0.026372194
29213,0.111929454
29214,0.03510999
29215,0.0121455295
29216,0.030636903
29217,0.05542536
29218,0.08899291
29219,0.10773738
29220,0.10589914
29221,0.10545309
29222,0.36576572
29223,0.23335126
29224,0.23932762
29225,0.007215844
29226,0.09971444
29227,0.06643097
29228,0.037445787
29229,0.078349166
29230,0.04458911
29231,0.036957823
29232,0.06989087
29233,0.08621477
29234,0.088373415
29235,0.029251663
29236,0.065877564
29237,0.019321606
29238,0.04970392
29239,0.12419931
29240,0.06088495
29241,0.1511651
29242,0.06780163
29243,0.13706549
29244,0.49578744
29245,0.1302869
29246,0.13661109
29247,0.067751445
29248,0.10529807
29249,0.085600935
29250,0.096743576
29251,0.06498418
29252,0.013447966
29253,0.018941976
29254,0.371286
29255,0.09889042
29256,0.07292166
29257,0.04240198
29258,0.07759141
29259,0.013894861
29260,0.021899559
29261,0.027633209
29262,0.0585165
29263,0.33189222
29264,0.09056814
29265,0.068448454
29266,0.10230901
29267,0.7311957
29268,0.08957196
29269,0.025829243
29270,0.37364247
29271,0.0873925
29272,0.23692961
29273,0.3151263
29274,0.09161217
29275,0.027335905
29276,0.06892031
29277,0.10955661
29278,0.1348417
29279,0.15703976
29280,0.05527848
29281,0.2449994
29282,0.08657494
29283,0.07822744
29284,0.003276464
29285,0.023226596
29286,0.038498927
29287,0.084524505
29288,0.11059735
29289,0.023319954
29290,0.11472718
29291,0.1362772
29292,0.25991473
29293,0.10217395
29294,0.034437742
29295,0.1327164
29296,0.17462836
29297,0.36286443
29298,0.07061377
29299,0.07215817
29300,0.042311836
29301,0.09776534
29302,0.5486654
29303,0.03558727
29304,0.09137969
29305,0.37949008
29306,0.23453382
29307,0.014467939
29308,0.06718477
29309,0.073512256
29310,0.3813285
29311,0.37147236
29312,0.009002253
29313,0.10285731
29314,0.111784935
29315,0.1438231
29316,0.13326249
29317,0.13521846
29318,0.14040935
29319,0.3843113
29320,0.09401763
29321,0.020996878
29322,0.10099291
29323,0.10771078
29324,0.06876769
29325,0.20795873
29326,0.9831769
29327,0.052006222
29328,0.37140232
29329,0.017411275
29330,0.08598483
29331,0.2501895
29332,0.03705112
29333,0.07355276
29334,0.09379887
29335,0.022005541
29336,0.07697339
29337,0.0015344233
29338,0.4518844
29339,0.11143221
29340,0.08712301
29341,0.37513652
29342,0.12700637
29343,0.24901615
29344,0.36318883
29345,0.39334494
29346,0.23626903
29347,0.21027596
29348,0.09559608
29349,0.97040945
29350,0.37561688
29351,0.41182134
29352,0.029975856
29353,0.23109704
29354,0.0955997
29355,0.02677905
29356,0.021957884
29357,0.015544388
29358,0.071149856
29359,0.0033646484
29360,0.010363012
29361,0.03807665
29362,0.13859934
29363,0.10512357
29364,0.10848354
29365,0.12710524
29366,0.12624264
29367,0.24617529
29368,0.3829221
29369,0.025400028
29370,0.107963964
29371,0.27088898
29372,0.019779148
29373,0.045594346
29374,1.0
29375,0.9773209
29376,0.7146541
29377,0.00014098203
29378,0.028609436
29379,0.017412752
29380,0.10681004
29381,0.38930205
29382,0.100717284
29383,0.018313853
29384,0.07625217
29385,0.0694455
29386,0.09245968
29387,0.062485762
29388,0.022735497
29389,0.38750094
29390,0.0
29391,0.042464677
29392,0.10377038
29393,0.107048355
29394,0.058236632
29395,0.06899931
29396,0.37479612
29397,0.14437856
29398,0.022354253
29399,0.17286229
29400,0.12525599
29401,0.13245867
29402,1.0
29403,0.81764483
29404,0.75618076
29405,0.025963683
29406,0.12524755
29407,0.025256105
29408,0.013480517
29409,0.40753105
29410,0.087627865
29411,0.26740062
29412,0.07095211
29413,0.13481453
29414,0.02873718
29415,0.16350491
29416,0.1303945
29417,0.13395487
29418,0.1957639
29419,0.46508333
29420,0.39535218
29421,0.25604105
29422,0.12831424
29423,0.09045086
29424,0.06569185
29425,0.09710776
29426,0.078367665
29427,0.051101457
29428,0.022949912
29429,0.22973688
29430,0.19647929
29431,0.09556093
29432,0.11726863
29433,0.023616493
29434,0.97701097
29435,1.0
29436,1.0
29437,0.12964481
29438,0.05479576
29439,0.3871648
29440,0.41989633
29441,0.02845224
29442,0.011152748
29443,0.030467646
29444,0.056414425
29445,0.09342404
29446,0.060293134
29447,0.37987536
29448,1.0
29449,0.06141686
29450,0.093196765
29451,0.09272115
29452,0.1314403
29453,0.0742301
29454,0.370591
29455,0.24297495
29456,0.026348671
29457,0.114325546
29458,0.119247444
29459,0.11957941
29460,0.041818198
29461,0.38002798
29462,0.37211397
29463,0.22356904
29464,0.09087065
29465,0.020785576
29466,0.09260593
29467,0.018517334
29468,0.090083495
29469,0.18086989
29470,0.054728556
29471,0.0705278
29472,0.02465407
29473,0.02630752
29474,0.050930005
29475,0.07027798
29476,0.3860402
29477,0.54301506
29478,0.24468309
29479,0.23824733
29480,0.12640902
29481,0.13829625
29482,0.11703915
29483,0.5524909
29484,0.06887491
29485,0.03954156
29486,0.037673865
29487,0.14652902
29488,0.11368354
29489,0.18893398
29490,0.45450497
29491,0.29813963
29492,0.12449946
29493,0.99564946
29494,0.119688585
29495,0.016477877
29496,0.118293345
29497,0.24392425
29498,0.025666488
29499,0.041267548
29500,0.41695535
29501,0.06852499
29502,0.048956066
29503,0.05920739
29504,0.051791452
29505,0.14929019
29506,0.3651047
29507,0.26223785
29508,0.4167848
29509,0.24814384
29510,0.13815305
29511,0.12646899
29512,0.3754358
29513,0.021915464
29514,0.15319678
29515,0.08156121
29516,0.054184686
29517,0.45449835
29518,0.24492586
29519,0.09689919
29520,0.6118978
29521,0.36046955
29522,0.0971588
29523,0.24009158
29524,0.086215936
29525,0.038361587
29526,0.0018690918
29527,0.006478959
29528,0.038556505
29529,0.05786445
29530,0.07609671
29531,0.09295151
29532,0.12789889
29533,0.38846147
29534,0.7322095
29535,0.3701703
29536,0.37290177
29537,0.3977676
29538,0.121128604
29539,0.0895403
29540,0.08222523
29541,0.1831328
29542,0.26669118
29543,0.078676395
29544,0.02483248
29545,0.07766971
29546,0.12809719
29547,0.024682308
29548,0.05469426
29549,0.11027746
29550,0.022661211
29551,0.038410626
29552,0.0429419
29553,0.07945644
29554,0.058872085
29555,0.07500899
29556,0.36345628
29557,0.19300197
29558,0.3966351
29559,0.59885657
29560,0.48852313
29561,0.24191914
29562,0.14593245
29563,0.04655738
29564,0.074073926
29565,0.12084272
29566,0.020110045
29567,0.0
29568,0.03451133
29569,1.0
29570,0.040556338
29571,0.021134451
29572,0.105477616
29573,0.0778992
29574,0.25961018
29575,0.052280758
29576,0.0677827
29577,0.014723778
29578,0.051233113
29579,0.025113115
29580,0.040579967
29581,0.08761402
29582,0.08432311
29583,0.61523926
29584,0.4049361
29585,0.24189988
29586,1.0
29587,0.3674719
29588,0.4165794
29589,0.17775641
29590,0.0394933
29591,0.04055688
29592,0.0577541
29593,0.07853671
29594,0.06326701
29595,0.036453445
29596,0.07339706
29597,0.39257488
29598,0.12893052
29599,0.36394343
29600,0.026493328
29601,0.08625464
29602,0.14786524
29603,0.11629433
29604,0.18425004
29605,0.042305138
29606,0.027803125
29607,0.04536781
29608,0.13390616
29609,1.0
29610,0.3779023
29611,0.72195035
29612,0.38057333
29613,0.37188607
29614,0.2348506
29615,0.23151813
29616,0.14416714
29617,0.014947773
29618,0.0047508436
29619,0.017170731
29620,0.023630975
29621,0.14133234
29622,0.12823403
29623,0.14797233
29624,0.39200953
29625,0.025152091
29626,0.075405404
29627,0.0046103247
29628,0.37400985
29629,0.042623334
29630,0.088786066
29631,0.23580645
29632,0.035823427
29633,0.002847298
29634,0.2194915
29635,0.22417551
29636,0.08301464
29637,0.13675968
29638,0.09354251
29639,0.08428962
29640,0.03919133
29641,0.13981858
29642,0.10842628
29643,0.012534939
29644,0.15989952
29645,0.015606588
29646,0.10523057
29647,0.030557955
29648,0.031114254
29649,0.12678671
29650,0.0511493
29651,0.054581027
29652,0.055248797
29653,0.16435833
29654,0.26755595
29655,0.62860435
29656,0.12797436
29657,0.018307503
29658,0.0149157755
29659,0.045055423
29660,0.093289316
29661,0.14805888
29662,0.009171561
29663,0.020936206
29664,0.018291378
29665,0.05349804
29666,0.018427249
29667,0.0076383743
29668,0.022091527
29669,0.10019483
29670,0.11313109
29671,0.39213035
29672,0.029653402
29673,0.05713563
29674,0.08865082
29675,0.096071675
29676,0.38739386
29677,0.13020767
29678,0.012054981
29679,0.22774406
29680,0.0022075083
29681,0.06542865
29682,0.018730856
29683,0.08369851
29684,0.23086636
29685,0.07842904
29686,0.012822461
29687,0.015972126
29688,0.0100323595
29689,0.20435491
29690,0.011705849
29691,0.03689893
29692,0.13635805
29693,0.08196376
29694,0.055781733
29695,0.028914733
29696,0.035085164
29697,0.073559135
29698,0.37713057
29699,0.045119096
29700,0.0
29701,0.02227862
29702,0.05296781
29703,0.036293406
29704,0.070882335
29705,0.23619717
29706,0.06661968
29707,0.18071114
29708,0.07346547
29709,0.026932621
29710,0.021392502
29711,0.09853865
29712,0.072610065
29713,0.04646014
29714,0.37451014
29715,0.0
29716,0.16846032
29717,0.021346772
29718,0.07252935
29719,0.11639026
29720,0.009508042
29721,0.27003452
29722,0.568123
29723,0.0978803
29724,0.08149868
29725,0.012547393
29726,0.093399696
29727,0.09280434
29728,0.09853871
29729,0.14408046
29730,0.111330815
29731,0.09251045
29732,1.0
29733,0.09085963
29734,0.016637344
29735,0.07338694
29736,0.07710194
29737,0.03558054
29738,0.07907701
29739,0.415663
29740,0.090283714
29741,0.24245545
29742,0.021270154
29743,0.028122177
29744,0.083537824
29745,0.026138153
29746,0.08632491
29747,0.045387562
29748,0.055001386
29749,0.061139457
29750,0.07772657
29751,0.034827244
29752,0.097867966
29753,0.1310589
29754,0.033145018
29755,0.039886102
29756,0.045837797
29757,0.0896453
29758,0.10769808
29759,0.02269577
29760,0.041532908
29761,0.98838466
29762,0.06642586
29763,0.10437686
29764,0.060326476
29765,0.038598403
29766,0.05478674
29767,0.051456634
29768,0.017173832
29769,0.021746607
29770,0.3773173
29771,0.042359423
29772,0.0
29773,0.0013026483
29774,0.006384486
29775,0.016072875
29776,0.023024334
29777,0.07400567
29778,0.103033714
29779,0.023275897
29780,0.0025619806
29781,0.10037185
29782,0.040146966
29783,0.020869818
29784,0.07412263
29785,0.37684664
29786,0.01885315
29787,0.017557994
29788,0.0036526208
29789,0.07446725
29790,0.0013742552
29791,0.03916429
29792,0.15700166
29793,0.088845976
29794,0.015862439
29795,0.014195402
29796,0.10383373
29797,0.23946287
29798,0.10387099
29799,0.07371346
29800,0.06130245
29801,0.03556213
29802,0.07959927
29803,0.019625323
29804,0.07848668
29805,0.24884404
29806,0.36899343
29807,0.0040661446
29808,0.03195312
29809,0.016281847
29810,0.00551756
29811,0.013126189
29812,0.0134878075
29813,0.028963817
29814,0.01190415
29815,0.019523421
29816,0.03883493
29817,0.055782914
29818,0.093214385
29819,0.118728265
29820,0.002066296
29821,0.165917
29822,0.004937133
29823,0.29382077
29824,0.0044035665
29825,0.018728087
29826,0.031836797
29827,0.012256971
29828,0.030099414
29829,0.02361616
29830,0.045933977
29831,0.010363303
29832,0.0
29833,0.011223423
29834,0.0045883497
29835,0.10078408
29836,0.012256058
29837,0.029312499
29838,0.034183674
29839,0.021990629
29840,0.048063982
29841,0.017395342
29842,0.016525796
29843,0.0
29844,0.11194755
29845,0.040792476
29846,0.043715533
29847,0.012870239
29848,0.0037501052
29849,0.046799928
29850,0.021950753
29851,0.11091011
29852,0.009911132
29853,0.007250214
29854,0.40955654
29855,0.06305861
29856,0.09313363
29857,0.10705477
29858,0.07031695
29859,0.04330616
29860,0.0115718655
29861,0.13127519
29862,0.1418506
29863,0.1510333
29864,0.013768429
29865,0.026557444
29866,0.046252083
29867,0.03303391
29868,0.021678418
29869,0.044988733
29870,0.0037867029
29871,0.10026153
29872,0.113482244
29873,0.27294573
29874,0.015638305
29875,0.03385619
29876,0.0032658014
29877,0.022876518
29878,0.06758152
29879,0.050154492
29880,0.04429918
29881,0.0051860386
29882,0.03433999
29883,0.008357545
29884,0.023944305
29885,0.030069651
29886,0.2867787
29887,0.2370753
29888,0.030922683
29889,0.10062305
29890,0.017373653
29891,0.011279277
29892,0.062535435
29893,0.022688918
29894,0.03033478
29895,0.054501675
29896,0.04863506
29897,0.022394251
29898,0.054054033
29899,0.036188897
29900,0.056482427
29901,0.025656732
29902,0.1647739
29903,0.015158984
29904,0.06764127
29905,0.26578903
29906,0.36885008
29907,0.035739716
29908,0.2679523
29909,0.09711463
29910,0.2513179
29911,0.064835586
29912,0.26793534
29913,0.046551295
29914,0.0052176253
29915,0.17620693
29916,0.017023196
29917,0.021824336
29918,0.015382983
29919,0.2457001
29920,0.034964196
29921,0.6715443
29922,0.23595689
29923,0.026351701
29924,0.2454624
29925,0.026469285
29926,0.06665856
29927,0.032063533
29928,0.09437061
29929,0.27057326
29930,0.59565616
29931,0.5985581
29932,0.03678991
29933,0.09640115
29934,0.11269336
29935,0.18899167
29936,0.017778914
29937,0.010602092
29938,0.08860563
29939,0.069548234
29940,0.09395531
29941,0.06873582
29942,0.050064437
29943,0.40537953
29944,0.24039932
29945,0.37707436
29946,0.45827797
29947,0.1086742
29948,0.51226056
29949,0.09246231
29950,0.26145786
29951,0.113704346
29952,0.11273289
29953,0.041425873
29954,0.076697305
29955,0.065819085
29956,0.10538479
29957,0.12926652
29958,0.02339238
29959,0.04070551
29960,0.09252658
29961,0.23431629
29962,0.040379934
29963,0.08857243
29964,0.09900648
29965,0.16260119
29966,0.040906657
29967,0.023195757
29968,0.0062600225
29969,0.26263574
29970,0.048197467
29971,0.1640637
29972,0.040557142
29973,0.06332522
29974,0.0033244577
29975,0.42078587
29976,0.11528414
29977,0.0
29978,0.07475896
29979,0.20924717
29980,0.31851748
29981,0.1385016
29982,0.080375746
29983,0.0022081758
29984,0.013179675
29985,0.05859269
29986,0.022608679
29987,0.06763376
29988,0.045348085
29989,0.10113645
29990,0.08084996
29991,0.28486088
29992,0.29875314
29993,0.01680173
29994,0.35404146
29995,0.06142353
29996,0.02945531
29997,0.3012277
29998,0.017116165
29999,0.07475228
30000,0.0052660066
30001,0.13276358
30002,0.048087988
30003,0.042481717
30004,0.23566552
30005,0.43196705
30006,0.15888876
30007,0.029483723
30008,0.025275653
30009,0.057797834
30010,0.08335715
30011,0.0132452715
30012,0.027770903
30013,0.1464227
30014,0.1628457
30015,0.12730852
30016,0.087071694
30017,0.10666759
30018,0.00041224866
30019,0.0014931047
30020,0.05201206
30021,0.0518604
30022,0.056696374
30023,0.054529585
30024,0.14213546
30025,0.0744733
30026,0.17199999
30027,0.023332678
30028,0.050102632
30029,0.05084719
30030,0.03172627
30031,0.024182042
30032,0.03913209
30033,0.06602578
30034,0.02004898
30035,0.05234512
30036,0.6029442
30037,0.38073257
30038,0.047703657
30039,0.07582531
30040,0.098060876
30041,0.08611533
30042,0.015447483
30043,0.06699307
30044,0.01011677
30045,0.012628737
30046,0.036800046
30047,0.24913797
30048,0.041224774
30049,0.039397582
30050,0.05597217
30051,0.1811269
30052,0.09774595
30053,0.23266198
30054,0.23281698
30055,0.37215203
30056,0.0828318
30057,0.04944283
30058,0.02457497
30059,0.075139314
30060,0.06148102
30061,0.24792035
30062,0.101493664
30063,0.43652508
30064,0.08785587
30065,0.030639539
30066,0.099670984
30067,0.09775474
30068,0.057178672
30069,0.017553184
30070,0.02535745
30071,0.067907296
30072,0.028085558
30073,0.034026314
30074,0.039383214
30075,0.115177415
30076,0.06809867
30077,0.11058102
30078,0.09012172
30079,0.12555169
30080,0.38467085
30081,0.38790628
30082,0.07686689
30083,0.032126505
30084,0.09917603
30085,0.025669353
30086,0.059057683
30087,0.033862155
30088,0.112280264
30089,0.0979601
30090,0.11275065
30091,0.051179316
30092,0.08830699
30093,0.035970215
30094,0.06489828
30095,0.024016313
30096,0.01838325
30097,0.15662493
30098,0.0108841285
30099,0.10937801
30100,0.034826048
30101,0.015248825
30102,0.030331811
30103,0.05768246
30104,0.09675216
30105,0.11050432
30106,0.16198389
30107,0.10962251
30108,0.3761243
30109,0.23759717
30110,0.23609513
30111,0.00761705
30112,0.09993933
30113,0.06925404
30114,0.037865967
30115,0.07948627
30116,0.03686595
30117,0.075189784
30118,0.06881584
30119,0.08629599
30120,0.0879833
30121,0.03218947
30122,0.06272737
30123,0.021635447
30124,0.12687497
30125,0.025466323
30126,0.06282157
30127,0.14873646
30128,0.06831081
30129,0.23494312
30130,0.50642437
30131,0.13542862
30132,0.13084136
30133,0.06787245
30134,0.103807814
30135,0.090928376
30136,0.095687404
30137,0.06355758
30138,0.013584805
30139,0.018094635
30140,0.29796204
30141,0.09306028
30142,0.07086672
30143,0.04325705
30144,0.07736526
30145,0.018903041
30146,0.02164228
30147,0.027656533
30148,0.05892662
30149,0.33656454
30150,0.08473279
30151,0.06939424
30152,0.09730404
30153,0.6446051
30154,0.09008359
30155,0.024801949
30156,0.24542262
30157,0.085726604
30158,0.22664742
30159,0.31516683
30160,0.095180795
30161,0.06898373
30162,0.10206684
30163,0.1362649
30164,0.15436433
30165,0.05628673
30166,0.12676378
30167,0.10351868
30168,0.073200166
30169,0.010269358
30170,0.0015673402
30171,0.024734156
30172,0.039030343
30173,0.08584487
30174,0.11137178
30175,0.022741212
30176,0.11397974
30177,0.13416293
30178,0.24633557
30179,0.09546505
30180,0.033450585
30181,0.12709494
30182,0.1746757
30183,0.37213174
30184,0.06840681
30185,0.073398426
30186,0.046858896
30187,0.09974587
30188,0.5774547
30189,0.03600594
30190,0.08377777
30191,0.3740715
30192,0.23455508
30193,0.018469015
30194,0.019570637
30195,0.0062848264
30196,0.06631641
30197,0.073423944
30198,0.39421386
30199,0.3817567
30200,0.009097971
30201,0.11380834
30202,0.11075836
30203,0.1348894
30204,0.1463869
30205,0.13131113
30206,0.14638536
30207,0.38346556
30208,0.096969806
30209,0.018097796
30210,0.100567974
30211,0.10773886
30212,0.067602776
30213,0.29750738
30214,0.95282495
30215,0.054338805
30216,0.3748777
30217,0.010314874
30218,0.08964395
30219,0.38468838
30220,0.00190739
30221,0.07344463
30222,0.09103111
30223,0.023519581
30224,0.07805316
30225,0.0047576874
30226,0.46938127
30227,0.12586309
30228,0.08506172
30229,0.38103786
30230,0.13669863
30231,0.24485058
30232,0.387262
30233,0.3744488
30234,0.16411036
30235,0.110015586
30236,0.08573544
30237,0.9612549
30238,0.3997758
30239,0.41300398
30240,0.029859005
30241,0.15917292
30242,0.09310934
30243,0.0003498382
30244,0.06801237
30245,0.003351469
30246,0.0069166487
30247,0.007094923
30248,0.034543645
30249,0.08813022
30250,0.10722507
30251,0.10869475
30252,0.13293596
30253,0.13142075
30254,0.24225378
30255,0.22707589
30256,0.022846708
30257,0.110402144
30258,0.39043352
30259,0.04223299
30260,0.9993497
30261,0.94087523
30262,0.65424705
30263,0.0
30264,0.030529095
30265,0.017930353
30266,0.111973345
30267,0.3915879
30268,0.107070185
30269,0.021035166
30270,0.07857727
30271,0.011432093
30272,0.06738953
30273,0.08306138
30274,0.06126706
30275,0.021291682
30276,0.39525062
30277,0.0032948838
30278,0.04146192
30279,0.108173594
30280,0.11596028
30281,0.059748046
30282,0.0703975
30283,0.24924842
30284,0.1452045
30285,0.022301713
30286,0.14171946
30287,0.121453665
30288,0.13429607
30289,0.9936472
30290,0.84573317
30291,0.75233203
30292,0.1444071
30293,0.024445908
30294,0.015831972
30295,0.40575555
30296,0.09271285
30297,0.20551488
30298,0.06822719
30299,0.13748199
30300,0.029301314
30301,0.17098136
30302,0.13100326
30303,0.13377033
30304,0.1929687
30305,0.46475038
30306,0.41941363
30307,0.2507884
30308,0.12919064
30309,0.08500431
30310,0.06961195
30311,0.096956044
30312,0.07549794
30313,0.04971151
30314,0.13710043
30315,0.18944715
30316,0.08716361
30317,0.11660066
30318,0.024079777
30319,0.96705985
30320,1.0
30321,0.9809204
30322,0.12496885
30323,0.053626265
30324,0.3929498
30325,0.0022392867
30326,0.42360318
30327,0.028739614
30328,0.02485452
30329,0.031161543
30330,0.05594268
30331,0.0915112
30332,0.060872808
30333,0.3656254
30334,1.0
30335,0.06522916
30336,0.09322335
30337,0.09007015
30338,0.13257225
30339,0.073916145
30340,0.37594002
30341,0.24425764
30342,0.02579904
30343,0.11186251
30344,0.11476972
30345,0.12188555
30346,0.04138218
30347,0.044375736
30348,0.26486224
30349,0.36758286
30350,0.22672382
30351,0.088864096
30352,0.020413013
30353,0.09435484
30354,0.010971838
30355,0.09703568
30356,0.1833628
30357,0.05090371
30358,0.07211241
30359,0.03818871
30360,0.0520835
30361,0.074627794
30362,0.36951858
30363,0.56244826
30364,0.23448095
30365,0.1576058
30366,0.1302401
30367,0.14026292
30368,0.12254216
30369,0.58416
30370,0.06595381
30371,0.036516774
30372,0.040887248
30373,0.039906558
30374,0.13919531
30375,0.11610731
30376,0.25479877
30377,0.48956132
30378,0.2978178
30379,0.22573866
30380,1.0
30381,0.12029241
30382,0.015179653
30383,0.12267795
30384,0.24341711
30385,0.022811938
30386,0.04177164
30387,0.42656237
30388,0.068986274
30389,0.048079323
30390,0.061628666
30391,0.05060641
30392,0.1452309
30393,0.37682664
30394,0.263336
30395,0.41600952
30396,0.24924323
30397,0.13116492
30398,0.12536013
30399,0.37037024
30400,0.024026878
30401,0.1585492
30402,0.08129703
30403,0.05892978
30404,0.48759502
30405,0.24316643
30406,0.097651415
30407,0.59148294
30408,0.27858144
30409,0.008199357
30410,0.08798404
30411,0.15125626
30412,0.090909585
30413,0.041035373
30414,0.010737451
30415,0.00578434
30416,0.037579007
30417,0.06009717
30418,0.081389815
30419,0.09435735
30420,0.13135393
30421,0.38268733
30422,0.72210556
30423,0.37715286
30424,0.23763792
30425,0.42721668
30426,0.123909585
30427,0.09116028
30428,0.08224259
30429,0.15659752
30430,0.38027778
30431,0.0787893
30432,0.023653258
30433,0.0824412
30434,0.12742041
30435,0.023111783
30436,0.055500984
30437,0.10932172
30438,0.02494012
30439,0.038460277
30440,0.011723487
30441,0.010257303
30442,0.0435125
30443,0.082995385
30444,0.061056674
30445,0.07658035
30446,0.3688716
30447,0.18422534
30448,0.38183862
30449,0.6285703
30450,0.45035008
30451,0.3675634
30452,0.23846275
30453,0.0499715
30454,0.01734279
30455,0.07221568
30456,0.12480813
30457,0.019379292
30458,0.038561013
30459,0.99719924
30460,0.041061062
30461,0.018973313
30462,0.15781441
30463,0.07949147
30464,0.2563117
30465,0.0547163
30466,0.068985105
30467,0.015513021
30468,0.051141903
30469,0.04088386
30470,0.08791727
30471,0.085646644
30472,0.6261513
30473,0.37400645
30474,0.23314682
30475,1.0
30476,0.38972187
30477,0.41107577
30478,0.17145702
30479,0.03839577
30480,0.039242506
30481,0.056775104
30482,0.0780093
30483,0.06290212
30484,0.03770089
30485,0.0769837
30486,0.39647746
30487,0.12853539
30488,0.37256742
30489,0.028656378
30490,0.08152283
30491,0.15204112
30492,0.11099144
30493,0.18404716
30494,0.04595686
30495,0.028909096
30496,0.045015547
30497,0.13881756
30498,0.99946517
30499,0.37281054
30500,0.77914643
30501,0.3785314
30502,0.3826463
30503,0.16609073
30504,0.23791552
30505,0.14062427
30506,0.005816743
30507,0.0029425514
30508,0.018110827
30509,0.092161685
30510,0.024552047
30511,0.14237423
30512,0.12912738
30513,0.14684194
30514,0.2670373
30515,0.025643026
30516,0.07742877
30517,0.2723994
30518,0.04292197
30519,0.084754564
30520,0.37703827
30521,0.036487818
30522,0.2222108
30523,0.23293872
30524,0.08443051
30525,0.13555068
30526,0.102145
30527,0.105844654
30528,0.04007139
30529,0.14016904
30530,0.112218134
30531,0.05890879
30532,0.011485477
30533,0.18337028
30534,0.105007924
30535,0.031939175
30536,0.030820662
30537,0.12723252
30538,0.05036151
30539,0.05548964
30540,0.055076644
30541,0.16410077
30542,0.36435163
30543,0.60633403
30544,0.1249159
30545,0.018461708
30546,0.019094558
30547,0.045115225
30548,0.09746093
30549,0.15735787
30550,0.024470167
30551,0.019143712
30552,0.05521907
30553,0.020844012
30554,0.010300336
30555,0.026169658
30556,0.10687679
30557,0.10902536
30558,0.40446097
30559,0.02822411
30560,0.01847077
30561,0.059368677
30562,0.09020769
30563,0.1005654
30564,0.38773686
30565,0.12876064
30566,0.011716099
30567,0.22492789
30568,0.06564965
30569,0.01646245
30570,0.08164755
30571,0.14169286
30572,0.07456373
30573,0.017294083
30574,0.010799958
30575,0.2699313
30576,0.01872604
30577,0.008750113
30578,0.0014030093
30579,0.03694217
30580,0.135417
30581,0.08222892
30582,0.05508664
30583,0.029490033
30584,0.03363338
30585,0.07904728
30586,0.31247815
30587,0.04636527
30588,0.021120405
30589,0.054937515
30590,0.036429837
30591,0.07353406
30592,0.2499568
30593,0.065019846
30594,0.23597871
30595,0.07369433
30596,0.02726091
30597,0.017486153
30598,0.108366
30599,0.075167745
30600,0.047510147
30601,0.36456424
30602,0.0025645231
30603,0.23229636
30604,0.021391287
30605,0.07368153
30606,0.112476245
30607,0.010393851
30608,0.26765037
30609,0.58218247
30610,0.14544052
30611,0.08091695
30612,0.096777834
30613,0.091643386
30614,0.097526014
30615,0.14392777
30616,0.11226905
30617,0.0951688
30618,0.97991616
30619,0.02369509
30620,0.08637362
30621,0.016541366
30622,0.07444849
30623,0.078526966
30624,0.013766731
30625,0.033051427
30626,0.08455766
30627,0.43231156
30628,0.091713384
30629,0.2384706
30630,0.024271034
30631,0.08944816
30632,0.024586305
30633,0.084098436
30634,0.044737093
30635,0.053800784
30636,0.06132325
30637,0.07977983
30638,0.034820966
30639,0.023460597
30640,0.10548153
30641,0.01311694
30642,0.12463004
30643,0.03863939
30644,0.044850647
30645,0.09331036
30646,0.106981255
30647,0.019960808
30648,0.02258374
30649,0.040932853
30650,0.9955955
30651,0.06692149
30652,0.10642885
30653,0.06131591
30654,0.04128894
30655,0.05405648
30656,0.051623333
30657,0.016637312
30658,0.0228411
30659,0.25032994
30660,0.040732864
30661,0.0
30662,0.0030476104
30663,0.017636327
30664,0.008750615
30665,0.020926896
30666,0.07442205
30667,0.10129493
30668,0.1879643
30669,0.039237827
30670,0.07715398
30671,0.37584612
30672,0.017721752
30673,0.015787337
30674,0.0
30675,0.02291646
30676,0.0005195571
30677,0.07303957
30678,0.0011184979
30679,0.03988734
30680,0.23973355
30681,0.09003698
30682,0.017660845
30683,0.01707345
30684,0.0
30685,0.10648329
30686,0.2341836
30687,0.11402793
30688,0.07126654
30689,0.063510165
30690,0.038555175
30691,0.08078669
30692,0.022114143
30693,0.07712348
30694,0.24124342
30695,0.19047777
30696,0.0010217658
30697,0.016252281
30698,0.005918557
30699,0.029484455
30700,0.005290449
30701,0.012814391
30702,0.02261917
30703,0.018872494
30704,0.03790967
30705,0.052055568
30706,0.095081314
30707,0.11106261
30708,0.16892128
30709,0.004220452
30710,0.29868847
30711,0.004699627
30712,0.018650748
30713,0.0070588095
30714,0.031598147
30715,0.015134751
30716,0.010248742
30717,0.03713199
30718,0.029597316
30719,0.022767808
30720,0.051000025
30721,0.012341063
30722,0.0119440975
30723,0.10787529
30724,0.031771567
30725,0.02035651
30726,0.045996945
30727,0.018780522
30728,0.009073082
30729,0.017175164
30730,0.0
30731,0.12294071
30732,0.03943692
30733,0.044191733
30734,0.013324721
30735,0.049568698
30736,0.022312734
30737,0.108501054
30738,0.009047013
30739,0.0073296092
30740,0.40291977
30741,0.06662381
30742,0.09256859
30743,0.11059732
30744,0.07285038
30745,0.041684452
30746,0.010362303
30747,0.13103242
30748,0.020451076
30749,0.15132745
30750,0.14986356
30751,0.0134854885
30752,0.026969086
30753,0.051729046
30754,0.03438784
30755,0.02113687
30756,0.004702549
30757,0.04416759
30758,0.009899007
30759,0.10309027
30760,0.10888004
30761,0.024846151
30762,0.003025258
30763,0.20079483
30764,0.015678875
30765,0.031947743
30766,0.020561475
30767,0.0047463086
30768,0.022638299
30769,0.068725295
30770,0.048203714
30771,0.04796133
30772,0.03501256
30773,0.008270501
30774,0.03038732
30775,0.3843533
30776,0.23765686
30777,0.010026349
30778,0.031155452
30779,0.09949271
30780,0.012597598
30781,0.017490892
30782,0.0681646
30783,0.02879227
30784,0.01174938
30785,0.033533655
30786,0.069255784
30787,0.016830338
30788,0.055836648
30789,0.069482006
30790,0.022044495
30791,0.045394138
30792,0.077891596
30793,0.029144492
30794,0.45881364
30795,0.026776189
30796,0.070250474
30797,0.4196519
30798,0.3866881
30799,0.025260098
30800,0.29929078
30801,0.13146889
30802,0.45987657
30803,0.07402484
30804,0.1731729
30805,0.050644115
30806,0.020697817
30807,0.26996654
30808,0.0039044383
30809,0.025700198
30810,0.018287886
30811,0.40823206
30812,0.045912165
30813,0.73984164
30814,0.2583454
30815,0.028341558
30816,0.27001157
30817,0.028325338
30818,0.033953167
30819,0.01994025
30820,0.07248323
30821,0.004181303
30822,0.05349795
30823,0.09644971
30824,0.47125697
30825,0.66659033
30826,0.7118627
30827,0.0372473
30828,0.10252616
30829,0.13170639
30830,0.41745433
30831,0.09244359
30832,0.07458221
30833,0.113078035
30834,0.12361603
30835,0.04332623
30836,0.4274302
30837,0.2544431
30838,0.2543071
30839,0.5133584
30840,0.11914001
30841,0.023308352
30842,0.55403465
30843,0.10555696
30844,0.22114718
30845,0.11289537
30846,0.10774441
30847,0.04363838
30848,0.08615328
30849,0.07347688
30850,0.09678867
30851,0.25179353
30852,0.025349166
30853,0.039046384
30854,0.09589717
30855,0.24843921
30856,0.041712184
30857,0.09343821
30858,0.10778473
30859,0.16488013
30860,0.024739675
30861,0.008349107
30862,0.062168412
30863,0.17631076
30864,0.053639773
30865,0.40488243
30866,0.040120907
30867,0.058087498
30868,0.020373052
30869,0.026206234
30870,0.013689782
30871,0.4383942
30872,0.11937612
30873,0.08062722
30874,0.41881078
30875,0.30627364
30876,0.0
30877,0.13814637
30878,0.08297323
30879,0.017768886
30880,0.02491538
30881,0.045087397
30882,0.10684418
30883,0.090671726
30884,0.28735876
30885,0.41265893
30886,0.09693498
30887,0.059529245
30888,0.030601174
30889,0.39931908
30890,0.018060591
30891,0.07911257
30892,0.0023859935
30893,0.07000732
30894,0.04932861
30895,0.043112997
30896,0.25309995
30897,0.48044103
30898,0.16274233
30899,0.026911573
30900,0.02454335
30901,0.058038983
30902,0.08178206
30903,0.025625972
30904,0.013201729
30905,0.15555319
30906,0.16827707
30907,0.12774754
30908,0.090169586
30909,0.10308148
30910,0.0024062467
30911,0.052129876
30912,0.051825654
30913,0.057343643
30914,0.05474895
30915,0.14561929
30916,0.0719702
30917,0.16949388
30918,0.024426302
30919,0.05100608
30920,0.0544121
30921,0.031220727
30922,0.024440357
30923,0.038907066
30924,0.06709272
30925,0.052885484
30926,0.6137145
30927,0.26179966
30928,0.053587604
30929,0.07397361
30930,0.0933464
30931,0.09450833
30932,0.015578594
30933,0.07309351
30934,0.03900166
30935,0.2557024
30936,0.041477703
30937,0.039202668
30938,0.05228274
30939,0.12478199
30940,0.10069248
30941,0.39323813
30942,0.39061493
30943,0.39022237
30944,0.086972535
30945,0.051152173
30946,0.02311311
30947,0.080437765
30948,0.06384198
30949,0.2492964
30950,0.093425654
30951,0.46153435
30952,0.092480056
30953,0.031581357
30954,0.10114441
30955,0.08857691
30956,0.059767533
30957,0.011669406
30958,0.0070919823
30959,0.06838273
30960,0.017380668
30961,0.033667367
30962,0.033620514
30963,0.038224645
30964,0.119507894
30965,0.0689983
30966,0.10895239
30967,0.091249496
30968,0.12756146
30969,0.36914068
30970,0.3952179
30971,0.07559479
30972,0.033122838
30973,0.093900956
30974,0.027913138
30975,0.060992494
30976,0.0011294507
30977,0.096026726
30978,0.09517715
30979,0.11946581
30980,0.05279263
30981,0.084853165
30982,0.03434103
30983,0.064294405
30984,0.026238192
30985,0.016440956
30986,0.019639296
30987,0.15198492
30988,0.113573395
30989,0.036115225
30990,0.03234617
30991,0.060220104
30992,0.088573456
30993,0.110826254
30994,0.112624176
30995,0.10745131
30996,0.24978764
30997,0.23854244
30998,0.24845688
30999,0.0076828436
31000,0.10234957
31001,0.011485521
31002,0.06743066
31003,0.019154029
31004,0.04077503
31005,0.081897505
31006,0.049006302
31007,0.07772578
31008,0.06741229
31009,0.008536748
31010,0.090477206
31011,0.09386873
31012,0.031985268
31013,0.06530355
31014,0.026190618
31015,0.050539
31016,0.12994184
31017,0.023980314
31018,0.0645415
31019,0.15131184
31020,0.06995875
31021,0.23987558
31022,0.48710614
31023,0.1344474
31024,0.13367094
31025,0.07174493
31026,0.108035035
31027,0.09299723
31028,0.10077341
31029,0.066886246
31030,0.29741886
31031,0.093678035
31032,0.07644878
31033,0.044968575
31034,0.08354841
31035,0.016131634
31036,0.021058232
31037,0.020354278
31038,0.028137619
31039,0.05639097
31040,0.3425594
31041,0.087077275
31042,0.06817849
31043,0.10831651
31044,0.6893359
31045,0.091781534
31046,0.023877578
31047,0.24737488
31048,0.08744424
31049,0.23844133
31050,0.3198823
31051,0.09891825
31052,0.025942503
31053,0.07067964
31054,0.1071504
31055,0.14291775
31056,0.22789337
31057,0.055495106
31058,0.25596973
31059,0.094769806
31060,0.0
31061,0.07942769
31062,0.0036929618
31063,0.024318017
31064,0.03927372
31065,0.08585533
31066,0.11415693
31067,0.022373693
31068,0.12138918
31069,0.14111596
31070,0.25796583
31071,0.111741446
31072,0.035565495
31073,0.13497777
31074,0.17414981
31075,0.39838013
31076,0.06962811
31077,0.074919015
31078,0.04261545
31079,0.10114988
31080,0.61182797
31081,0.036896504
31082,0.0946813
31083,0.39732453
31084,0.23146392
31085,0.017983017
31086,0.006130747
31087,0.061974343
31088,0.07212281
31089,0.26021072
31090,0.38294923
31091,0.009364035
31092,0.10942029
31093,0.114319496
31094,0.26251543
31095,0.14097846
31096,0.13893075
31097,0.15282094
31098,0.36384383
31099,0.101201236
31100,0.020531336
31101,0.09898788
31102,0.09800515
31103,0.068593204
31104,0.20940834
31105,0.94817054
31106,0.053471006
31107,0.42301062
31108,0.015278727
31109,0.09188884
31110,0.25903907
31111,0.034601282
31112,0.07838074
31113,0.09325642
31114,0.02440142
31115,0.079288505
31116,0.4950639
31117,0.13356473
31118,0.08622633
31119,0.2678461
31120,0.136451
31121,0.25604123
31122,0.3910735
31123,0.4125254
31124,0.24186023
31125,0.11912485
31126,0.099774644
31127,0.9307164
31128,0.4171916
31129,0.44475397
31130,0.027845662
31131,0.15423413
31132,0.11220613
31133,0.027122486
31134,0.025699586
31135,0.010686267
31136,0.06949419
31137,0.011859733
31138,0.007795779
31139,0.0056631444
31140,0.037300114
31141,0.087178856
31142,0.110382974
31143,0.11435644
31144,0.1324333
31145,0.13252449
31146,0.23971936
31147,0.22859244
31148,0.024318963
31149,0.11990839
31150,0.3932751
31151,0.017382927
31152,0.04691947
31153,0.9867855
31154,0.95758444
31155,0.7186937
31156,0.0
31157,0.025783459
31158,0.12763609
31159,0.40397567
31160,0.09048612
31161,0.080688454
31162,0.043621473
31163,0.012563526
31164,0.06765502
31165,0.08699082
31166,0.059406526
31167,0.022933658
31168,0.40726516
31169,0.002180421
31170,0.038781386
31171,0.10324065
31172,0.104543746
31173,0.058252078
31174,0.06692807
31175,0.4071018
31176,0.157026
31177,0.02083634
31178,0.16738482
31179,0.13204455
31180,0.13962159
31181,1.0
31182,0.84966624
31183,0.8050082
31184,0.027678251
31185,0.13387337
31186,0.027426805
31187,0.015808424
31188,0.4457733
31189,0.09384932
31190,0.20484369
31191,0.06965948
31192,0.14209259
31193,0.029606318
31194,0.16579616
31195,0.1300881
31196,0.13838154
31197,0.18444596
31198,0.49268004
31199,0.45451277
31200,0.2505137
31201,0.1349457
31202,0.091919675
31203,0.06935955
31204,0.10031982
31205,0.078864306
31206,0.050640155
31207,0.022868415
31208,0.14834902
31209,0.19677703
31210,0.109565616
31211,0.11356821
31212,0.02448083
31213,0.95147246
31214,1.0
31215,1.0
31216,0.13115405
31217,0.058635566
31218,0.10161024
31219,0.44386408
31220,0.032904536
31221,0.009215883
31222,0.024321033
31223,0.032433882
31224,0.053809024
31225,0.09650274
31226,0.061555434
31227,0.3891178
31228,1.0
31229,0.06438283
31230,0.09954707
31231,0.09528024
31232,0.1335596
31233,0.07592138
31234,0.39379433
31235,0.24342817
31236,0.026912764
31237,0.11634343
31238,0.116943516
31239,0.1305661
31240,0.04025535
31241,0.04362761
31242,0.39968407
31243,0.39923584
31244,0.22877601
31245,0.09918202
31246,0.02136108
31247,0.10106486
31248,0.018126804
31249,0.101226
31250,0.18429585
31251,0.049947634
31252,0.07473094
31253,0.044110775
31254,0.023673829
31255,0.027085388
31256,0.05042138
31257,0.07327826
31258,0.39564472
31259,0.58349216
31260,0.2460421
31261,0.16187747
31262,0.14104393
31263,0.14433178
31264,0.124906085
31265,0.5653137
31266,0.066212066
31267,0.04183244
31268,0.038201436
31269,0.1414617
31270,0.12399728
31271,0.19735739
31272,0.4847354
31273,0.30659562
31274,0.12872824
31275,0.9902258
31276,0.12315708
31277,0.014871375
31278,0.12999326
31279,0.24569334
31280,0.022041777
31281,0.04682182
31282,0.44515458
31283,0.06791585
31284,0.049111113
31285,0.062749684
31286,0.050792813
31287,0.10927933
31288,0.38380018
31289,0.26574826
31290,0.4316319
31291,0.2539611
31292,0.13498388
31293,0.13288707
31294,0.26596338
31295,0.024411261
31296,0.15598074
31297,0.08178675
31298,0.059584603
31299,0.5450591
31300,0.38130325
31301,0.091631226
31302,0.647323
31303,0.4060112
31304,0.09278195
31305,0.1561906
31306,0.09401023
31307,0.039625965
31308,0.0068956027
31309,0.012330554
31310,0.0064447746
31311,0.03990661
31312,0.060361747
31313,0.08184234
31314,0.092264466
31315,0.13295309
31316,0.40899068
31317,0.7203259
31318,0.40149036
31319,0.23942925
31320,0.41993508
31321,0.122354016
31322,0.100277714
31323,0.086445235
31324,0.15628533
31325,0.38951552
31326,0.07907607
31327,0.0244476
31328,0.08686612
31329,0.13310781
31330,0.02334946
31331,0.05828649
31332,0.11353903
31333,0.025848929
31334,0.013410309
31335,0.03971213
31336,0.010266278
31337,0.012110441
31338,0.04202782
31339,0.08323105
31340,0.06265812
31341,0.07558567
31342,0.38406718
31343,0.20937496
31344,0.40110686
31345,0.6168486
31346,0.5162089
31347,0.21173392
31348,0.23929992
31349,0.052138925
31350,0.018540643
31351,0.0757077
31352,0.12712978
31353,0.02133969
31354,1.0
31355,0.04229739
31356,0.019861836
31357,0.099480174
31358,0.08139004
31359,0.29749224
31360,0.0701132
31361,0.052002024
31362,0.043470975
31363,0.0910956
31364,0.090111166
31365,0.6897704
31366,0.39401844
31367,0.23976497
31368,1.0
31369,0.38839447
31370,0.44153044
31371,0.16912015
31372,0.039666746
31373,0.05924585
31374,0.080011696
31375,0.061928917
31376,0.015292253
31377,0.07365863
31378,0.40640453
31379,0.13209781
31380,0.40908325
31381,0.027784849
31382,0.09504652
31383,0.15638623
31384,0.11897478
31385,0.24298933
31386,0.045685027
31387,0.029020855
31388,0.012237451
31389,0.047332868
31390,0.13548484
31391,0.9956153
31392,0.40838253
31393,0.7123741
31394,0.3975727
31395,0.39244848
31396,0.16355386
31397,0.23369019
31398,0.13495694
31399,0.01005799
31400,0.004775399
31401,0.01688354
31402,0.08844403
31403,0.024398817
31404,0.15007924
31405,0.1297802
31406,0.16764219
31407,0.40217108
31408,0.02386534
31409,0.08091586
31410,0.40627176
31411,0.04496422
31412,0.09114971
31413,0.23370829
31414,0.03500438
31415,0.007319451
31416,0.23784135
31417,0.23645835
31418,0.08648112
31419,0.14333755
31420,0.0960772
31421,0.09427807
31422,0.041382898
31423,0.14389172
31424,0.11201178
31425,0.014721522
31426,0.16631266
31427,0.002712024
31428,0.11774975
31429,0.033742953
31430,0.0319326
31431,0.123291306
31432,0.051435158
31433,0.055626307
31434,0.053825933
31435,0.1713433
31436,0.41191822
31437,0.68677
31438,0.13524611
31439,0.023870422
31440,0.0046077184
31441,0.048806522
31442,0.101505324
31443,0.15542948
31444,0.00838316
31445,0.022052335
31446,0.02066666
31447,0.05080524
31448,0.021860898
31449,0.005772581
31450,0.021471987
31451,0.10920084
31452,0.114484295
31453,0.41458684
31454,0.03053845
31455,0.018233994
31456,0.05533637
31457,0.086759835
31458,0.102462925
31459,0.43118024
31460,0.13405582
31461,0.013705213
31462,0.15053217
31463,0.06588366
31464,0.012471479
31465,0.083682224
31466,0.14288105
31467,0.07409721
31468,0.012136237
31469,0.011326788
31470,0.21112682
31471,0.020868927
31472,0.0088373
31473,0.0042277197
31474,0.03674103
31475,0.13467748
31476,0.084511176
31477,0.05490579
31478,0.027148932
31479,0.034610774
31480,0.071247086
31481,0.31395993
31482,0.045791898
31483,0.025748553
31484,0.053530205
31485,0.038357884
31486,0.07527459
31487,0.2443783
31488,0.066527024
31489,0.18480766
31490,0.07988857
31491,0.028605327
31492,0.015640277
31493,0.100857206
31494,0.08130945
31495,0.053104013
31496,0.26101318
31497,0.002568235
31498,0.24052435
31499,0.020783216
31500,0.07254241
31501,0.10603638
31502,0.28152895
31503,0.5440616
31504,0.1440378
31505,0.08946286
31506,0.11123273
31507,0.09206835
31508,0.10112128
31509,0.15182723
31510,0.11540681
31511,0.09523827
31512,1.0
31513,0.022518964
31514,0.09676307
31515,0.019169692
31516,0.07872602
31517,0.08375027
31518,0.015920794
31519,0.033668634
31520,0.091017045
31521,0.4508816
31522,0.10593479
31523,0.24510413
31524,0.030397294
31525,0.097109325
31526,0.026461413
31527,0.08382465
31528,0.045198023
31529,0.054789536
31530,0.06407894
31531,0.0788798
31532,0.03686864
31533,0.10120915
31534,0.013272728
31535,0.12452924
31536,0.036860198
31537,0.03838295
31538,0.019392408
31539,0.046975374
31540,0.09476132
31541,0.10589498
31542,0.022985103
31543,0.041850854
31544,0.98872477
31545,0.06566989
31546,0.11048082
31547,0.06275423
31548,0.03871892
31549,0.05541722
31550,0.0513051
31551,0.023509298
31552,0.4022809
31553,0.040444996
31554,0.004089686
31555,0.00074604945
31556,0.019715352
31557,0.010802005
31558,0.07361587
31559,0.104649596
31560,0.02226759
31561,0.09901874
31562,0.04084113
31563,0.02171258
31564,0.073250405
31565,0.38879177
31566,0.02158968
31567,0.018004972
31568,0.023782365
31569,0.07366521
31570,0.2420311
31571,0.09086679
31572,0.018797996
31573,0.019277502
31574,0.109102204
31575,0.17723043
31576,0.18572125
31577,0.08092176
31578,0.06693491
31579,0.079987764
31580,0.020587081
31581,0.08049447
31582,0.25636277
31583,0.24834487
31584,0.007869297
31585,0.033598926
31586,0.018876543
31587,0.0060158963
31588,0.012512246
31589,0.012328511
31590,0.012891137
31591,0.038432837
31592,0.054971877
31593,0.09570006
31594,0.116926886
31595,0.012449136
31596,0.024728108
31597,0.17193565
31598,0.0045830966
31599,0.29864022
31600,0.03398568
31601,0.012260597
31602,0.009888483
31603,0.035956092
31604,0.032746673
31605,0.024812018
31606,0.047619008
31607,0.012929343
31608,0.10429006
31609,0.028046772
31610,0.03451156
31611,0.021148004
31612,0.0486553
31613,0.017202146
31614,0.015957382
31615,0.12162492
31616,0.039031345
31617,0.044449657
31618,0.016182885
31619,0.04914671
31620,0.11751297
31621,0.018913196
31622,0.008572151
31623,0.44456914
31624,0.06330725
31625,0.10110139
31626,0.10811504
31627,0.07248562
31628,0.043461684
31629,0.011140419
31630,0.13533026
31631,0.019774145
31632,0.15602683
31633,0.0
31634,0.15164955
31635,0.031340446
31636,0.028221568
31637,0.05069341
31638,0.035160113
31639,0.022242064
31640,0.014567232
31641,0.046282593
31642,0.008586722
31643,0.011704027
31644,0.0045268605
31645,0.01008116
31646,0.100903645
31647,0.11454236
31648,0.023986045
31649,0.19818832
31650,0.031465847
31651,0.018195935
31652,0.022593811
31653,0.075556524
31654,0.0105113685
31655,0.043780565
31656,0.034622867
31657,0.18883623
31658,0.23280437
31659,0.011799953
31660,0.104120374
31661,0.01816043
31662,0.020216208
31663,0.029318232
31664,0.047391243
31665,0.029817402
31666,0.036839053
31667,0.07447481
31668,0.009367375
31669,0.021920905
31670,0.008680017
31671,0.028524766
31672,0.04527851
31673,0.11715779
31674,0.054749385
31675,0.38709256
31676,0.084095314
31677,0.26617697
31678,0.37534946
31679,0.38408184
31680,0.029748023
31681,0.031225774
31682,0.251917
31683,0.123378545
31684,0.39424583
31685,0.058633856
31686,0.2559124
31687,0.051681228
31688,0.013674394
31689,0.25976288
31690,0.031944156
31691,0.28473103
31692,0.8016112
31693,0.27012396
31694,0.06657221
31695,0.057072256
31696,0.16197382
31697,0.10714336
31698,0.025564231
31699,0.07441905
31700,0.0405284
31701,0.1061463
31702,0.29898822
31703,0.64543486
31704,0.609519
31705,0.025917392
31706,0.060058597
31707,0.10074425
31708,0.2884126
31709,0.09735978
31710,0.032512605
31711,0.12791349
31712,0.11617623
31713,0.38115656
31714,0.15042216
31715,0.26633435
31716,0.6379293
31717,0.14224961
31718,0.025545856
31719,0.61869216
31720,0.023335265
31721,0.09052278
31722,0.30677912
31723,0.09591828
31724,0.0712851
31725,0.03488609
31726,0.13589415
31727,0.02641244
31728,0.14019997
31729,0.14276198
31730,0.13094856
31731,0.045449436
31732,0.04846531
31733,0.08372906
31734,0.28502473
31735,0.09068612
31736,0.0007993564
31737,0.042675547
31738,0.06893542
31739,0.08153109
31740,0.14290164
31741,0.037644435
31742,0.063475214
31743,0.043494623
31744,0.021240164
31745,0.29043853
31746,0.13414393
31747,0.39917928
31748,0.0030190712
31749,0.04712292
31750,0.051286403
31751,0.004311724
31752,0.011990603
31753,0.5346812
31754,0.16228431
31755,0.095129006
31756,0.40004724
31757,0.59805197
31758,0.0
31759,0.09896582
31760,0.0974312
31761,0.016668057
31762,0.030380202
31763,0.050159216
31764,0.06756283
31765,0.10223713
31766,0.085529834
31767,0.386645
31768,0.48533985
31769,0.09743097
31770,0.0573012
31771,0.0022635486
31772,0.03240421
31773,0.022422163
31774,0.052178062
31775,0.40593293
31776,0.028180903
31777,0.049894053
31778,0.0031666607
31779,0.10193665
31780,0.050385438
31781,0.31077895
31782,0.5973299
31783,0.16331443
31784,0.020382104
31785,0.06936036
31786,0.09643766
31787,0.032927614
31788,0.01373701
31789,0.19372226
31790,0.24346766
31791,0.10101387
31792,0.12340802
31793,0.10224644
31794,0.027440377
31795,0.03899282
31796,0.04358263
31797,0.045574997
31798,0.045882337
31799,0.13041437
31800,0.086728625
31801,0.19095497
31802,0.024342878
31803,0.04736508
31804,0.042326853
31805,0.027504727
31806,0.03360885
31807,0.04116228
31808,0.065819554
31809,0.015624665
31810,0.023699395
31811,0.06065123
31812,0.4972402
31813,0.39353427
31814,0.05150341
31815,0.043886404
31816,0.042012673
31817,0.1314929
31818,0.09835807
31819,0.025764005
31820,0.0631318
31821,0.014857954
31822,0.035954442
31823,0.22912906
31824,0.057055406
31825,0.039530765
31826,0.0581359
31827,0.0895446
31828,0.08903409
31829,0.41053936
31830,0.23556353
31831,0.23220429
31832,0.0598334
31833,0.062195886
31834,0.026729513
31835,0.06742567
31836,0.054581184
31837,0.37428865
31838,0.07394968
31839,0.41085833
31840,0.092614956
31841,0.013690811
31842,0.115825504
31843,0.054592375
31844,0.06381672
31845,0.023492465
31846,0.01684398
31847,0.08915882
31848,0.03023323
31849,0.041824065
31850,0.12828055
31851,0.056781776
31852,0.101364106
31853,0.07485306
31854,0.13278341
31855,0.23772572
31856,0.3800667
31857,0.10965654
31858,0.038652156
31859,0.095577255
31860,0.02301386
31861,0.06129751
31862,0.0929836
31863,0.07682749
31864,0.10482968
31865,0.053014677
31866,0.124435894
31867,0.055073977
31868,0.07922567
31869,0.028315825
31870,0.023562936
31871,0.19447644
31872,0.012999259
31873,0.03105876
31874,0.10023508
31875,0.04791726
31876,0.01712486
31877,0.012839496
31878,0.042754184
31879,0.045028787
31880,0.12088601
31881,0.080642894
31882,0.13935913
31883,0.13196716
31884,0.37781894
31885,0.37629163
31886,0.23993374
31887,0.0051107323
31888,0.10008756
31889,0.011104423
31890,0.06879641
31891,0.06570388
31892,0.100205645
31893,0.025325146
31894,0.075244844
31895,0.060157705
31896,0.00697672
31897,0.06152181
31898,0.087543115
31899,0.04055373
31900,0.05306653
31901,0.022200026
31902,0.025202764
31903,0.029979931
31904,0.0023197073
31905,0.12871942
31906,0.018533962
31907,0.062443595
31908,0.19603358
31909,0.07581703
31910,0.14320208
31911,0.4818554
31912,0.11671991
31913,0.13799402
31914,0.074910484
31915,0.11847025
31916,0.071642004
31917,0.10178745
31918,0.058213662
31919,0.020361366
31920,0.291787
31921,0.08948779
31922,0.07255934
31923,0.081151515
31924,0.06764399
31925,0.02556647
31926,0.01176179
31927,0.029783709
31928,0.066441044
31929,0.3447138
31930,0.07587587
31931,0.07037323
31932,0.10592233
31933,0.72686666
31934,0.09523409
31935,0.020865835
31936,0.15875423
31937,0.08004084
31938,0.13613337
31939,0.3126957
31940,0.06264859
31941,0.021436902
31942,0.063005425
31943,0.12537816
31944,0.10630911
31945,0.17567615
31946,0.055482853
31947,0.13519946
31948,0.097373284
31949,0.009057968
31950,0.07258842
31951,0.010188337
31952,0.028365059
31953,0.03930633
31954,0.13147992
31955,0.07477664
31956,0.023907857
31957,0.12952252
31958,0.14547421
31959,0.25898275
31960,0.109098874
31961,0.043192755
31962,0.1309496
31963,0.22950138
31964,0.2384631
31965,0.06620369
31966,0.072279185
31967,0.04278188
31968,0.09309937
31969,0.5716856
31970,0.053284373
31971,0.13789521
31972,0.38958555
31973,0.22793098
31974,0.02602816
31975,0.0
31976,0.006828697
31977,0.05998683
31978,0.07123504
31979,0.39618322
31980,0.38291317
31981,0.0787841
31982,0.11522599
31983,0.23618735
31984,0.2683536
31985,0.14202008
31986,0.15472578
31987,0.37947392
31988,0.097634114
31989,0.054103065
31990,0.10592194
31991,0.0963043
31992,0.31778827
31993,0.9461994
31994,0.0018044586
31995,0.04978875
31996,0.39407328
31997,0.020110436
31998,0.059042305
31999,0.25853977
32000,0.010798656
32001,0.024204962
32002,0.06795047
32003,0.08346127
32004,0.02375791
32005,0.066807024
32006,0.0031736118
32007,0.45727202
32008,0.05446164
32009,0.08796418
32010,0.38311705
32011,0.13962045
32012,0.19383672
32013,0.35513225
32014,0.37860253
32015,0.18431522
32016,0.08942056
32017,0.11695946
32018,0.9412649
32019,0.4116617
32020,0.42292476
32021,0.0025548863
32022,0.032721773
32023,0.23453495
32024,0.0
32025,0.066459015
32026,0.02525004
32027,0.024442546
32028,0.06547014
32029,0.011751872
32030,0.028321369
32031,0.083813936
32032,0.11014706
32033,0.09951502
32034,0.13328607
32035,0.10511518
32036,0.23544428
32037,0.25621158
32038,0.087195784
32039,0.26510492
32040,0.024215482
32041,0.071530126
32042,0.9959781
32043,0.94185776
32044,0.7412534
32045,0.0
32046,0.022424694
32047,0.16132669
32048,0.44081464
32049,0.08626362
32050,0.062710665
32051,0.03371283
32052,0.05500613
32053,0.059137862
32054,0.07154354
32055,0.011821611
32056,0.3914848
32057,0.016560324
32058,0.039096285
32059,0.086132474
32060,0.106669426
32061,0.05929679
32062,0.06112131
32063,0.3875834
32064,0.21931833
32065,0.027587488
32066,0.23365912
32067,0.11684877
32068,0.105838194
32069,1.0
32070,0.8045077
32071,0.6651131
32072,0.07063222
32073,0.035532605
32074,0.012848572
32075,0.46603623
32076,0.08848843
32077,0.23782246
32078,0.0527095
32079,0.133509
32080,0.036335085
32081,0.12985167
32082,0.10930443
32083,0.1425961
32084,0.18745701
32085,0.4917942
32086,0.53427166
32087,0.26296568
32088,0.1364822
32089,0.092242666
32090,0.06803484
32091,0.09196725
32092,0.062854305
32093,0.04298026
32094,0.20256042
32095,0.15175629
32096,0.06521117
32097,0.18101943
32098,0.022933615
32099,0.9799074
32100,0.9993399
32101,0.9927021
32102,0.08467691
32103,0.04602869
32104,0.23486976
32105,0.49684206
32106,0.020313913
32107,0.026962196
32108,0.03258742
32109,0.05241355
32110,0.09559615
32111,0.06507064
32112,0.38662574
32113,1.0
32114,0.07114295
32115,0.13638778
32116,0.08003311
32117,0.13663307
32118,0.06859444
32119,0.23566845
32120,0.2543654
32121,0.023292892
32122,0.089962006
32123,0.10934578
32124,0.12248128
32125,0.067363985
32126,0.03391839
32127,0.425441
32128,0.378115
32129,0.23330274
32130,0.086157754
32131,0.014806515
32132,0.08575779
32133,0.0024994523
32134,0.09053086
32135,0.24040863
32136,0.048893023
32137,0.054697853
32138,0.04355723
32139,0.022423655
32140,0.029931584
32141,0.058142997
32142,0.055416487
32143,0.38936126
32144,0.51889426
32145,0.24254954
32146,0.14099844
32147,0.111470856
32148,0.13738896
32149,0.12520528
32150,0.5619069
32151,0.07553383
32152,0.028902045
32153,0.047315784
32154,0.03857201
32155,0.12625635
32156,0.16878505
32157,0.18775485
32158,0.4385346
32159,0.38300702
32160,0.11345122
32161,1.0
32162,0.14264749
32163,0.0017123981
32164,0.24663842
32165,0.17505448
32166,0.03008553
32167,0.066815734
32168,0.39707804
32169,0.05812672
32170,0.041250505
32171,0.04362886
32172,0.054935664
32173,0.114003554
32174,0.3954748
32175,0.38348272
32176,0.43207073
32177,0.3925715
32178,0.1368549
32179,0.12770523
32180,0.38498238
32181,0.024831409
32182,0.16328214
32183,0.10091488
32184,0.06720672
32185,0.5315478
32186,0.23891865
32187,0.05144943
32188,0.47149342
32189,0.3092019
32190,0.16277777
32191,0.12297607
32192,0.12619586
32193,0.04231867
32194,0.0047857487
32195,0.028537523
32196,0.060188327
32197,0.08688252
32198,0.09331049
32199,0.09614692
32200,0.40264562
32201,0.71715254
32202,0.37461993
32203,0.39262888
32204,0.39752215
32205,0.1054452
32206,0.074393906
32207,0.08239557
32208,0.23115073
32209,0.37000644
32210,0.10017633
32211,0.019641299
32212,0.07636596
32213,0.11258873
32214,0.011841124
32215,0.048792116
32216,0.060850013
32217,0.014462513
32218,0.022021541
32219,0.020859059
32220,0.060739912
32221,0.085151434
32222,0.07243556
32223,0.09891317
32224,0.38037565
32225,0.19313201
32226,0.37190223
32227,0.63771635
32228,0.59780574
32229,0.38858068
32230,0.22713661
32231,0.0038663973
32232,0.06376371
32233,0.033913065
32234,0.051040687
32235,0.14378111
32236,0.0
32237,0.035470117
32238,1.0
32239,0.0885313
32240,0.02208355
32241,0.10324051
32242,0.089650884
32243,0.13677472
32244,0.050348625
32245,0.048712675
32246,0.0052786167
32247,0.047817297
32248,0.046189785
32249,0.08552078
32250,0.10900131
32251,0.6750555
32252,0.39570028
32253,0.23536935
32254,1.0
32255,0.40655574
32256,0.4291334
32257,0.12391384
32258,0.039788075
32259,0.037406612
32260,0.03758148
32261,0.07195751
32262,0.055366788
32263,0.056178443
32264,0.07730885
32265,0.42180943
32266,0.10978471
32267,0.38199848
32268,0.027331699
32269,0.1281684
32270,0.10931502
32271,0.19547279
32272,0.16305485
32273,0.064444624
32274,0.028196346
32275,0.045851346
32276,0.13252765
32277,1.0
32278,0.39035833
32279,0.7758182
32280,0.38562506
32281,0.3828366
32282,0.15617977
32283,0.2415874
32284,0.057836264
32285,0.02271863
32286,0.021036064
32287,0.04884378
32288,0.021044157
32289,0.14326362
32290,0.120913975
32291,0.14403109
32292,0.28878936
32293,0.027161872
32294,0.075949125
32295,0.38119525
32296,0.053361863
32297,0.07046351
32298,0.0057981
32299,0.00371234
32300,0.09053743
32301,0.3937977
32302,0.031925585
32303,0.1626959
32304,0.1339019
32305,0.09802178
32306,0.13520043
32307,0.110984564
32308,0.06621017
32309,0.039492514
32310,0.1340282
32311,0.11300987
32312,0.05386085
32313,0.011722061
32314,0.18402688
32315,0.01226979
32316,0.08935489
32317,0.041584827
32318,0.038080964
32319,0.13428782
32320,0.046294965
32321,0.06920179
32322,0.008557437
32323,0.050813675
32324,0.17327224
32325,0.40628916
32326,0.6684629
32327,0.1881474
32328,0.02770038
32329,0.027993668
32330,0.061836444
32331,0.008651482
32332,0.07349884
32333,0.23003285
32334,0.017935487
32335,0.07799913
32336,0.0
32337,0.05156203
32338,0.027100481
32339,0.025630694
32340,0.09763463
32341,0.07060406
32342,0.44574848
32343,0.013444741
32344,0.022967689
32345,0.04105887
32346,0.078968465
32347,0.10598379
32348,0.38984704
32349,0.16754234
32350,0.0015923106
32351,0.23539145
32352,0.044483416
32353,0.07503887
32354,0.16698171
32355,0.067564
32356,0.002590599
32357,0.019164693
32358,0.0024224008
32359,0.30718753
32360,0.08904974
32361,0.015425512
32362,0.006012359
32363,0.03908512
32364,0.13715254
32365,0.054341808
32366,0.0517783
32367,0.027458705
32368,0.04272393
32369,0.06100459
32370,0.24930918
32371,0.044774905
32372,0.022210406
32373,0.052342106
32374,0.06776757
32375,0.069776565
32376,0.24767758
32377,0.090491824
32378,0.24633083
32379,0.09754951
32380,0.025106324
32381,0.016169727
32382,0.05444205
32383,0.1101067
32384,0.032590188
32385,0.3866644
32386,0.00018511966
32387,0.14722493
32388,0.021569049
32389,0.079649694
32390,0.0619239
32391,0.015482982
32392,0.2712376
32393,0.5556199
32394,0.26727143
32395,0.11213605
32396,0.109712124
32397,0.04448197
32398,0.09321351
32399,0.13427116
32400,0.1079607
32401,0.099883944
32402,0.9958959
32403,0.0050834273
32404,0.10022557
32405,0.011258805
32406,0.10574392
32407,0.08017634
32408,0.014918513
32409,0.17647894
32410,0.43402869
32411,0.086232655
32412,0.23599182
32413,0.023714673
32414,0.09585212
32415,0.034540627
32416,0.09455058
32417,0.04268076
32418,0.0057604713
32419,0.035674218
32420,0.0646552
32421,0.07767383
32422,0.025765887
32423,0.0147709735
32424,0.057379037
32425,0.14777501
32426,0.048969332
32427,0.09495447
32428,0.019300105
32429,0.032442946
32430,0.10013737
32431,0.08364649
32432,0.030980863
32433,0.028777169
32434,0.0768652
32435,0.9818335
32436,0.046892382
32437,0.15956222
32438,0.0627813
32439,0.043454215
32440,0.05693605
32441,0.056061763
32442,0.013128611
32443,0.03254789
32444,0.4143298
32445,0.037369706
32446,0.020492708
32447,0.25315103
32448,0.03081694
32449,0.12532605
32450,0.057156816
32451,0.0099419765
32452,0.063973695
32453,0.37123698
32454,0.034785125
32455,0.02372647
32456,0.023259431
32457,0.05932364
32458,0.0066902703
32459,0.034549918
32460,0.38975072
32461,0.056609944
32462,0.016418045
32463,0.11347995
32464,0.1391375
32465,0.14323859
32466,0.106996335
32467,0.07164873
32468,0.031641115
32469,0.098470084
32470,0.019110013
32471,0.105030455
32472,0.22774589
32473,0.2273855
32474,0.04913481
32475,0.001404129
32476,0.0099249715
32477,0.023674635
32478,0.019420981
32479,0.02006493
32480,0.1055945
32481,0.06962978
32482,0.11876309
32483,0.0051415768
32484,0.15917839
32485,0.0025111905
32486,0.28983217
32487,0.0022131912
32488,0.03136371
32489,0.006698773
32490,0.04888747
32491,0.01018727
32492,0.026055176
32493,0.038191427
32494,0.0020977282
32495,0.0244105
32496,0.03111746
32497,0.0031716272
32498,0.035737116
32499,0.04095999
32500,0.009075941
32501,0.05441052
32502,0.009104067
32503,0.0
32504,0.16172153
32505,0.03447993
32506,0.04276655
32507,0.032383982
32508,0.023689762
32509,0.11308363
32510,0.017323732
32511,0.0029566824
32512,0.00609233
32513,0.33276576
32514,0.11359439
32515,0.08583971
32516,0.119223684
32517,0.00039056892
32518,0.09161125
32519,0.039545905
32520,0.019851819
32521,0.15108669
32522,0.021894433
32523,0.13737355
32524,0.16473526
32525,0.021794224
32526,0.027906604
32527,0.055562947
32528,0.04281562
32529,0.022526452
32530,0.005285009
32531,0.0031010697
32532,0.013083542
32533,0.004710062
32534,0.011609012
32535,0.053083804
32536,0.0050813253
32537,0.010913079
32538,0.003112017
32539,0.13435587
32540,0.07594954
32541,0.002847674
32542,0.18656349
32543,0.020641759
32544,0.017638441
32545,0.023664964
32546,0.06400357
32547,0.021710772
32548,0.039672043
32549,0.05211067
32550,0.015056987
32551,0.014498842
32552,0.028917028
32553,0.30706328
32554,0.25325042
32555,0.16121636
32556,0.0
32557,0.018761115
32558,0.014221871
32559,0.018294713
32560,0.02201796
32561,0.046941984
32562,0.035670932
32563,0.024059134
32564,0.026831312
32565,0.053770583
32566,0.020585043
32567,0.0095892865
32568,0.10228123
32569,0.032735117
32570,0.12906761
32571,0.060057003
32572,0.061424766
32573,0.036571395
32574,0.35498035
32575,0.07521485
32576,0.12068753
32577,0.021109581
32578,0.25856665
32579,0.39431897
32580,0.027702222
32581,0.032352768
32582,0.2686664
32583,0.14638601
32584,0.39590445
32585,0.060250208
32586,0.3650989
32587,0.13702847
32588,0.15921819
32589,0.8037235
32590,0.17561166
32591,0.067594424
32592,0.06968088
32593,0.32984957
32594,0.13393016
32595,0.025623325
32596,0.07806793
32597,0.012111742
32598,0.036038093
32599,0.10881877
32600,0.28756046
32601,0.66157204
32602,0.6394797
32603,0.023249427
32604,0.06702608
32605,0.11047322
32606,0.1983066
32607,0.10009978
32608,0.032163955
32609,0.14267774
32610,0.12173151
32611,0.032629997
32612,0.39534923
32613,0.1696959
32614,0.27156827
32615,0.64631873
32616,0.12872882
32617,0.022501249
32618,0.61268234
32619,0.10322373
32620,0.3168572
32621,0.10494716
32622,0.080852434
32623,0.03581278
32624,0.1483526
32625,0.078926235
32626,0.24674013
32627,0.24415703
32628,0.044586387
32629,0.047035452
32630,0.09556476
32631,0.29114503
32632,0.10007338
32633,0.046456914
32634,0.074883565
32635,0.08903946
32636,0.14473583
32637,0.038888305
32638,0.06718187
32639,0.0
32640,0.033149406
32641,0.039506923
32642,0.28035268
32643,0.1391898
32644,0.39074233
32645,0.042342078
32646,0.05655656
32647,0.02164545
32648,0.0064517455
32649,0.5578069
32650,0.17085226
32651,0.09314485
32652,0.38435927
32653,0.6439459
32654,0.100614674
32655,0.10284208
32656,0.016331716
32657,0.024765912
32658,0.05086464
32659,0.11396935
32660,0.12988636
32661,0.2812524
32662,0.50922245
32663,0.09728621
32664,0.06247764
32665,0.029673563
32666,0.02084005
32667,0.05683868
32668,0.29956877
32669,0.023380034
32670,0.051196158
32671,0.0052340017
32672,0.006677273
32673,0.09867578
32674,0.060632683
32675,0.026804158
32676,0.30428207
32677,0.56185246
32678,0.18438601
32679,0.019682728
32680,0.0751434
32681,0.11244551
32682,0.035594847
32683,0.18889393
32684,0.17061931
32685,0.10316669
32686,0.124286875
32687,0.105304845
32688,0.04663314
32689,0.049825694
32690,0.050905474
32691,0.1377469
32692,0.093928106
32693,0.17930844
32694,0.024369357
32695,0.04689819
32696,0.04247781
32697,0.028143276
32698,0.037057515
32699,0.042214006
32700,0.06794608
32701,0.023296366
32702,0.06088499
32703,0.5160984
32704,0.36203194
32705,0.06122656
32706,0.039949905
32707,0.12959686
32708,0.10220757
32709,0.02453924
32710,0.06110653
32711,0.015464538
32712,0.03646034
32713,0.2346844
32714,0.05750206
32715,0.044979155
32716,0.06206169
32717,0.094122946
32718,0.092984684
32719,0.37165505
32720,0.38385418
32721,0.36694443
32722,0.06070434
32723,0.062462274
32724,0.027702264
32725,0.071945585
32726,0.053310547
32727,0.2392503
32728,0.078927
32729,0.41293517
32730,0.100268684
32731,0.020420073
32732,0.11942098
32733,0.051926456
32734,0.06267724
32735,0.022015927
32736,0.008606712
32737,0.104779586
32738,0.026606828
32739,0.044484496
32740,0.12994383
32741,0.05669816
32742,0.14895461
32743,0.078746706
32744,0.13784511
32745,0.23529875
32746,0.37994912
32747,0.119579874
32748,0.041232757
32749,0.09041793
32750,0.02097268
32751,0.060148362
32752,0.025079375
32753,0.006915812
32754,0.107756756
32755,0.081377454
32756,0.10180082
32757,0.058512997
32758,0.13374038
32759,0.05944634
32760,0.079602756
32761,0.02618201
32762,0.017567191
32763,0.18719426
32764,0.11435477
32765,0.0484889
32766,0.01335134
32767,0.040292896
32768,0.04394181
32769,0.13338879
32770,0.07840761
32771,0.14046457
32772,0.13096671
32773,0.36208722
32774,0.23838508
32775,0.24621183
32776,0.00739217
32777,0.10856237
32778,0.070570275
32779,0.07118823
32780,0.0893439
32781,0.07778019
32782,0.056444705
32783,0.010474031
32784,0.06396602
32785,0.08844339
32786,0.041165635
32787,0.05034092
32788,0.027066844
32789,0.13609135
32790,0.02160105
32791,0.073514014
32792,0.19613576
32793,0.07176284
32794,0.13967389
32795,0.47482127
32796,0.11563714
32797,0.1923645
32798,0.07670496
32799,0.117735036
32800,0.071450755
32801,0.10500004
32802,0.059464265
32803,0.012906808
32804,0.02045915
32805,0.2826718
32806,0.09728917
32807,0.07394667
32808,0.08360031
32809,0.06851601
32810,0.025933262
32811,0.013591688
32812,0.029455375
32813,0.06500045
32814,0.53026426
32815,0.07520107
32816,0.073760614
32817,0.1001973
32818,0.8182187
32819,0.09168708
32820,0.02184554
32821,0.15774836
32822,0.07569891
32823,0.12814507
32824,0.31439278
32825,0.062432446
32826,0.019980706
32827,0.07000078
32828,0.1486646
32829,0.10902339
32830,0.23714963
32831,0.060105935
32832,0.2245877
32833,0.091154575
32834,0.007980844
32835,0.067080595
32836,0.03745829
32837,0.1425045
32838,0.07420468
32839,0.024853097
32840,0.12849277
32841,0.13796343
32842,0.2481142
32843,0.10962365
32844,0.045001335
32845,0.12519646
32846,0.14894767
32847,0.22720373
32848,0.06839273
32849,0.016187118
32850,0.068228886
32851,0.041814987
32852,0.1134967
32853,0.6129485
32854,0.049816042
32855,0.1335588
32856,0.40208232
32857,0.23139398
32858,0.0246192
32859,0.016324319
32860,0.007345689
32861,0.05875061
32862,0.076209255
32863,0.36994696
32864,0.37472728
32865,0.078986056
32866,0.11349012
32867,0.14258255
32868,0.13926804
32869,0.14259899
32870,0.14328754
32871,0.3813686
32872,0.09508006
32873,0.053831965
32874,0.11471012
32875,0.09052381
32876,0.20271826
32877,0.95544046
32878,0.050986744
32879,0.38257092
32880,0.018407913
32881,0.057361104
32882,0.25450626
32883,0.023215506
32884,0.072269574
32885,0.08533876
32886,0.023082562
32887,0.06630707
32888,0.48943514
32889,0.056756057
32890,0.09025004
32891,0.37264237
32892,0.13390028
32893,0.1970693
32894,0.37715212
32895,0.3840443
32896,0.029424602
32897,0.181649
32898,0.08260516
32899,0.11471027
32900,0.94781816
32901,0.44035533
32902,0.42432392
32903,0.029311143
32904,0.22932279
32905,0.07254142
32906,0.02838896
32907,0.021074021
32908,0.023205003
32909,0.011910219
32910,0.061499093
32911,0.010153701
32912,0.02931243
32913,0.08917432
32914,0.107170545
32915,0.09579179
32916,0.13143197
32917,0.09895313
32918,0.23681016
32919,0.24189287
32920,0.030846559
32921,0.08808879
32922,0.2668395
32923,0.026508152
32924,0.08021945
32925,0.9784824
32926,0.9397473
32927,0.7790682
32928,0.0
32929,0.026605224
32930,0.16704987
32931,0.41251293
32932,0.094573736
32933,0.06635412
32934,0.056223202
32935,0.06261296
32936,0.066481255
32937,0.012546095
32938,0.39836967
32939,0.018246368
32940,0.03902977
32941,0.09584112
32942,0.109384574
32943,0.05718441
32944,0.06814344
32945,0.37419322
32946,0.22557253
32947,0.026757019
32948,0.118618496
32949,0.120850146
32950,0.10384025
32951,0.9961975
32952,0.75289166
32953,0.74253094
32954,0.0012040841
32955,0.01823478
32956,0.07271035
32957,0.03111319
32958,0.45872584
32959,0.10540097
32960,0.23325069
32961,0.0517186
32962,0.14352258
32963,0.03703746
32964,0.142106
32965,0.11251564
32966,0.2698125
32967,0.20570497
32968,0.45874012
32969,0.53156173
32970,0.25667584
32971,0.14053667
32972,0.09626426
32973,0.07071148
32974,0.08497518
32975,0.062677905
32976,0.04313051
32977,0.10260377
32978,0.15219449
32979,0.0662126
32980,0.18669362
32981,0.021967113
32982,0.99272895
32983,1.0
32984,1.0
32985,0.08242386
32986,0.04462005
32987,0.23085652
32988,0.5113625
32989,0.024009733
32990,0.023802413
32991,0.032949213
32992,0.05325883
32993,0.09935899
32994,0.063074954
32995,0.36988804
32996,1.0
32997,0.0706335
32998,0.13250917
32999,0.081525035
33000,0.13223436
33001,0.07147772
33002,0.22218305
33003,0.25070712
33004,0.08448775
33005,0.10748944
33006,0.12761116
33007,0.06902615
33008,0.033082653
33009,0.38337645
33010,0.3709984
33011,0.22865744
33012,0.088396534
33013,0.016692301
33014,0.08437979
33015,0.10054614
33016,0.16026354
33017,0.05745175
33018,0.055148672
33019,0.04274412
33020,0.02872586
33021,0.061268345
33022,0.054412797
33023,0.39067486
33024,0.5334278
33025,0.2356956
33026,0.13067739
33027,0.10484444
33028,0.13088204
33029,0.12506647
33030,0.57868254
33031,0.0705265
33032,0.030734029
33033,0.048164733
33034,0.038057808
33035,0.12617898
33036,0.15726146
33037,0.18958092
33038,0.44941524
33039,0.25734746
33040,0.09865868
33041,0.9928076
33042,0.2312306
33043,0.22817929
33044,0.234481
33045,0.029445156
33046,0.07094511
33047,0.42333502
33048,0.061147068
33049,0.041177295
33050,0.047028713
33051,0.06007559
33052,0.112740934
33053,0.374649
33054,0.37062323
33055,0.2696067
33056,0.37794468
33057,0.14175731
33058,0.12652156
33059,0.36508363
33060,0.023962582
33061,0.16572173
33062,0.09379327
33063,0.070355676
33064,0.5010841
33065,0.23095477
33066,0.05086699
33067,0.48399326
33068,0.38268963
33069,0.16228734
33070,0.12556276
33071,0.12829544
33072,0.006664375
33073,0.013166569
33074,0.027994504
33075,0.061240613
33076,0.08899069
33077,0.09449237
33078,0.096250586
33079,0.38772774
33080,0.7048226
33081,0.38122955
33082,0.2325581
33083,0.42789719
33084,0.110382415
33085,0.08099176
33086,0.0780311
33087,0.1519495
33088,0.360003
33089,0.10956087
33090,0.016231745
33091,0.083427005
33092,0.115130045
33093,0.011531647
33094,0.0446406
33095,0.062218793
33096,0.023692606
33097,0.020649076
33098,0.08476366
33099,0.06787616
33100,0.095143005
33101,0.36216548
33102,0.1843398
33103,0.37524152
33104,0.64004546
33105,0.55561846
33106,0.24701595
33107,0.23225681
33108,0.07052407
33109,0.025580272
33110,0.050083634
33111,0.13440901
33112,0.03515664
33113,0.9989471
33114,0.091114245
33115,0.018979007
33116,0.097697504
33117,0.09020341
33118,0.15156083
33119,0.059021242
33120,0.057628144
33121,0.0071412954
33122,0.044764567
33123,0.025127858
33124,0.025427215
33125,0.048494153
33126,0.090548806
33127,0.10328725
33128,0.69239956
33129,0.37520334
33130,0.36937714
33131,1.0
33132,0.3780649
33133,0.42403042
33134,0.1330519
33135,0.037961192
33136,0.032374628
33137,0.035418946
33138,0.07488106
33139,0.055138484
33140,0.057885423
33141,0.08224118
33142,0.3967994
33143,0.09673507
33144,0.38817737
33145,0.030029422
33146,0.12017553
33147,0.111317575
33148,0.2049776
33149,0.23413058
33150,0.07307143
33151,0.026086012
33152,0.048803143
33153,0.14225799
33154,1.0
33155,0.35680977
33156,0.78025365
33157,0.37453395
33158,0.2618358
33159,0.15661944
33160,0.24343602
33161,0.06190396
33162,0.025479969
33163,0.04955004
33164,0.019765608
33165,0.15675494
33166,0.11675114
33167,0.14379275
33168,0.27918705
33169,0.024134086
33170,0.07886775
33171,0.25144494
33172,0.05654999
33173,0.007106412
33174,0.08318166
33175,0.36218485
33176,0.034036603
33177,0.3685451
33178,0.1275217
33179,0.101224236
33180,0.14288825
33181,0.11733092
33182,0.07268619
33183,0.041572794
33184,0.14051121
33185,0.121697195
33186,0.055344228
33187,0.014089691
33188,0.10761494
33189,0.0076666027
33190,0.0984051
33191,0.04323381
33192,0.04037616
33193,0.13634709
33194,0.045745745
33195,0.068739876
33196,0.050797574
33197,0.16784754
33198,0.38673452
33199,0.68600583
33200,0.19213249
33201,0.010583437
33202,0.02937858
33203,0.033084396
33204,0.06267123
33205,0.07546087
33206,0.12692581
33207,0.017090634
33208,0.08395387
33209,0.056822546
33210,0.028464265
33211,0.0210979
33212,0.0011229716
33213,0.09860976
33214,0.070915796
33215,0.3983839
33216,0.011162438
33217,0.01923603
33218,0.041194215
33219,0.080828995
33220,0.108053505
33221,0.42416844
33222,0.17100956
33223,0.0054958244
33224,0.019236067
33225,0.23469822
33226,0.005934898
33227,0.045804832
33228,0.008717197
33229,0.079097174
33230,0.16813828
33231,0.07109809
33232,0.021611633
33233,0.004641434
33234,0.30940694
33235,0.08628337
33236,0.010534243
33237,0.040946852
33238,0.12895325
33239,0.05488916
33240,0.053552903
33241,0.027357232
33242,0.043339044
33243,0.061462954
33244,0.37742195
33245,0.04271554
33246,0.024566002
33247,0.05066375
33248,0.07340742
33249,0.073545635
33250,0.19392118
33251,0.11024777
33252,0.38588002
33253,0.10855125
33254,0.023897441
33255,0.015695732
33256,0.056624517
33257,0.10518207
33258,0.03405276
33259,0.39483455
33260,0.0
33261,0.14840125
33262,0.02702162
33263,0.07846719
33264,0.061343033
33265,0.37381375
33266,0.5818055
33267,0.26320055
33268,0.12049219
33269,0.011003878
33270,0.116826385
33271,0.04762615
33272,0.09772264
33273,0.1395903
33274,0.11033693
33275,0.09701827
33276,1.0
33277,0.006539515
33278,0.09596487
33279,0.10150482
33280,0.0915599
33281,0.015934063
33282,0.17579591
33283,0.46113938
33284,0.086781524
33285,0.23366155
33286,0.024590531
33287,0.020327244
33288,0.09117692
33289,0.037076056
33290,0.09594153
33291,0.04553264
33292,0.038437027
33293,0.066175506
33294,0.079778545
33295,0.027981732
33296,0.060739767
33297,0.14583679
33298,0.049371254
33299,0.10256385
33300,0.018368086
33301,0.035064414
33302,0.094008885
33303,0.08016612
33304,0.033024438
33305,0.032722704
33306,0.081914455
33307,1.0
33308,0.049571738
33309,0.1694161
33310,0.06298139
33311,0.042332426
33312,0.056085184
33313,0.056728035
33314,0.01196447
33315,0.042106915
33316,0.3912021
33317,0.037478704
33318,0.0
33319,0.0
33320,0.055265456
33321,0.24312235
33322,0.026480487
33323,0.12703694
33324,0.05543803
33325,0.013248759
33326,0.0
33327,0.37220877
33328,0.029549265
33329,0.024414431
33330,0.0
33331,0.020906925
33332,0.059351828
33333,0.005239834
33334,0.03689858
33335,0.14872615
33336,0.058030315
33337,0.013144072
33338,0.12414953
33339,0.14722279
33340,0.13859655
33341,0.1061309
33342,0.07783812
33343,0.031021193
33344,0.1024101
33345,0.015296619
33346,0.11016439
33347,0.13593496
33348,0.15467988
33349,0.012038622
33350,0.03199326
33351,0.054766364
33352,0.024669304
33353,0.009774244
33354,0.02260281
33355,0.11348605
33356,0.07194566
33357,0.12511636
33358,0.16802199
33359,0.4170899
33360,0.003457957
33361,0.008445714
33362,0.047988158
33363,0.009466178
33364,0.026211822
33365,0.023335377
33366,0.035456244
33367,0.0026524242
33368,0.13835546
33369,0.038485494
33370,0.03982592
33371,0.010806706
33372,0.00018634359
33373,0.05658893
33374,0.015429119
33375,0.012227799
33376,0.0
33377,0.16965
33378,0.032909222
33379,0.0493956
33380,0.032873575
33381,0.01866803
33382,0.10702713
33383,0.014802895
33384,0.0012272304
33385,0.0005495104
33386,0.4189031
33387,0.112447694
33388,0.09029724
33389,0.13357247
33390,7.682964e-06
33391,0.08965432
33392,0.038519178
33393,0.017998822
33394,0.1486371
33395,0.023841482
33396,0.14126715
33397,0.16601625
33398,0.032026593
33399,0.058553256
33400,0.046285983
33401,0.019884769
33402,0.0027595554
33403,0.0040144897
33404,0.055470064
33405,0.015025096
33406,0.006277255
33407,0.0
33408,0.14158994
33409,0.07652925
33410,0.28611457
33411,0.022041054
33412,0.02304011
33413,0.03850398
33414,0.0037905565
33415,0.064247414
33416,0.022517977
33417,0.040584303
33418,0.05729944
33419,0.016543275
33420,0.02885678
33421,0.3249151
33422,0.24964213
33423,0.023310853
33424,0.17908739
33425,0.014831154
33426,0.0010883325
33427,0.017506305
33428,0.01652089
33429,0.020850372
33430,0.0429146
33431,0.0184997
33432,0.024755642
33433,0.02097612
33434,0.0096325865
33435,0.024472825
33436,0.054550387
33437,0.10517519
33438,0.056306534
33439,0.036764864
33440,0.38279748
33441,0.07316205
33442,0.098048024
33443,0.029570106
33444,0.27974096
33445,0.2767056
33446,0.0296554
33447,0.27686483
33448,0.14142331
33449,0.40254933
33450,0.15900035
33451,0.06590518
33452,0.14800432
33453,0.028129995
33454,0.30099437
33455,0.86068916
33456,0.26229104
33457,0.06552089
33458,0.05787156
33459,0.34167624
33460,0.11487099
33461,0.012622734
33462,0.02814073
33463,0.07898503
33464,0.024620645
33465,0.01487432
33466,0.11411482
33467,0.3072567
33468,0.7301279
33469,0.6792215
33470,0.022038247
33471,0.06187933
33472,0.11038694
33473,0.20006008
33474,0.10197937
33475,0.033274494
33476,0.1350394
33477,0.11524602
33478,0.03541309
33479,0.4088807
33480,0.2534438
33481,0.38439313
33482,0.7248353
33483,0.25140417
33484,0.5741769
33485,0.106719576
33486,0.23150197
33487,0.10643009
33488,0.07805771
33489,0.03455261
33490,0.15858217
33491,0.024158832
33492,0.073373914
33493,0.15120165
33494,0.14010748
33495,0.041258533
33496,0.048358906
33497,0.110721834
33498,0.287577
33499,0.103822134
33500,0.046595767
33501,0.07800632
33502,0.085903615
33503,0.15222701
33504,0.0665068
33505,0.03749408
33506,0.018363431
33507,0.038057208
33508,0.18087368
33509,0.135709
33510,0.1894058
33511,0.003642993
33512,0.03959751
33513,0.05558234
33514,0.5519529
33515,0.15978312
33516,0.09030223
33517,0.4138021
33518,0.7157796
33519,0.011297881
33520,0.10205706
33521,0.11174967
33522,0.01634995
33523,0.031890534
33524,0.025262726
33525,0.054415215
33526,0.062096722
33527,0.10827723
33528,0.081311844
33529,0.29063156
33530,0.54061186
33531,0.3782687
33532,0.05937758
33533,0.02941969
33534,0.020473568
33535,0.05640128
33536,0.30779564
33537,0.048091218
33538,0.10787697
33539,0.026844656
33540,0.2737596
33541,0.68723464
33542,0.25616646
33543,0.029151453
33544,0.021430409
33545,0.07538301
33546,0.10590831
33547,0.04271513
33548,0.1884202
33549,0.17131986
33550,0.09087584
33551,0.11556814
33552,0.109284304
33553,0.036915015
33554,0.042632733
33555,0.04627008
33556,0.044961188
33557,0.12720749
33558,0.0851466
33559,0.1735651
33560,0.022133281
33561,0.046894174
33562,0.038172796
33563,0.02428745
33564,0.039185617
33565,0.043365795
33566,0.06787853
33567,0.023044921
33568,0.057795458
33569,0.54223067
33570,0.37635303
33571,0.05387823
33572,0.04574724
33573,0.03564172
33574,0.1293598
33575,0.09247803
33576,0.063277446
33577,0.017541302
33578,0.036211558
33579,0.0066315224
33580,0.22411782
33581,0.055306043
33582,0.040261555
33583,0.058242287
33584,0.011006969
33585,0.09104969
33586,0.08878153
33587,0.3927009
33588,0.37820694
33589,0.37275636
33590,0.05981125
33591,0.06278211
33592,0.022303758
33593,0.06869586
33594,0.05119036
33595,0.23784484
33596,0.07192978
33597,0.40267172
33598,0.09457293
33599,0.019562425
33600,0.11531042
33601,0.051720664
33602,0.06226232
33603,0.024729174
33604,0.008576984
33605,0.01834785
33606,0.09701652
33607,0.022505252
33608,0.043201502
33609,0.1288217
33610,0.054745577
33611,0.10106725
33612,0.072425246
33613,0.13264157
33614,0.24451871
33615,0.39764747
33616,0.11041475
33617,0.03893384
33618,0.09224698
33619,0.020208498
33620,0.05871399
33621,0.02016414
33622,0.08892424
33623,0.084559165
33624,0.11038595
33625,0.0561317
33626,0.121343955
33627,0.078808345
33628,0.02565923
33629,0.017059147
33630,0.02298701
33631,0.18808714
33632,0.029367255
33633,0.096731775
33634,0.047319967
33635,0.012658579
33636,0.03833565
33637,0.044403218
33638,0.12803374
33639,0.078878134
33640,0.13191485
33641,0.12993433
33642,0.35866663
33643,0.15667611
33644,0.24359779
33645,0.003494208
33646,0.101077266
33647,0.010322499
33648,0.06814955
33649,0.07353207
33650,0.09248918
33651,0.044332225
33652,0.08115141
33653,0.059803523
33654,0.060288213
33655,0.09035106
33656,0.05637937
33657,0.028594865
33658,0.028733397
33659,0.13731246
33660,0.02149591
33661,0.06921959
33662,0.19086981
33663,0.07225835
33664,0.14046147
33665,0.5083592
33666,0.111213945
33667,0.12730584
33668,0.07598618
33669,0.118551955
33670,0.074782066
33671,0.10542262
33672,0.054351434
33673,0.0
33674,0.01417127
33675,0.020944152
33676,0.2799539
33677,0.08847147
33678,0.07265975
33679,0.08244691
33680,0.066780835
33681,0.021914134
33682,0.013869773
33683,0.028331757
33684,0.06726798
33685,0.4981283
33686,0.07093176
33687,0.071435116
33688,0.09393154
33689,0.75473535
33690,0.09132762
33691,0.020558866
33692,0.15502892
33693,0.07574509
33694,0.12587595
33695,0.31417698
33696,0.060020246
33697,0.07214211
33698,0.13699014
33699,0.098311506
33700,0.18046784
33701,0.058006875
33702,0.22872931
33703,0.09197031
33704,0.070545055
33705,0.025726814
33706,0.1358172
33707,0.06945566
33708,0.020152528
33709,0.12324239
33710,0.13607676
33711,0.25485232
33712,0.10081059
33713,0.04347343
33714,0.12353907
33715,0.14442573
33716,0.22484963
33717,0.06601396
33718,0.06893114
33719,0.044496886
33720,0.11209921
33721,0.60978526
33722,0.05420158
33723,0.13480392
33724,0.43095657
33725,0.2263702
33726,0.021213595
33727,0.0044328673
33728,0.014070348
33729,0.055729598
33730,0.0734107
33731,0.37691584
33732,0.3834453
33733,0.08010733
33734,0.11215984
33735,0.2340896
33736,0.24989873
33737,0.13705729
33738,0.14466065
33739,0.2604049
33740,0.09579796
33741,0.0499573
33742,0.10559906
33743,0.102055185
33744,0.28494945
33745,0.93780214
33746,0.04444374
33747,0.38325477
33748,0.017505072
33749,0.06399561
33750,0.20538634
33751,0.008399491
33752,0.020903545
33753,0.064958386
33754,0.08355685
33755,0.020847593
33756,0.06948273
33757,0.4620482
33758,0.051976297
33759,0.09010586
33760,0.38834316
33761,0.12937585
33762,0.1984106
33763,0.37511858
33764,0.36622992
33765,0.03132484
33766,0.1810111
33767,0.084102675
33768,0.11064272
33769,0.9296399
33770,0.42226914
33771,0.32079577
33772,0.027842019
33773,0.2243009
33774,0.07385734
33775,0.026733734
33776,0.02058941
33777,0.021165479
33778,0.05933788
33779,0.0006386185
33780,0.013701516
33781,0.027215216
33782,0.083700925
33783,0.10991769
33784,0.09797245
33785,0.12717375
33786,0.096357085
33787,0.1436514
33788,0.11781481
33789,0.09146164
33790,0.2739135
33791,0.019264271
33792,0.073597655
33793,1.0
33794,0.9324135
33795,0.8257078
33796,0.030758616
33797,0.1633537
33798,0.44098988
33799,0.08782318
33800,0.062659
33801,0.0062510474
33802,0.05332684
33803,0.055124566
33804,0.06892628
33805,0.010915257
33806,0.3935765
33807,0.017424205
33808,0.03724638
33809,0.087191835
33810,0.10515841
33811,0.055310093
33812,0.06476219
33813,0.37888363
33814,0.10180475
33815,0.023486936
33816,0.11012686
33817,0.111420564
33818,0.10114436
33819,0.98195094
33820,0.80404663
33821,0.7248309
33822,0.07807607
33823,0.03179883
33824,0.46880877
33825,0.084811665
33826,0.22506997
33827,0.05161016
33828,0.13069144
33829,0.03612767
33830,0.13290307
33831,0.10881383
33832,0.136084
33833,0.20213833
33834,0.44890666
33835,0.55741477
33836,0.13980685
33837,0.13369875
33838,0.09185976
33839,0.06464805
33840,0.08855483
33841,0.061259672
33842,0.036523897
33843,0.020371448
33844,0.091564275
33845,0.15824144
33846,0.0654184
33847,0.17695527
33848,0.022435267
33849,1.0
33850,1.0
33851,1.0
33852,0.08789625
33853,0.049842633
33854,0.23068208
33855,0.5114673
33856,0.020827828
33857,0.024665408
33858,0.03285273
33859,0.09304567
33860,0.06261313
33861,0.3888606
33862,1.0
33863,0.06792727
33864,0.12521087
33865,0.07620862
33866,0.13855085
33867,0.06726222
33868,0.22499713
33869,0.25213072
33870,0.025333667
33871,0.08777536
33872,0.100792006
33873,0.11844507
33874,0.07075218
33875,0.030878317
33876,0.39711764
33877,0.36423677
33878,0.22320458
33879,0.10271853
33880,0.012211318
33881,0.08216792
33882,0.09648854
33883,0.16379827
33884,0.051065326
33885,0.053783204
33886,0.043462243
33887,0.03041799
33888,0.05825304
33889,0.05411892
33890,0.35787648
33891,0.53291225
33892,0.15230249
33893,0.23244485
33894,0.101883605
33895,0.13006385
33896,0.12179037
33897,0.63932693
33898,0.068082415
33899,0.027543174
33900,0.0504232
33901,0.03447876
33902,0.1212371
33903,0.16756536
33904,0.19383441
33905,0.43315256
33906,0.26677454
33907,0.0910202
33908,1.0
33909,0.13255273
33910,0.005366127
33911,0.22874327
33912,0.22814672
33913,0.026126819
33914,0.0697738
33915,0.31545237
33916,0.058346428
33917,0.04122793
33918,0.04110173
33919,0.055138797
33920,0.11277714
33921,0.37839705
33922,0.36750343
33923,0.27565005
33924,0.37282553
33925,0.13426475
33926,0.1248025
33927,0.24877807
33928,0.011672464
33929,0.023377938
33930,0.16295691
33931,0.10442768
33932,0.06461006
33933,0.5383278
33934,0.24193521
33935,0.050206926
33936,0.47215372
33937,0.30920392
33938,0.15998693
33939,0.122439496
33940,0.13161959
33941,0.04533856
33942,0.018952452
33943,0.027808582
33944,0.056044534
33945,0.08500838
33946,0.09147744
33947,0.09548218
33948,0.37371543
33949,0.73462135
33950,0.3822006
33951,0.2378689
33952,0.39394262
33953,0.10274185
33954,0.079296485
33955,0.08087471
33956,0.14483525
33957,0.25629303
33958,0.10291498
33959,0.016823862
33960,0.078553244
33961,0.11076606
33962,0.043232016
33963,0.060621895
33964,0.05461931
33965,0.023062702
33966,0.018510489
33967,0.0056258533
33968,0.058883056
33969,0.0808065
33970,0.06586383
33971,0.0913701
33972,0.38712233
33973,0.1985933
33974,0.34796414
33975,0.60983694
33976,0.60468143
33977,0.24681161
33978,0.14354354
33979,0.06174239
33980,0.02643736
33981,0.046252914
33982,0.13818996
33983,0.033350468
33984,0.9967517
33985,0.089649074
33986,0.01888769
33987,0.09525297
33988,0.09383103
33989,0.23485938
33990,0.056259148
33991,0.05150148
33992,0.003968822
33993,0.046044078
33994,0.023381637
33995,0.044369962
33996,0.08621385
33997,0.10087017
33998,0.6819333
33999,0.3741243
34000,0.3785567
34001,0.9991836
34002,0.3720394
34003,0.3950912
34004,0.12407239
34005,0.038093008
34006,0.03945774
34007,0.040228575
34008,0.06781607
34009,0.05153746
34010,0.05393481
34011,0.08337394
34012,0.40085515
34013,0.09152032
34014,0.36011383
34015,0.025889678
34016,0.11554652
34017,0.10928195
34018,0.19940962
34019,0.23539424
34020,0.07108032
34021,0.026276145
34022,0.043309838
34023,0.13416964
34024,1.0
34025,0.36445022
34026,0.81450987
34027,0.37001607
34028,0.24985218
34029,0.15565999
34030,0.24201931
34031,0.058658503
34032,0.012024092
34033,0.021103334
34034,0.022519073
34035,0.05321458
34036,0.021294497
34037,0.14031373
34038,0.1217185
34039,0.13840929
34040,0.2805572
34041,0.024862662
34042,0.0795318
34043,0.2579318
34044,0.05763855
34045,0.0064028427
34046,0.0059750937
34047,0.08504496
34048,0.22951488
34049,0.034923084
34050,0.38560775
34051,0.24303743
34052,0.10503744
34053,0.1326952
34054,0.037616797
34055,0.113304265
34056,0.07507856
34057,0.040837035
34058,0.13156037
34059,0.111305274
34060,0.0509037
34061,0.008728358
34062,0.20877795
34063,0.008472408
34064,0.0830248
34065,0.038778033
34066,0.12829459
34067,0.046021447
34068,0.06833026
34069,0.04822455
34070,0.17156747
34071,0.2750593
34072,0.7012881
34073,0.18795858
34074,0.0033488325
34075,0.009870024
34076,0.028436925
34077,0.027946133
34078,0.0608878
34079,0.0804145
34080,0.12467596
34081,0.01562759
34082,0.08067974
34083,0.0026345758
34084,0.05534981
34085,0.025593216
34086,0.011335504
34087,0.021523722
34088,0.09720604
34089,0.06434533
34090,0.4223604
34091,0.012854406
34092,0.022592504
34093,0.037654236
34094,0.0748211
34095,0.09772842
34096,0.41632935
34097,0.16697198
34098,0.23517048
34099,0.0015211885
34100,0.050882213
34101,0.015220186
34102,0.079847306
34103,0.15711008
34104,0.06787809
34105,0.005770528
34106,0.0013859334
34107,0.022646239
34108,0.0
34109,0.30951482
34110,0.0916843
34111,0.012149116
34112,0.039625645
34113,0.12963407
34114,0.052675676
34115,0.0532993
34116,0.02451562
34117,0.042093277
34118,0.06097445
34119,0.36357975
34120,0.042338684
34121,0.023851382
34122,0.050798256
34123,0.07252889
34124,0.07026519
34125,0.24776691
34126,0.09513666
34127,0.2479433
34128,0.08963842
34129,0.023543509
34130,0.014366665
34131,0.05546339
34132,0.10664034
34133,0.03252092
34134,0.3882037
34135,0.1460414
34136,0.022462308
34137,0.081588514
34138,0.058854993
34139,0.014802562
34140,0.37525043
34141,0.5594591
34142,0.24235632
34143,0.10878314
34144,0.012970518
34145,0.108255476
34146,0.044764545
34147,0.10425177
34148,0.13261881
34149,0.1046998
34150,0.10248742
34151,1.0
34152,0.0073768185
34153,0.09657549
34154,0.0162992
34155,0.102194786
34156,0.08291122
34157,0.015056061
34158,0.17257881
34159,0.44912922
34160,0.083047815
34161,0.23930381
34162,0.025145208
34163,0.09033996
34164,0.033206433
34165,0.09243975
34166,0.04106569
34167,0.03519528
34168,0.060283206
34169,0.082042344
34170,0.02443661
34171,0.016310133
34172,0.05408718
34173,0.013181782
34174,0.1415147
34175,0.04930129
34176,0.09292347
34177,0.015726348
34178,0.031337477
34179,0.086513095
34180,0.08369198
34181,0.08200592
34182,1.0
34183,0.046176385
34184,0.15248697
34185,0.06548558
34186,0.03977995
34187,0.05410746
34188,0.057433993
34189,0.040226653
34190,0.40795606
34191,0.037415203
34192,0.0
34193,0.0531382
34194,0.2471357
34195,0.027975535
34196,0.11607056
34197,0.059566017
34198,0.013402034
34199,0.063482605
34200,0.2876816
34201,0.02697396
34202,0.023178834
34203,0.022156684
34204,0.009979234
34205,0.056086782
34206,0.0049516433
34207,0.037336737
34208,0.2436464
34209,0.056336902
34210,0.013844427
34211,0.11649765
34212,0.13296202
34213,0.13013989
34214,0.104524806
34215,0.07421283
34216,0.031086884
34217,0.09775703
34218,0.01718881
34219,0.10833201
34220,0.1415271
34221,0.14921547
34222,0.006061605
34223,0.024597488
34224,0.008439898
34225,0.013810875
34226,0.016644465
34227,0.025436938
34228,0.017531004
34229,0.020369874
34230,0.10591839
34231,0.07252486
34232,0.12385889
34233,0.026029363
34234,0.16307321
34235,0.40269023
34236,0.012061983
34237,0.010031415
34238,0.026123479
34239,0.037441447
34240,0.0035561498
34241,0.02569831
34242,0.030415066
34243,0.0014224148
34244,0.003926869
34245,0.0
34246,0.11996836
34247,0.031651102
34248,0.043083806
34249,0.006969813
34250,0.055160895
34251,0.015725013
34252,0.01205141
34253,0.00060804334
34254,0.15321508
34255,0.033683337
34256,0.04525966
34257,0.033401623
34258,0.10940116
34259,0.010944833
34260,0.017044226
34261,0.0068571563
34262,0.43526188
34263,0.11008958
34264,0.08391832
34265,0.12612696
34266,0.00021334979
34267,0.092253625
34268,0.037342265
34269,0.021818701
34270,0.14943358
34271,0.02162225
34272,0.13995445
34273,0.23565492
34274,0.019821847
34275,0.031864088
34276,0.05967446
34277,0.041896068
34278,0.021519026
34279,0.011122191
34280,0.052972127
34281,0.007845945
34282,0.123879515
34283,0.07955772
34284,0.00864017
34285,0.3017637
34286,0.021148905
34287,0.044598546
34288,0.0036522974
34289,0.0011759298
34290,0.062892616
34291,0.024880582
34292,0.040827688
34293,0.011428667
34294,0.051757526
34295,0.011976869
34296,0.015452334
34297,0.03102357
34298,0.32526302
34299,0.20642714
34300,0.017852645
34301,0.17119904
34302,0.000612963
34303,0.01717381
34304,0.015863325
34305,0.021370914
34306,0.032990478
34307,0.030063288
34308,0.023183303
34309,0.008565064
34310,0.117666416
34311,0.051428966
34312,0.3955754
34313,0.058070898
34314,0.13002795
34315,0.026312374
34316,0.16052558
34317,0.40244335
34318,0.02684628
34319,0.28213882
34320,0.123235635
34321,0.40417266
34322,0.060183544
34323,0.15077597
34324,0.062729694
34325,0.012453058
34326,0.12587805
34327,0.416902
34328,0.8505359
34329,0.28329632
34330,0.062786505
34331,0.05843976
34332,0.3234552
34333,0.11078269
34334,0.0112318015
34335,0.026310481
34336,0.025520233
34337,0.019431448
34338,0.024742926
34339,0.10554236
34340,0.306212
34341,0.6613658
34342,0.6344834
34343,0.022656186
34344,0.0714253
34345,0.110550486
34346,0.29793048
34347,0.10740275
34348,0.034042586
34349,0.12966195
34350,0.10478085
34351,0.029122202
34352,0.43520883
34353,0.26241517
34354,0.26830342
34355,0.6586983
34356,0.14053968
34357,0.022950003
34358,0.5684036
34359,0.10888175
34360,0.22210053
34361,0.106597215
34362,0.077763714
34363,0.03464931
34364,0.14925961
34365,0.076601215
34366,0.14781728
34367,0.13045971
34368,0.046156496
34369,0.049410254
34370,0.09238854
34371,0.30275315
34372,0.09482386
34373,0.074147336
34374,0.087926075
34375,0.1464616
34376,0.067902476
34377,0.03585753
34378,0.012710094
34379,0.04016228
34380,0.1846799
34381,0.116076864
34382,0.18421134
34383,0.0010369894
34384,0.03800444
34385,0.06032244
34386,0.019516801
34387,0.0
34388,0.55730706
34389,0.15967476
34390,0.17945588
34391,0.4099935
34392,0.62628007
34393,0.10636032
34394,0.10534416
34395,0.01791615
34396,0.030829806
34397,0.05280095
34398,0.0006879611
34399,0.06934351
34400,0.10726884
34401,0.074947886
34402,0.1961575
34403,0.49627972
34404,0.013217571
34405,0.40214437
34406,0.0603795
34407,0.030665422
34408,0.025074644
34409,0.31126693
34410,0.02950221
34411,0.04924653
34412,0.11090976
34413,0.027240612
34414,0.4158623
34415,0.65665764
34416,0.18325911
34417,0.029592494
34418,0.021947939
34419,0.08655495
34420,0.098530956
34421,0.18361238
34422,0.17196152
34423,0.10654726
34424,0.118831165
34425,0.10265205
34426,0.0013859713
34427,0.025664587
34428,0.037832003
34429,0.043403424
34430,0.046205178
34431,0.044685677
34432,0.12670566
34433,0.08581431
34434,0.17775783
34435,0.024536816
34436,0.044302355
34437,0.03962801
34438,0.031373214
34439,0.040738814
34440,0.047548752
34441,0.07383514
34442,0.025766391
34443,0.07348167
34444,0.52693176
34445,0.38344324
34446,0.055191834
34447,0.05263606
34448,0.034172438
34449,0.13226032
34450,0.09643386
34451,0.06329837
34452,0.01611261
34453,0.0146909105
34454,0.03686034
34455,0.13535799
34456,0.059861846
34457,0.056285184
34458,0.011525048
34459,0.099750794
34460,0.091508806
34461,0.19022179
34462,0.23268992
34463,0.3727074
34464,0.05887441
34465,0.06120119
34466,0.024940655
34467,0.068636015
34468,0.05280622
34469,0.2463447
34470,0.078273214
34471,0.454974
34472,0.10756949
34473,0.02434584
34474,0.119891055
34475,0.049800877
34476,0.063447684
34477,0.021589931
34478,0.0046746964
34479,0.020774826
34480,0.10286563
34481,0.024684308
34482,0.030719027
34483,0.027522346
34484,0.044142384
34485,0.12816419
34486,0.09689752
34487,0.07215561
34488,0.13426164
34489,0.2378099
34490,0.39036736
34491,0.10836527
34492,0.036024537
34493,0.09683194
34494,0.020590726
34495,0.06205118
34496,0.0069823978
34497,0.020008586
34498,0.11217134
34499,0.08439804
34500,0.09435425
34501,0.05451923
34502,0.12507486
34503,0.068977535
34504,0.08283751
34505,0.023928639
34506,0.020508999
34507,0.18858953
34508,0.030620042
34509,0.10207251
34510,0.052913688
34511,0.010982623
34512,0.0423116
34513,0.04329875
34514,0.1235286
34515,0.08076176
34516,0.13418952
34517,0.12612407
34518,0.3751243
34519,0.22768122
34520,0.24379458
34521,0.0039339145
34522,0.109118246
34523,0.01201296
34524,0.07070395
34525,0.07411915
34526,0.09780455
34527,0.07769733
34528,0.063124344
34529,0.06252392
34530,0.09400481
34531,0.053483993
34532,0.03130495
34533,0.0025627043
34534,0.12912944
34535,0.021554613
34536,0.0673703
34537,0.19882573
34538,0.07194598
34539,0.1269675
34540,0.46503365
34541,0.111809574
34542,0.12348757
34543,0.077427864
34544,0.11328864
34545,0.07679336
34546,0.11198986
34547,0.06036496
34548,0.017409386
34549,0.28764912
34550,0.09403119
34551,0.075045615
34552,0.08066215
34553,0.06767177
34554,0.028347991
34555,0.016402787
34556,0.02835058
34557,0.06615076
34558,0.51296103
34559,0.0739155
34560,0.06849232
34561,0.09747737
34562,0.73508835
34563,0.09369572
34564,0.018188931
34565,0.10301555
34566,0.076552585
34567,0.14632136
34568,0.40199777
34569,0.059692513
34570,0.021245362
34571,0.07294633
34572,0.13811705
34573,0.10090529
34574,0.1841727
34575,0.058375992
34576,0.12844996
34577,0.093194745
34578,0.06815769
34579,0.12844713
34580,0.07222078
34581,0.023944378
34582,0.12888828
34583,0.13496748
34584,0.25881204
34585,0.10749788
34586,0.043239024
34587,0.12320488
34588,0.14840958
34589,0.232605
34590,0.06564971
34591,0.06940517
34592,0.05008118
34593,0.0032256397
34594,0.10638708
34595,0.60176605
34596,0.05383114
34597,0.13565944
34598,0.44177338
34599,0.22448301
34600,0.027748596
34601,0.0
34602,0.01267017
34603,0.055940066
34604,0.0689486
34605,0.405824
34606,0.38035884
34607,0.075910926
34608,0.11994165
34609,0.24572314
34610,0.13196684
34611,0.13460858
34612,0.15550591
34613,0.25836447
34614,0.098009706
34615,0.051548965
34616,0.12034603
34617,0.104270644
34618,0.29079658
34619,0.9530518
34620,0.05012411
34621,0.41394487
34622,0.023226414
34623,0.05818651
34624,0.2491133
34625,0.0122197205
34626,0.020926261
34627,0.07175459
34628,0.08390047
34629,0.023890885
34630,0.06655341
34631,0.4698602
34632,0.05049459
34633,0.087088645
34634,0.27585468
34635,0.14190722
34636,0.24904355
34637,0.39156923
34638,0.37509945
34639,0.24502793
34640,0.08582806
34641,0.111700766
34642,0.9465597
34643,0.46646556
34644,0.44080588
34645,0.032533024
34646,0.121697396
34647,0.0689811
34648,0.024674168
34649,0.022241244
34650,0.060002476
34651,0.0
34652,0.010466821
34653,0.024823302
34654,0.08181922
34655,0.10836792
34656,0.09614259
34657,0.12685634
34658,0.108166866
34659,0.14933267
34660,0.23732589
34661,0.031735156
34662,0.09600498
34663,0.43166313
34664,0.024575278
34665,0.08219255
34666,0.99840707
34667,0.9263016
34668,0.73760206
34669,0.16927963
34670,0.44101158
34671,0.091654845
34672,0.029449904
34673,0.06291002
34674,0.0047408678
34675,0.05119837
34676,0.05571656
34677,0.066606976
34678,0.01100832
34679,0.39947352
34680,0.016245635
34681,0.037106678
34682,0.08660616
34683,0.104854584
34684,0.052619062
34685,0.067393206
34686,0.2514414
34687,0.11248874
34688,0.02679967
34689,0.12031347
34690,0.12317662
34691,0.1059522
34692,1.0
34693,0.8354638
34694,0.71414816
34695,0.00022035075
34696,0.018459521
34697,0.07750721
34698,0.03718222
34699,0.01221459
34700,0.46837637
34701,0.10041024
34702,0.23599774
34703,0.052655857
34704,0.13440466
34705,0.1390324
34706,0.105840765
34707,0.13265304
34708,0.19788761
34709,0.47928247
34710,0.50662625
34711,0.13237533
34712,0.13180454
34713,0.09431413
34714,0.0722495
34715,0.0906956
34716,0.06490652
34717,0.039608154
34718,0.023322206
34719,0.09658698
34720,0.15934862
34721,0.07048433
34722,0.1827305
34723,0.02400889
34724,0.9933311
34725,1.0
34726,1.0
34727,0.08310215
34728,0.047663894
34729,0.23849607
34730,0.0026676792
34731,0.4747998
34732,0.023128994
34733,0.023115443
34734,0.033278
34735,0.049260687
34736,0.09549073
34737,0.06485778
34738,0.37524295
34739,1.0
34740,0.067930326
34741,0.12266064
34742,0.0744883
34743,0.13367504
34744,0.069790915
34745,0.22328947
34746,0.1790255
34747,0.09169805
34748,0.10872984
34749,0.1142285
34750,0.07191899
34751,0.034108426
34752,0.42370453
34753,0.37894398
34754,0.22419287
34755,0.096406005
34756,0.018055482
34757,0.085271835
34758,0.10242396
34759,0.24014811
34760,0.05416444
34761,0.05786452
34762,0.043396514
34763,0.023391683
34764,0.05985082
34765,0.051613566
34766,0.3826992
34767,0.5507956
34768,0.22994909
34769,0.23266537
34770,0.11193723
34771,0.22779922
34772,0.12626633
34773,0.5771278
34774,0.07298943
34775,0.03057777
34776,0.045775846
34777,0.041068804
34778,0.12305689
34779,0.24646622
34780,0.2622495
34781,0.4690419
34782,0.28585276
34783,0.102723114
34784,0.99776536
34785,0.22445242
34786,0.010946048
34787,0.23011471
34788,0.17261434
34789,0.02879336
34790,0.07113177
34791,0.21371342
34792,0.059702467
34793,0.041349787
34794,0.043652836
34795,0.05137833
34796,0.11314933
34797,0.38452524
34798,0.3773907
34799,0.27724817
34800,0.24966659
34801,0.12516703
34802,0.12741807
34803,0.40157223
34804,0.020471198
34805,0.16274899
34806,0.11004796
34807,0.07049438
34808,0.5003445
34809,0.37551582
34810,0.054142497
34811,0.46262592
34812,0.3967112
34813,0.0061235423
34814,0.16392581
34815,0.12710007
34816,0.12652035
34817,0.04007993
34818,0.0062738317
34819,0.0
34820,0.010543609
34821,0.026495157
34822,0.05897226
34823,0.09131642
34824,0.09202969
34825,0.14986566
34826,0.41223103
34827,0.72848505
34828,0.38176546
34829,0.24556322
34830,0.42190334
34831,0.10652346
34832,0.017729588
34833,0.078634545
34834,0.08795052
34835,0.23096585
34836,0.20408107
34837,0.106515646
34838,0.016402561
34839,0.081454106
34840,0.11646325
34841,0.045340262
34842,0.06475644
34843,0.052793574
34844,0.061338842
34845,0.083612345
34846,0.0676948
34847,0.09234184
34848,0.38189188
34849,0.19882594
34850,0.36830452
34851,0.60401237
34852,0.5736505
34853,0.25309005
34854,0.14398387
34855,0.06500315
34856,0.030785672
34857,0.048368905
34858,0.14074418
34859,0.032167498
34860,0.9944403
34861,0.09573924
34862,0.02042721
34863,0.096677676
34864,0.097277015
34865,0.39148927
34866,0.056922182
34867,0.053562112
34868,0.0035860592
34869,0.04911691
34870,0.046830878
34871,0.08623452
34872,0.101775505
34873,0.6540574
34874,0.38308725
34875,0.23542081
34876,1.0
34877,0.38775826
34878,0.41476727
34879,0.12830557
34880,0.03986065
34881,0.03507389
34882,0.034161445
34883,0.073177055
34884,0.056556538
34885,0.06264254
34886,0.08488237
34887,0.43179736
34888,0.10141186
34889,0.2604423
34890,0.03129595
34891,0.12713282
34892,0.24925248
34893,0.26723474
34894,0.24068311
34895,0.07055119
34896,0.023925396
34897,0.046850447
34898,0.12852457
34899,0.9871946
34900,0.36415344
34901,0.82331896
34902,0.39885777
34903,0.38243532
34904,0.15643424
34905,0.19377741
34906,0.014880616
34907,0.02182893
34908,0.020935033
34909,0.047374196
34910,0.018324917
34911,0.14371039
34912,0.11350566
34913,0.1246154
34914,0.28557783
34915,0.023842776
34916,0.082201324
34917,0.38757226
34918,0.055189352
34919,0.0054675424
34920,0.08468721
34921,0.23457414
34922,0.03703621
34923,0.1608123
34924,0.1332175
34925,0.10328637
34926,0.14247811
34927,0.039367765
34928,0.11058509
34929,0.078743204
34930,0.03895882
34931,0.23465164
34932,0.116913624
34933,0.050986536
34934,0.00983625
34935,0.18322249
34936,0.011390715
34937,0.102166235
34938,0.049855273
34939,0.036173657
34940,0.12631695
34941,0.043866076
34942,0.06621391
34943,0.051551014
34944,0.17588897
34945,0.28210777
34946,0.6582475
34947,0.20026822
34948,0.0070880754
34949,0.0126456125
34950,0.030581372
34951,0.03149622
34952,0.061030366
34953,0.07949985
34954,0.12821251
34955,0.019995635
34956,0.07329285
34957,0.015469961
34958,0.060880255
34959,0.03482797
34960,0.015063948
34961,0.025643723
34962,0.0059437407
34963,0.09660389
34964,0.069364615
34965,0.39900568
34966,0.013885241
34967,0.02307086
34968,0.03939377
34969,0.07369415
34970,0.09991362
34971,0.4004866
34972,0.17138942
34973,0.2460663
34974,0.045676615
34975,0.08197189
34976,0.16889453
34977,0.06911287
34978,0.006645713
34979,0.023329725
34980,0.31259453
34981,0.08914975
34982,0.016230267
34983,0.0032103993
34984,0.037750125
34985,0.12870444
34986,0.055908438
34987,0.05169011
34988,0.026250206
34989,0.039578874
34990,0.06473326
34991,0.3995731
34992,0.047846608
34993,0.0016187511
34994,0.02432921
34995,0.059593827
34996,0.07516857
34997,0.07464315
34998,0.25009215
34999,0.108239055
35000,0.24941443
35001,0.10230603
35002,0.026693724
35003,0.015326319
35004,0.056523792
35005,0.10576517
35006,0.034711618
35007,0.41676936
35008,0.001883338
35009,0.23149598
35010,0.021659832
35011,0.077781126
35012,0.05701792
35013,0.26558188
35014,0.5618212
35015,0.25304806
35016,0.10928022
35017,0.010986937
35018,0.11419484
35019,0.0464292
35020,0.099365525
35021,0.13693063
35022,0.1060896
35023,0.09811812
35024,1.0
35025,0.008165215
35026,0.098773204
35027,0.09765014
35028,0.08564699
35029,0.016101586
35030,0.18103282
35031,0.4470364
35032,0.08776954
35033,0.23472719
35034,0.024817681
35035,0.10010874
35036,0.03443807
35037,0.09277361
35038,0.042331375
35039,0.03873741
35040,0.06369137
35041,0.08333372
35042,0.028396744
35043,0.014046209
35044,0.061006468
35045,0.016953755
35046,0.14092737
35047,0.09425233
35048,0.017481431
35049,0.032342296
35050,0.094332874
35051,0.08087426
35052,0.08414534
35053,0.9879534
35054,0.053455997
35055,0.23858489
35056,0.07134291
35057,0.039878283
35058,0.055206783
35059,0.05503425
35060,0.011813389
35061,0.033870466
35062,0.41527572
35063,0.039560057
35064,0.0005379665
35065,0.0076193037
35066,0.02191717
35067,0.055881906
35068,0.19218653
35069,0.034904793
35070,0.11798357
35071,0.05426305
35072,0.010505609
35073,0.06628712
35074,0.39231104
35075,0.026524052
35076,0.024416327
35077,0.0004867899
35078,0.010665386
35079,0.05782904
35080,0.009013785
35081,0.036474638
35082,0.15017845
35083,0.058040246
35084,0.01980611
35085,0.11189201
35086,0.13457465
35087,0.13254242
35088,0.11527225
35089,0.076987095
35090,0.03422502
35091,0.10316095
35092,0.019453697
35093,0.11856809
35094,0.14439864
35095,0.15441483
35096,0.054060295
35097,0.011143284
35098,0.012994704
35099,0.024623886
35100,0.008083949
35101,0.014835737
35102,0.021791138
35103,0.02481241
35104,0.02683401
35105,0.021616274
35106,0.11503377
35107,0.07162531
35108,0.123013794
35109,0.02631744
35110,0.24464194
35111,0.004301562
35112,0.40096408
35113,0.0017878787
35114,0.0394854
35115,0.04660339
35116,0.015141806
35117,0.024503306
35118,0.0071843415
35119,0.021581426
35120,0.03256998
35121,0.011581052
35122,0.004686662
35123,0.114796534
35124,0.036007743
35125,0.046292566
35126,0.015623195
35127,0.0037635395
35128,0.057925623
35129,0.004440786
35130,0.01220002
35131,0.16075261
35132,0.03377869
35133,0.04521133
35134,0.0031209642
35135,0.034440216
35136,0.111124426
35137,0.0024644048
35138,0.011925777
35139,0.017295098
35140,0.0018619326
35141,0.33563548
35142,0.10894902
35143,0.09046999
35144,0.12568937
35145,0.09159755
35146,0.039866373
35147,0.13986063
35148,0.023382679
35149,0.13393252
35150,0.16753699
35151,0.018641835
35152,0.020737343
35153,0.061744668
35154,0.04669637
35155,0.05626427
35156,0.019883702
35157,0.13461123
35158,0.07871963
35159,0.19661212
35160,0.023116691
35161,0.041741163
35162,0.020971976
35163,0.061329737
35164,0.022054462
35165,0.011149407
35166,0.015364041
35167,0.053066388
35168,0.013558001
35169,0.03251593
35170,0.33427954
35171,0.26188952
35172,0.024107207
35173,0.16381067
35174,0.01955305
35175,0.018991027
35176,0.06798633
35177,0.057060488
35178,0.058055185
35179,0.054654393
35180,0.03700605
35181,0.033112857
35182,0.043363735
35183,0.039245903
35184,0.07467988
35185,0.048785605
35186,0.029671315
35187,0.3998195
35188,0.05390743
35189,0.08293149
35190,0.046440862
35191,0.38504142
35192,0.24620482
35193,0.07889845
35194,0.036781866
35195,0.026905116
35196,0.38326797
35197,0.078071035
35198,0.38869795
35199,0.068652734
35200,0.38209993
35201,0.1390351
35202,0.14694887
35203,0.02841138
35204,0.020047082
35205,0.25519022
35206,0.02679107
35207,0.8627739
35208,0.2854778
35209,0.037552588
35210,0.32180053
35211,0.0523209
35212,0.014320716
35213,0.033785317
35214,0.04121238
35215,0.019002018
35216,0.0060714455
35217,0.13893576
35218,0.3940665
35219,0.6165864
35220,0.5760702
35221,0.079392426
35222,0.07556329
35223,0.026779508
35224,0.25070474
35225,0.14524841
35226,0.0019533993
35227,0.031958837
35228,0.063734435
35229,0.049776014
35230,0.09674962
35231,0.26643613
35232,0.04358528
35233,0.403724
35234,0.23808816
35235,0.24757785
35236,0.6075849
35237,0.118195504
35238,0.43326113
35239,0.012030403
35240,0.10881522
35241,0.17661883
35242,0.05168429
35243,0.107811235
35244,0.046817865
35245,0.116723426
35246,0.111359596
35247,0.13681503
35248,0.128329
35249,0.033281706
35250,0.04804535
35251,0.14790025
35252,0.27091286
35253,0.060582165
35254,0.06939669
35255,0.06429877
35256,0.102511086
35257,0.02595718
35258,0.046066444
35259,0.06227854
35260,0.1706644
35261,0.055222142
35262,0.16635516
35263,0.060336657
35264,0.091088
35265,0.058005683
35266,0.017705698
35267,0.004759653
35268,0.019311966
35269,0.42797118
35270,0.11214329
35271,0.24488008
35272,0.41517597
35273,0.41657794
35274,0.11424368
35275,0.115272954
35276,0.032867156
35277,0.015642244
35278,0.06024359
35279,0.15261288
35280,0.070496514
35281,0.193077
35282,0.45419815
35283,0.36921927
35284,0.07421192
35285,0.04110459
35286,0.034277942
35287,0.3196615
35288,0.026370317
35289,0.05345405
35290,0.09229799
35291,0.3798948
35292,0.61838526
35293,0.14408047
35294,0.028365936
35295,0.033220384
35296,0.07813044
35297,0.117346756
35298,0.0
35299,0.032685198
35300,0.014302933
35301,0.15957977
35302,0.19104663
35303,0.11505727
35304,0.13463959
35305,0.09044987
35306,0.04268413
35307,0.0497983
35308,0.051940985
35309,0.05367543
35310,0.15662745
35311,0.07827127
35312,0.10683871
35313,0.019818624
35314,0.050593127
35315,0.041602813
35316,0.03752186
35317,0.028515609
35318,0.036725663
35319,0.068085045
35320,0.023588328
35321,0.104829244
35322,0.46522906
35323,0.4068139
35324,0.049868774
35325,0.052388895
35326,0.036059402
35327,0.15415466
35328,0.09812759
35329,0.017788772
35330,0.096937485
35331,0.015594063
35332,0.057183515
35333,0.25629383
35334,0.036990836
35335,0.048901636
35336,0.053365313
35337,0.07178304
35338,0.08882799
35339,0.23713961
35340,0.24058315
35341,0.40428683
35342,0.077402994
35343,0.057896942
35344,0.026071556
35345,0.061790597
35346,0.06381176
35347,0.0076619773
35348,0.26903582
35349,0.096615545
35350,0.42603377
35351,0.11528364
35352,0.02682752
35353,0.10702655
35354,0.053805433
35355,0.09630474
35356,0.023761805
35357,0.0072622686
35358,0.095300116
35359,0.039484985
35360,0.03628805
35361,0.11718489
35362,0.056500286
35363,0.09156676
35364,0.06750051
35365,0.10606684
35366,0.23143665
35367,0.3973858
35368,0.07368447
35369,0.03129518
35370,0.08575611
35371,0.027967447
35372,0.058417264
35373,0.11727994
35374,0.097074404
35375,0.103779405
35376,0.05410052
35377,0.12820697
35378,0.04410257
35379,0.040810265
35380,0.018190335
35381,0.02286017
35382,0.18648241
35383,0.009696509
35384,0.039228242
35385,0.09378581
35386,0.05153062
35387,0.041941762
35388,0.046207003
35389,0.08468812
35390,0.08438992
35391,0.14082427
35392,0.09990939
35393,0.40843913
35394,0.2375503
35395,0.24714011
35396,0.010179305
35397,0.102912374
35398,0.06630894
35399,0.06298865
35400,0.09954242
35401,0.032588698
35402,0.02674786
35403,0.086031094
35404,0.053497404
35405,0.08965654
35406,0.040016394
35407,0.08551548
35408,0.005157718
35409,0.020391854
35410,0.028428389
35411,0.13649775
35412,0.022961952
35413,0.06818397
35414,0.19401631
35415,0.058294125
35416,0.121734194
35417,0.5936752
35418,0.10090093
35419,0.10482442
35420,0.07645833
35421,0.11104277
35422,0.07708569
35423,0.10296155
35424,0.07384346
35425,0.26584634
35426,0.1145044
35427,0.06817502
35428,0.046252757
35429,0.06910107
35430,0.02423016
35431,0.02458881
35432,0.018126009
35433,0.032436356
35434,0.067289606
35435,0.33323452
35436,0.08047856
35437,0.07019024
35438,0.080217145
35439,0.7336707
35440,0.1396943
35441,0.022499837
35442,0.15738204
35443,0.0800508
35444,0.24307166
35445,0.3154418
35446,0.073532194
35447,0.07494244
35448,0.10340115
35449,0.0928262
35450,0.16474327
35451,0.03838049
35452,0.2597672
35453,0.07628032
35454,0.08651999
35455,0.0252703
35456,0.040034916
35457,0.07355848
35458,0.07009916
35459,0.020900346
35460,0.10513074
35461,0.10821424
35462,0.26291433
35463,0.08238185
35464,0.04160958
35465,0.12386819
35466,0.13842858
35467,0.24628721
35468,0.072013855
35469,0.0725752
35470,0.04992836
35471,0.060008187
35472,0.6302344
35473,0.036727536
35474,0.122920915
35475,0.41715485
35476,0.15782596
35477,0.0097053405
35478,0.0
35479,0.015234144
35480,0.068192445
35481,0.056206364
35482,0.2608312
35483,0.38300148
35484,0.077423
35485,0.11447664
35486,0.13947088
35487,0.18225765
35488,0.14055791
35489,0.17560747
35490,0.4077319
35491,0.103139766
35492,0.008948064
35493,0.021922473
35494,0.067254566
35495,0.13928038
35496,0.09724758
35497,0.2176708
35498,0.940171
35499,0.067758486
35500,0.38581643
35501,0.018233823
35502,0.05244156
35503,0.25463194
35504,0.06653152
35505,0.07703944
35506,0.02154908
35507,0.08126471
35508,0.0032303256
35509,0.47869745
35510,0.05714346
35511,0.09486408
35512,0.26771578
35513,0.13693841
35514,0.24365936
35515,0.2556261
35516,0.38522714
35517,0.01724263
35518,0.1607977
35519,0.15074514
35520,0.096007235
35521,0.9887933
35522,0.412071
35523,0.39646882
35524,0.027362762
35525,0.12635368
35526,0.091610804
35527,0.035941858
35528,0.02246044
35529,0.010393573
35530,0.008716058
35531,0.06433017
35532,0.0084949015
35533,0.012651427
35534,0.026375733
35535,0.07531564
35536,0.09815767
35537,0.09967659
35538,0.10781763
35539,0.08349022
35540,0.19640642
35541,0.100123584
35542,0.0218001
35543,0.0918702
35544,0.27315485
35545,0.01837312
35546,0.07088236
35547,0.9991785
35548,0.99288034
35549,0.6503592
35550,0.0017464509
35551,0.04325975
35552,0.023539323
35553,0.11619488
35554,0.41640636
35555,0.10833737
35556,0.023892514
35557,0.07766859
35558,0.05772822
35559,0.0659117
35560,0.059656635
35561,0.008576063
35562,0.42436922
35563,0.011839009
35564,0.03496552
35565,0.09147483
35566,0.08491277
35567,0.05949761
35568,0.05064367
35569,0.26408413
35570,0.09784783
35571,0.024443885
35572,0.16213953
35573,0.12325879
35574,0.0959272
35575,0.9952095
35576,0.96657026
35577,0.6509214
35578,0.022139082
35579,0.08768529
35580,0.0544538
35581,0.0114213
35582,0.42887637
35583,0.059428833
35584,0.2467217
35585,0.077484205
35586,0.15207687
35587,0.031066023
35588,0.12574822
35589,0.09163763
35590,0.13951412
35591,0.24753839
35592,0.43906412
35593,0.6887066
35594,0.13851433
35595,0.13820732
35596,0.07016296
35597,0.075052425
35598,0.09220269
35599,0.073736005
35600,0.047324777
35601,0.027324554
35602,0.12327067
35603,0.16853751
35604,0.0896819
35605,0.11668082
35606,0.029242514
35607,0.9561134
35608,1.0
35609,1.0
35610,0.037399445
35611,0.071114756
35612,0.17917563
35613,0.39006063
35614,0.02824018
35615,0.008306299
35616,0.026955362
35617,0.033707615
35618,0.04504322
35619,0.058984563
35620,0.06718466
35621,0.4125608
35622,1.0
35623,0.060673896
35624,0.112008855
35625,0.07774095
35626,0.115612365
35627,0.069376074
35628,0.23255247
35629,0.10266366
35630,0.041454904
35631,0.0828779
35632,0.12561962
35633,0.10725781
35634,0.044371884
35635,0.031163448
35636,0.31875485
35637,0.38616154
35638,0.16420324
35639,0.08330718
35640,0.07908647
35641,0.17372406
35642,0.035764802
35643,0.060231984
35644,0.04390081
35645,0.033880036
35646,0.061682463
35647,0.06219172
35648,0.23094243
35649,0.5082516
35650,0.1990047
35651,0.14676444
35652,0.14457786
35653,0.13583079
35654,0.13046762
35655,0.6541474
35656,0.07341197
35657,0.04430614
35658,0.048901647
35659,0.038018636
35660,0.15070574
35661,0.17115703
35662,0.26469874
35663,0.4327553
35664,0.40234065
35665,0.08618109
35666,1.0
35667,0.23472758
35668,0.012770846
35669,0.10319028
35670,0.16418733
35671,0.029031709
35672,0.043371905
35673,0.4083127
35674,0.051499724
35675,0.03685085
35676,0.04846023
35677,0.057025716
35678,0.13678057
35679,0.40416223
35680,0.3850221
35681,0.44262984
35682,0.4014812
35683,0.122935794
35684,0.11984664
35685,0.41055176
35686,0.03863622
35687,0.19320993
35688,0.09632963
35689,0.10289372
35690,0.44446287
35691,0.2804056
35692,0.054512035
35693,0.46105653
35694,0.41521403
35695,0.0042028283
35696,0.10154673
35697,0.09366741
35698,0.07820496
35699,0.058044035
35700,0.015269969
35701,0.047696993
35702,0.059706066
35703,0.087034605
35704,0.09692831
35705,0.10332507
35706,0.39142126
35707,0.6738442
35708,0.38996607
35709,0.24014424
35710,0.41831264
35711,0.10617713
35712,0.08053121
35713,0.082955465
35714,0.27301735
35715,0.20779617
35716,0.079836875
35717,0.023905551
35718,0.052704792
35719,0.0869567
35720,0.02176498
35721,0.052143868
35722,0.07857374
35723,0.030111408
35724,0.02269905
35725,0.0548441
35726,0.0
35727,0.04754017
35728,0.059369188
35729,0.06967419
35730,0.06315158
35731,0.39518565
35732,0.23694977
35733,0.11685917
35734,0.5913875
35735,0.55771303
35736,0.26465994
35737,0.15384285
35738,0.05074284
35739,0.031848714
35740,0.051835384
35741,0.12639174
35742,0.01934285
35743,0.04620877
35744,0.9819519
35745,0.077683546
35746,0.023956418
35747,0.06403262
35748,0.10668195
35749,0.24967158
35750,0.057478208
35751,0.061695624
35752,0.018097842
35753,0.064451806
35754,0.05907574
35755,0.10703862
35756,0.074400775
35757,0.64306015
35758,0.37909123
35759,0.24443476
35760,1.0
35761,0.37927338
35762,0.39700726
35763,0.17521562
35764,0.037703305
35765,0.036367405
35766,0.037246123
35767,0.0793447
35768,0.07524543
35769,0.05003561
35770,0.13337867
35771,0.41369712
35772,0.118018985
35773,0.27751473
35774,0.029306503
35775,0.101604305
35776,0.13997312
35777,0.1637205
35778,0.2423532
35779,0.06981105
35780,0.0052141366
35781,0.032563362
35782,0.00804847
35783,0.044609394
35784,0.12133436
35785,0.98996764
35786,0.38211668
35787,0.79645735
35788,0.39570922
35789,0.38709474
35790,0.13521619
35791,0.19340907
35792,0.036125295
35793,0.025769731
35794,0.010837548
35795,0.031896792
35796,0.019635422
35797,0.1035424
35798,0.0962222
35799,0.07056999
35800,0.2578926
35801,0.032034658
35802,0.09510041
35803,0.43562928
35804,0.06276472
35805,0.0035672197
35806,0.099753805
35807,0.2505457
35808,0.051462106
35809,0.20286867
35810,0.13297974
35811,0.085549675
35812,0.16538925
35813,0.042641815
35814,0.09499626
35815,0.10073183
35816,0.046239305
35817,0.14102778
35818,0.0032515482
35819,0.13816637
35820,0.037824832
35821,0.024062399
35822,0.1787297
35823,0.007057187
35824,0.027264917
35825,0.15113232
35826,0.041494045
35827,0.11323675
35828,0.056017302
35829,0.056424014
35830,0.051184826
35831,0.13583708
35832,0.2531004
35833,0.6673239
35834,0.17619142
35835,0.016102873
35836,0.009427734
35837,0.022925759
35838,0.025626982
35839,0.024007222
35840,0.06554505
35841,0.081377074
35842,0.23561549
35843,0.010315766
35844,0.022369593
35845,0.050794166
35846,0.02331912
35847,0.026933145
35848,0.110138364
35849,0.0891855
35850,0.42986578
35851,0.008441288
35852,0.042921398
35853,0.0898857
35854,0.09448291
35855,0.39961284
35856,0.19015262
35857,0.027354041
35858,0.025743812
35859,0.20233275
35860,0.05603826
35861,0.085723005
35862,0.19288208
35863,0.071770236
35864,0.013272652
35865,0.0021082987
35866,0.0066566565
35867,0.41307354
35868,0.01901463
35869,0.035726417
35870,0.037450194
35871,0.11145684
35872,0.04979746
35873,0.055947028
35874,0.03461551
35875,0.04253169
35876,0.06355273
35877,0.23988768
35878,0.046449058
35879,0.0360016
35880,0.05598973
35881,0.04308071
35882,0.10967461
35883,0.23979712
35884,0.051130652
35885,0.25873396
35886,0.08204579
35887,0.030656599
35888,0.01650902
35889,0.06941125
35890,0.10134154
35891,0.036013965
35892,0.31064323
35893,0.3135133
35894,0.02271978
35895,0.07282831
35896,0.06232546
35897,0.009825365
35898,0.28963488
35899,0.6619208
35900,0.16051294
35901,0.137482
35902,0.099043034
35903,0.09867807
35904,0.1043465
35905,0.1172993
35906,0.10277865
35907,0.11207181
35908,1.0
35909,0.08591027
35910,0.09972662
35911,0.08835281
35912,0.022868797
35913,0.19070905
35914,0.44632262
35915,0.06910115
35916,0.25241786
35917,0.023811882
35918,0.16020314
35919,0.037993435
35920,0.0779289
35921,0.041333545
35922,0.029214395
35923,0.06721929
35924,0.086249575
35925,0.030175216
35926,0.11645521
35927,0.015480756
35928,0.019136433
35929,0.25965363
35930,0.054390606
35931,0.054770768
35932,0.007672795
35933,0.05776949
35934,0.11255824
35935,0.10388872
35936,1.0
35937,0.080256894
35938,0.24020931
35939,0.10553151
35940,0.0584139
35941,0.05721545
35942,0.041263428
35943,0.024820324
35944,0.4553823
35945,0.03071429
35946,0.004905719
35947,0.0038257777
35948,0.03331824
35949,0.0040230723
35950,0.063461274
35951,0.15204921
35952,0.031632725
35953,0.13470298
35954,0.056972582
35955,0.0152301695
35956,0.0019406348
35957,0.07077307
35958,0.38884544
35959,0.02434897
35960,0.0076817833
35961,0.02447097
35962,0.017744262
35963,0.04104039
35964,0.058078986
35965,0.1709869
35966,0.07852541
35967,0.014182597
35968,0.030632425
35969,0.10782576
35970,0.18194805
35971,0.1301909
35972,0.104779266
35973,0.080054976
35974,0.027466225
35975,0.07966439
35976,0.01728263
35977,0.101490065
35978,0.18364872
35979,0.24239878
35980,0.0038663195
35981,0.018458981
35982,0.013748772
35983,0.014544789
35984,0.02466585
35985,0.006261951
35986,0.035242118
35987,0.016122473
35988,0.02498006
35989,0.015872084
35990,0.04569072
35991,0.109770834
35992,0.108929515
35993,0.10216371
35994,0.24102955
35995,0.0057535362
35996,0.33055824
35997,0.050164316
35998,0.011297261
35999,0.029956924
36000,0.05012234
36001,0.020985322
36002,0.045941845
36003,0.012128204
36004,0.006064732
36005,0.06570171
36006,0.023974016
36007,0.10227176
36008,0.0703856
36009,0.020681681
36010,0.002991787
36011,0.018145725
36012,0.16151623
36013,0.043305174
36014,0.069590025
36015,0.0022688133
36016,0.058131766
36017,0.023255248
36018,0.13222045
36019,0.018216612
36020,0.3498211
36021,0.10221698
36022,0.086610116
36023,0.10883786
36024,0.02405906
36025,0.08517347
36026,0.057855736
36027,0.1270957
36028,0.025317168
36029,0.1437622
36030,0.17577754
36031,0.03475181
36032,0.026003897
36033,0.055823725
36034,0.04762268
36035,0.045756478
36036,0.013200428
36037,0.1596682
36038,0.11835739
36039,0.20892774
36040,0.0209522
36041,0.025786703
36042,0.0044782097
36043,0.022637282
36044,0.07145705
36045,0.027724648
36046,0.056133166
36047,0.0054976717
36048,0.050866395
36049,0.31746367
36050,0.27749133
36051,0.021238314
36052,0.1422032
36053,0.012787149
36054,0.034806367
36055,0.042358674
36056,0.031857226
36057,0.061305843
36058,0.05708001
36059,0.026545648
36060,0.08027181
36061,0.025251744
36062,0.03168927
36063,0.061486308
36064,0.026343368
36065,0.37893927
36066,0.048031546
36067,0.06061937
36068,0.055319928
36069,0.27914676
36070,0.36627504
36071,0.022527661
36072,0.03278551
36073,0.019989656
36074,0.27463007
36075,0.046977043
36076,0.40058973
36077,0.06978099
36078,0.11741894
36079,0.13892078
36080,0.1548181
36081,0.026080126
36082,0.3557515
36083,0.8920735
36084,0.27703926
36085,0.054303445
36086,0.033523533
36087,0.33997485
36088,0.034489553
36089,0.011691582
36090,0.04514455
36091,0.023518547
36092,0.022683939
36093,0.11301415
36094,0.28684735
36095,0.70234567
36096,0.579382
36097,0.06082782
36098,0.07220489
36099,0.25114435
36100,0.14563437
36101,0.031346284
36102,0.07405776
36103,0.05049792
36104,0.10695755
36105,0.14453311
36106,0.40511602
36107,0.2365459
36108,0.23239276
36109,0.5963959
36110,0.11866112
36111,0.0075229174
36112,0.45461375
36113,0.011793283
36114,0.10116673
36115,0.19981207
36116,0.052902434
36117,0.10473147
36118,0.05074661
36119,0.11367516
36120,0.12507184
36121,0.12975068
36122,0.12641704
36123,0.032753773
36124,0.048235293
36125,0.14657623
36126,0.27619392
36127,0.058987495
36128,0.04751173
36129,0.068217956
36130,0.07072836
36131,0.101108715
36132,0.0513559
36133,0.030703392
36134,0.06435863
36135,0.18053329
36136,0.05693672
36137,0.16933978
36138,0.09188191
36139,0.06180325
36140,0.010607904
36141,0.42035282
36142,0.24593376
36143,0.10872575
36144,0.3956138
36145,0.41157266
36146,0.10955783
36147,0.10060089
36148,0.027413452
36149,0.032659397
36150,0.06620183
36151,0.06589465
36152,0.105536826
36153,0.07252114
36154,0.31507486
36155,0.43567824
36156,0.36720103
36157,0.07346445
36158,0.006849879
36159,0.035024147
36160,0.04953203
36161,0.31944475
36162,0.02477432
36163,0.050482538
36164,0.026208913
36165,0.09875312
36166,0.027314862
36167,0.37760353
36168,0.60776645
36169,0.14211273
36170,0.026500294
36171,0.033497725
36172,0.07524953
36173,0.10534666
36174,0.0028878786
36175,0.030529542
36176,0.008879414
36177,0.15470012
36178,0.19679503
36179,0.10861768
36180,0.13539085
36181,0.08837026
36182,0.03543622
36183,0.05086301
36184,0.04936531
36185,0.050440967
36186,0.15699652
36187,0.07729021
36188,0.102341846
36189,0.03224405
36190,0.051393926
36191,0.041462075
36192,0.038377367
36193,0.026152754
36194,0.036138635
36195,0.06860802
36196,0.025342798
36197,0.106340066
36198,0.4878704
36199,0.38112432
36200,0.04729986
36201,0.05560118
36202,0.0323347
36203,0.15498295
36204,0.09550899
36205,0.01944903
36206,0.109233774
36207,0.02283915
36208,0.05658857
36209,0.25043365
36210,0.035028692
36211,0.046784922
36212,0.05210242
36213,0.06925514
36214,0.08581225
36215,0.23704629
36216,0.24879315
36217,0.23308179
36218,0.073936254
36219,0.057123072
36220,0.022905223
36221,0.06099906
36222,0.05849682
36223,0.2684831
36224,0.098142006
36225,0.4179932
36226,0.103600875
36227,0.09811287
36228,0.05646825
36229,0.023007246
36230,0.09740716
36231,0.030321805
36232,0.037093177
36233,0.11532845
36234,0.055602603
36235,0.09118486
36236,0.06356037
36237,0.10347626
36238,0.21992014
36239,0.3868224
36240,0.07032548
36241,0.029300692
36242,0.091445
36243,0.027247896
36244,0.055752024
36245,0.11936765
36246,0.094813846
36247,0.09676887
36248,0.05776399
36249,0.12559427
36250,0.04123581
36251,0.038020004
36252,0.016094208
36253,0.18589577
36254,0.010393163
36255,0.039525468
36256,0.08983491
36257,0.054043036
36258,0.041823186
36259,0.044270806
36260,0.088986106
36261,0.08312006
36262,0.13142848
36263,0.0959871
36264,0.24321608
36265,0.23901322
36266,0.24480672
36267,0.006623452
36268,0.10262905
36269,0.06413048
36270,0.064993486
36271,0.0980196
36272,0.030349817
36273,0.026803544
36274,0.07510396
36275,0.10287472
36276,0.053423103
36277,0.07961643
36278,0.08803598
36279,0.13278385
36280,0.022456596
36281,0.06887253
36282,0.19613121
36283,0.05625864
36284,0.16018175
36285,0.5762611
36286,0.104016475
36287,0.103033975
36288,0.0790844
36289,0.10382425
36290,0.0754934
36291,0.09237868
36292,0.0762747
36293,0.013524772
36294,0.021370338
36295,0.26135665
36296,0.09745305
36297,0.06519347
36298,0.044031896
36299,0.06669813
36300,0.02633477
36301,0.023644328
36302,0.018699262
36303,0.06687745
36304,0.4757996
36305,0.07913594
36306,0.06824383
36307,0.07836863
36308,0.828532
36309,0.13764068
36310,0.021551067
36311,0.09811357
36312,0.078682214
36313,0.23870154
36314,0.37439042
36315,0.070822656
36316,0.030246496
36317,0.07708123
36318,0.09127876
36319,0.0936242
36320,0.15827368
36321,0.03575033
36322,0.27946845
36323,0.076589026
36324,0.082638904
36325,0.0090587335
36326,0.037284303
36327,0.07422434
36328,0.07075994
36329,0.023413153
36330,0.09920269
36331,0.10594929
36332,0.25956482
36333,0.07993643
36334,0.044977967
36335,0.12536535
36336,0.13570048
36337,0.1766518
36338,0.073242195
36339,0.07348352
36340,0.052613582
36341,0.05764689
36342,0.58927697
36343,0.03444228
36344,0.11433751
36345,0.31857377
36346,0.15510169
36347,0.009629626
36348,0.0052173045
36349,2.4073666e-05
36350,0.06460248
36351,0.05301058
36352,0.2590092
36353,0.35296795
36354,0.073271334
36355,0.10563241
36356,0.13098128
36357,0.19522436
36358,0.12816036
36359,0.17676683
36360,0.36716875
36361,0.09895165
36362,0.07178573
36363,0.13022648
36364,0.09642588
36365,0.31206653
36366,0.9433283
36367,0.06356027
36368,0.3789997
36369,0.016224377
36370,0.04951938
36371,0.20524384
36372,0.06287763
36373,0.07250334
36374,0.022496935
36375,0.08403395
36376,0.0043369285
36377,0.52954507
36378,0.06384317
36379,0.09341125
36380,0.27143076
36381,0.14187275
36382,0.19249585
36383,0.2512426
36384,0.19399926
36385,0.0162686
36386,0.23486058
36387,0.24072167
36388,0.09015794
36389,0.9845203
36390,0.3880163
36391,0.3917431
36392,0.0252757
36393,0.22958751
36394,0.09684535
36395,0.03904739
36396,0.020885993
36397,0.009295676
36398,0.012150347
36399,0.06517204
36400,0.014587211
36401,0.0261128
36402,0.07644084
36403,0.08886768
36404,0.09511902
36405,0.10644709
36406,0.08252597
36407,0.10429203
36408,0.10452078
36409,0.023237117
36410,0.10218594
36411,0.27455717
36412,0.062207595
36413,0.9811862
36414,0.9801899
36415,0.66401744
36416,0.0019338601
36417,0.04481588
36418,0.11019997
36419,0.4149155
36420,0.09534495
36421,0.020238204
36422,0.07788731
36423,0.00973436
36424,0.011569912
36425,0.055957083
36426,0.062727794
36427,0.05911243
36428,0.4249552
36429,0.00931415
36430,0.035055477
36431,0.09437071
36432,0.08436367
36433,0.05935965
36434,0.047946274
36435,0.38606286
36436,0.098217756
36437,0.15002309
36438,0.11284046
36439,0.09667488
36440,0.9912963
36441,0.97408235
36442,0.5773226
36443,0.025040591
36444,0.0852578
36445,0.063110575
36446,0.01345863
36447,0.41900495
36448,0.05178711
36449,0.24541764
36450,0.077977285
36451,0.1566644
36452,0.029585388
36453,0.12522832
36454,0.090594314
36455,0.13777947
36456,0.233498
36457,0.45405215
36458,0.67228204
36459,0.12820524
36460,0.13147855
36461,0.06783431
36462,0.074616574
36463,0.08998669
36464,0.06635943
36465,0.044738486
36466,0.11484866
36467,0.16730909
36468,0.08354755
36469,0.102846816
36470,0.02888908
36471,0.95946956
36472,0.9946055
36473,1.0
36474,0.024738988
36475,0.07432758
36476,0.17152102
36477,0.40661597
36478,0.028446937
36479,0.031219637
36480,0.036860306
36481,0.056419645
36482,0.0671221
36483,0.38119024
36484,1.0
36485,0.056798376
36486,0.102729484
36487,0.06908488
36488,0.099225245
36489,0.06536671
36490,0.22584437
36491,0.099116154
36492,0.047011174
36493,0.08675937
36494,0.124637805
36495,0.095211804
36496,0.042162854
36497,0.4496807
36498,0.38091275
36499,0.1652879
36500,0.07883212
36501,0.08074654
36502,0.074267656
36503,0.1721683
36504,0.0343947
36505,0.056724068
36506,0.04450809
36507,0.046454575
36508,0.059545957
36509,0.058660872
36510,0.3855215
36511,0.48776677
36512,0.14182097
36513,0.13905925
36514,0.13767499
36515,0.13752055
36516,0.12755933
36517,0.6089055
36518,0.06496249
36519,0.047446374
36520,0.03712154
36521,0.14457168
36522,0.1674876
36523,0.37714797
36524,0.31830478
36525,0.25663716
36526,0.07404198
36527,0.9798254
36528,0.22988479
36529,0.013417147
36530,0.09592079
36531,0.1588201
36532,0.028041437
36533,0.03799789
36534,0.4035733
36535,0.05257646
36536,0.03653337
36537,0.047232203
36538,0.05809704
36539,0.1273696
36540,0.36826712
36541,0.24578874
36542,0.41957408
36543,0.37343875
36544,0.12257811
36545,0.113950424
36546,0.25971037
36547,0.037689347
36548,0.18302773
36549,0.0991928
36550,0.104673475
36551,0.4210742
36552,0.28215367
36553,0.057253715
36554,0.4591996
36555,0.3692701
36556,0.0044572907
36557,0.08897451
36558,0.08956224
36559,0.07380214
36560,0.05541452
36561,0.013459264
36562,0.04976959
36563,0.058435116
36564,0.08908971
36565,0.09208524
36566,0.104092054
36567,0.37432784
36568,0.6676421
36569,0.37287748
36570,0.23693575
36571,0.4297963
36572,0.104644015
36573,0.03321762
36574,0.08311043
36575,0.08783031
36576,0.24812709
36577,0.20435531
36578,0.07831642
36579,0.024782706
36580,0.05244974
36581,0.08756693
36582,0.02380077
36583,0.05044835
36584,0.07919301
36585,0.02026943
36586,0.060989186
36587,0.0
36588,0.047439437
36589,0.061954834
36590,0.06836464
36591,0.05828045
36592,0.3641087
36593,0.22895695
36594,0.3787943
36595,0.622644
36596,0.540073
36597,0.24448508
36598,0.160037
36599,0.052377593
36600,0.032583382
36601,0.048841644
36602,0.124339186
36603,0.017100025
36604,0.05339679
36605,0.98998785
36606,0.07805447
36607,0.020705355
36608,0.068788625
36609,0.101909034
36610,0.2441923
36611,0.05973584
36612,0.05666984
36613,0.015023584
36614,0.06676073
36615,0.023288611
36616,0.024547271
36617,0.056937687
36618,0.10840719
36619,0.07060364
36620,0.64834267
36621,0.37956613
36622,0.2439955
36623,1.0
36624,0.27591065
36625,0.32161078
36626,0.16410457
36627,0.039077666
36628,0.038166653
36629,0.035536274
36630,0.07507747
36631,0.07357919
36632,0.048804116
36633,0.078613445
36634,0.385406
36635,0.115716495
36636,0.2691284
36637,0.03203651
36638,0.10457173
36639,0.1286266
36640,0.17146741
36641,0.22992133
36642,0.076819025
36643,0.04343494
36644,0.010784862
36645,0.04347104
36646,0.11350017
36647,1.0
36648,0.36701593
36649,0.79210144
36650,0.3727298
36651,0.35547453
36652,0.1258189
36653,0.20053492
36654,0.04008166
36655,0.023625728
36656,0.032310877
36657,0.01966063
36658,0.09673566
36659,0.09409607
36660,0.063515596
36661,0.25830263
36662,0.029578485
36663,0.09812706
36664,0.39481723
36665,0.062309474
36666,0.006184441
36667,0.0014511859
36668,0.09765367
36669,0.24060853
36670,0.048843414
36671,0.20953207
36672,0.1390928
36673,0.080941446
36674,0.16557355
36675,0.04865519
36676,0.10433438
36677,0.09381897
36678,0.044173997
36679,0.14288567
36680,0.12901545
36681,0.03943222
36682,0.09455502
36683,0.007547513
36684,0.02701081
36685,0.23390347
36686,0.039436318
36687,0.10905115
36688,0.051710144
36689,0.058849227
36690,0.04899168
36691,0.13648516
36692,0.25170803
36693,0.6558799
36694,0.1764163
36695,0.0141967945
36696,0.007219734
36697,0.025611436
36698,0.022315037
36699,0.024061715
36700,0.064712435
36701,0.07752
36702,0.22771244
36703,0.016774645
36704,0.022156443
36705,0.016092312
36706,0.048413575
36707,0.018413115
36708,0.022274887
36709,0.021774473
36710,0.1131186
36711,0.08732323
36712,0.39676958
36713,0.013226978
36714,0.008072048
36715,0.04192721
36716,0.084546916
36717,0.09633121
36718,0.39022115
36719,0.20368925
36720,0.025092905
36721,0.024422865
36722,0.25171748
36723,0.05423492
36724,0.083349414
36725,0.20408233
36726,0.0040100515
36727,0.3784365
36728,0.018120967
36729,0.034249548
36730,0.03687474
36731,0.10882399
36732,0.046570744
36733,0.055702228
36734,0.038405627
36735,0.03924218
36736,0.068720296
36737,0.13419163
36738,0.048056383
36739,0.040153954
36740,0.053391106
36741,0.04085137
36742,0.100644894
36743,0.24032015
36744,0.046952136
36745,0.24574406
36746,0.08409807
36747,0.014714932
36748,0.070455775
36749,0.10261913
36750,0.061591044
36751,0.31360602
36752,0.31922486
36753,0.023857597
36754,0.06745937
36755,0.058671776
36756,0.3727535
36757,0.59420204
36758,0.110082276
36759,0.12893984
36760,0.014496325
36761,0.09863896
36762,0.10994382
36763,0.10786748
36764,0.10107629
36765,0.110930815
36766,0.10589734
36767,1.0
36768,0.015734464
36769,0.08588645
36770,0.09161955
36771,0.08077914
36772,0.02226087
36773,0.20474957
36774,0.4490388
36775,0.06404013
36776,0.25191042
36777,0.022310032
36778,0.17747343
36779,0.037895046
36780,0.071605355
36781,0.03870406
36782,0.03155011
36783,0.0629893
36784,0.08375573
36785,0.030456433
36786,0.01723161
36787,0.10209866
36788,0.018668495
36789,0.19635983
36790,0.0575636
36791,0.010927354
36792,0.0615088
36793,0.106011085
36794,0.10966829
36795,0.022020644
36796,0.026360722
36797,0.061741795
36798,1.0
36799,0.07862556
36800,0.15914896
36801,0.11045095
36802,0.062203273
36803,0.053235687
36804,0.038771052
36805,0.026157256
36806,0.42641914
36807,0.030559715
36808,0.0017733951
36809,0.0060555073
36810,0.002632633
36811,0.063683555
36812,0.23334983
36813,0.12748407
36814,0.05224675
36815,0.0714402
36816,0.29368117
36817,0.024321998
36818,0.023530183
36819,0.023668027
36820,0.03846634
36821,0.060937144
36822,0.24870503
36823,0.07052346
36824,0.013654829
36825,0.02977829
36826,0.100851476
36827,0.1745313
36828,0.12938552
36829,0.1014292
36830,0.08196306
36831,0.027191944
36832,0.07987112
36833,0.10810429
36834,0.18311843
36835,0.22927445
36836,0.0069225812
36837,0.045710046
36838,0.017665196
36839,0.013164367
36840,0.023414064
36841,0.0331899
36842,0.014145083
36843,0.04979104
36844,0.11867097
36845,0.10555446
36846,0.09873661
36847,0.028202293
36848,0.2337058
36849,0.0074839788
36850,0.33560666
36851,0.05001328
36852,0.033276446
36853,0.05112397
36854,0.017461633
36855,0.02253937
36856,0.05300829
36857,0.014075263
36858,0.0049480703
36859,0.067505315
36860,0.030830678
36861,0.08237838
36862,0.019892754
36863,0.07258375
36864,0.019768056
36865,0.16474076
36866,0.04253774
36867,0.071111575
36868,0.010039841
36869,0.06296079
36870,0.020428754
36871,0.02515234
36872,0.13897051
36873,0.34143007
36874,0.104980156
36875,0.095829174
36876,0.1077263
36877,0.077431954
36878,0.056814898
36879,0.124724396
36880,0.02091045
36881,0.13568981
36882,0.17937002
36883,0.03721762
36884,0.026565446
36885,0.0494993
36886,0.014351596
36887,0.010457184
36888,0.009140219
36889,0.00806299
36890,0.04212803
36891,0.009902775
36892,0.16216975
36893,0.110195674
36894,0.01013722
36895,0.21614483
36896,0.02220543
36897,0.008646481
36898,0.006635017
36899,0.019568184
36900,0.06880175
36901,0.028956553
36902,0.038179927
36903,0.061097406
36904,0.045513477
36905,0.20603673
36906,0.39017266
36907,0.022364588
36908,0.2430437
36909,0.013193142
36910,0.055290088
36911,0.021804057
36912,0.037018154
36913,0.04522454
36914,0.052286938
36915,0.08111074
36916,0.018330494
36917,0.023113482
36918,0.05608652
36919,0.02691236
36920,0.023736527
36921,0.38153064
36922,0.035829984
36923,0.04060813
36924,0.04382867
36925,0.27651834
36926,0.25270912
36927,0.021053528
36928,0.0318307
36929,0.031555407
36930,0.3616269
36931,0.03924412
36932,0.3914609
36933,0.047598485
36934,0.13487175
36935,0.12229691
36936,0.15185201
36937,0.011162316
36938,0.007973022
36939,0.36544338
36940,0.015605289
36941,0.89643705
36942,0.27521464
36943,0.030688833
36944,0.32676354
36945,0.033384677
36946,0.017111706
36947,0.042706165
36948,0.017521445
36949,0.11683961
36950,0.28066355
36951,0.70398664
36952,0.6666116
36953,0.060001146
36954,0.11485322
36955,0.13990109
36956,0.0670083
36957,0.046291996
36958,0.09613843
36959,0.14746585
36960,0.045143306
36961,0.38768595
36962,0.13225727
36963,0.24058396
36964,0.6380185
36965,0.12081873
36966,0.4567212
36967,0.10945004
36968,0.18903333
36969,0.052858092
36970,0.11038945
36971,0.045395177
36972,0.11195081
36973,0.022147961
36974,0.1204779
36975,0.13371363
36976,0.1283777
36977,0.032883175
36978,0.0432777
36979,0.15972558
36980,0.25640643
36981,0.05293291
36982,0.047047835
36983,0.06686572
36984,0.08499199
36985,0.047254957
36986,0.009391758
36987,0.060486797
36988,0.19430213
36989,0.053248096
36990,0.26050982
36991,0.08249449
36992,0.053993136
36993,0.01821492
36994,0.00834341
36995,0.46023795
36996,0.264047
36997,0.007457535
36998,0.11381717
36999,0.41597617
37000,0.44256288
37001,0.0026326708
37002,0.112252146
37003,0.10771925
37004,0.028923659
37005,0.028609205
37006,0.05725317
37007,0.06705547
37008,0.10174009
37009,0.07556471
37010,0.31425646
37011,0.42659935
37012,0.09141393
37013,0.07061678
37014,0.04113649
37015,0.048736323
37016,0.3116907
37017,0.04868951
37018,0.00056154316
37019,0.08894519
37020,0.28202754
37021,0.60860866
37022,0.1383989
37023,0.024394654
37024,0.026684448
37025,0.07590098
37026,0.10199194
37027,0.02703723
37028,0.010134226
37029,0.13844499
37030,0.19275095
37031,0.10711405
37032,0.12742808
37033,0.08461074
37034,0.021331517
37035,0.030124981
37036,0.05022066
37037,0.047851685
37038,0.052971218
37039,0.23766531
37040,0.072156295
37041,0.100748956
37042,0.026631445
37043,0.050090317
37044,0.040184133
37045,0.025385158
37046,0.037465192
37047,0.0641614
37048,0.023720223
37049,0.096002415
37050,0.49457052
37051,0.37913346
37052,0.04429356
37053,0.04766601
37054,0.035872042
37055,0.14684981
37056,0.095474504
37057,0.01648869
37058,0.10176948
37059,0.011865393
37060,0.016784187
37061,0.05248774
37062,0.00086514745
37063,0.18997812
37064,0.034130547
37065,0.04587501
37066,0.05351121
37067,0.064550616
37068,0.08375473
37069,0.14886756
37070,0.23823729
37071,0.2318205
37072,0.07508962
37073,0.054787222
37074,0.024832256
37075,0.053220864
37076,0.055734426
37077,0.2638575
37078,0.0945719
37079,0.4345113
37080,0.1032807
37081,0.09345825
37082,0.051149935
37083,0.094795905
37084,0.02310287
37085,0.0052408343
37086,0.08932349
37087,0.012048752
37088,0.0389502
37089,0.037235744
37090,0.112794906
37091,0.053809635
37092,0.08855473
37093,0.06495833
37094,0.099175915
37095,0.22785687
37096,0.37280604
37097,0.06962315
37098,0.032059338
37099,0.08442891
37100,0.054740667
37101,0.11748613
37102,0.09920248
37103,0.09377878
37104,0.057119012
37105,0.11938519
37106,0.039387323
37107,0.02822414
37108,0.02159814
37109,0.18122776
37110,0.09159809
37111,0.04916773
37112,0.040822256
37113,0.04263877
37114,0.09042579
37115,0.08548071
37116,0.12790322
37117,0.09223562
37118,0.23808777
37119,0.23939022
37120,0.17672001
37121,0.0058781076
37122,0.09660408
37123,0.009363018
37124,0.05886522
37125,0.061431717
37126,0.09542601
37127,0.029366937
37128,0.072891876
37129,0.08496454
37130,0.0467695
37131,0.0760914
37132,0.042998448
37133,0.08043825
37134,0.003391089
37135,0.12536731
37136,0.024337662
37137,0.06532544
37138,0.20246926
37139,0.0533077
37140,0.1189372
37141,0.5677436
37142,0.0961251
37143,0.10266592
37144,0.07604672
37145,0.10095941
37146,0.06400017
37147,0.09412366
37148,0.067971505
37149,0.0055704764
37150,0.013879377
37151,0.019311788
37152,0.25579622
37153,0.10526014
37154,0.055334896
37155,0.04191337
37156,0.05686917
37157,0.021958996
37158,0.018445313
37159,0.03469
37160,0.06310027
37161,0.4478475
37162,0.076793134
37163,0.06541927
37164,0.07440671
37165,0.85481995
37166,0.13506864
37167,0.0910957
37168,0.07698254
37169,0.22447342
37170,0.37629274
37171,0.06317485
37172,0.028189244
37173,0.07052814
37174,0.09459651
37175,0.08697568
37176,0.15286444
37177,0.03335809
37178,0.24419086
37179,0.07247576
37180,0.080352776
37181,0.013163997
37182,0.04062568
37183,0.073737554
37184,0.06426637
37185,0.02044357
37186,0.09621759
37187,0.104610085
37188,0.26053798
37189,0.077292226
37190,0.04263912
37191,0.123530924
37192,0.13340871
37193,0.17141387
37194,0.072359726
37195,0.072559096
37196,0.042455625
37197,0.05548665
37198,0.630852
37199,0.035709865
37200,0.109314404
37201,0.38814843
37202,0.14267749
37203,0.006990145
37204,0.011484357
37205,0.0016848715
37206,0.06472044
37207,0.05368248
37208,0.25210378
37209,0.37281245
37210,0.0699137
37211,0.10386904
37212,0.12783094
37213,0.1263816
37214,0.12788156
37215,0.18101737
37216,0.37772495
37217,0.09587987
37218,0.021333333
37219,0.06327177
37220,0.1286975
37221,0.09118074
37222,0.321037
37223,0.92643446
37224,0.061607923
37225,0.37074086
37226,0.0136222765
37227,0.045367055
37228,0.19684824
37229,0.021084007
37230,0.060418006
37231,0.06963036
37232,0.021738958
37233,0.078779526
37234,0.52003396
37235,0.05311253
37236,0.08941247
37237,0.2684797
37238,0.13397598
37239,0.19389562
37240,0.2548613
37241,0.24438013
37242,0.015331702
37243,0.22533369
37244,0.13515103
37245,0.079752065
37246,0.9992688
37247,0.41504517
37248,0.32420895
37249,0.025068188
37250,0.12127192
37251,0.10530405
37252,0.032867942
37253,0.018055834
37254,0.061450236
37255,0.007236851
37256,0.013256083
37257,0.025689838
37258,0.07676215
37259,0.08721388
37260,0.09021732
37261,0.1044719
37262,0.08135907
37263,0.10506741
37264,0.09071268
37265,0.023184702
37266,0.088683605
37267,0.28054148
37268,0.059161596
37269,0.99192786
37270,0.99898493
37271,0.6888647
37272,0.0
37273,0.03804486
37274,0.024187036
37275,0.103189714
37276,0.39870724
37277,0.09341389
37278,0.07379153
37279,0.007035493
37280,0.01242131
37281,0.054263994
37282,0.060364146
37283,0.056482613
37284,0.0082851425
37285,0.4288002
37286,0.010317222
37287,0.035685636
37288,0.13219911
37289,0.081442185
37290,0.058240715
37291,0.046955947
37292,0.25879517
37293,0.095506296
37294,0.14547989
37295,0.10478463
37296,0.09104543
37297,0.9979821
37298,0.9711376
37299,0.6041822
37300,0.019953901
37301,0.08491007
37302,0.060404334
37303,0.009841978
37304,0.40062022
37305,0.047920633
37306,0.23649219
37307,0.07458872
37308,0.14010315
37309,0.03010955
37310,0.12097199
37311,0.08485759
37312,0.13651668
37313,0.21331102
37314,0.4586399
37315,0.6780815
37316,0.13314259
37317,0.12809728
37318,0.065778546
37319,0.074423976
37320,0.08567346
37321,0.06446456
37322,0.041066032
37323,0.11535803
37324,0.15613425
37325,0.08389835
37326,0.105892286
37327,0.022999672
37328,0.93829066
37329,0.9831056
37330,0.987628
37331,0.068179876
37332,0.35590577
37333,0.39274034
37334,0.024085434
37335,0.008737864
37336,0.03395174
37337,0.03216206
37338,0.045881145
37339,0.053598635
37340,0.06541919
37341,0.3759447
37342,1.0
37343,0.058503654
37344,0.10516888
37345,0.06500222
37346,0.09998386
37347,0.059247512
37348,0.12453125
37349,0.09072429
37350,0.042749166
37351,0.074448645
37352,0.11055867
37353,0.09865012
37354,0.03898127
37355,0.43980303
37356,0.37664884
37357,0.15119152
37358,0.015047243
37359,0.07725401
37360,0.07424598
37361,0.16034992
37362,0.033013433
37363,0.051427465
37364,0.040362634
37365,0.03429734
37366,0.030879928
37367,0.05833292
37368,0.060000345
37369,0.23047633
37370,0.45127273
37371,0.14134385
37372,0.13266623
37373,0.13205466
37374,0.1263593
37375,0.12227145
37376,0.60795915
37377,0.0589101
37378,0.035250135
37379,0.13704267
37380,0.15935856
37381,0.2656103
37382,0.4224338
37383,0.25103697
37384,0.0829682
37385,1.0
37386,0.22093132
37387,0.0906147
37388,0.14702696
37389,0.027708648
37390,0.041440405
37391,0.40345287
37392,0.053453542
37393,0.036685575
37394,0.047664933
37395,0.054167837
37396,0.12715912
37397,0.35220808
37398,0.25438002
37399,0.24437241
37400,0.23179986
37401,0.12269042
37402,0.09755172
37403,0.25427106
37404,0.015473529
37405,0.031690728
37406,0.17974238
37407,0.097663686
37408,0.09615431
37409,0.42738956
37410,0.2848147
37411,0.05264178
37412,0.43778008
37413,0.309946
37414,0.0066001075
37415,0.086203955
37416,0.087750055
37417,0.0697956
37418,0.00349364
37419,0.056823958
37420,0.08624024
37421,0.08653112
37422,0.10843786
37423,0.38405108
37424,0.70308024
37425,0.38073078
37426,0.23534885
37427,0.38831913
37428,0.0958048
37429,0.03467047
37430,0.07820434
37431,0.077857636
37432,0.12497596
37433,0.2841875
37434,0.07713931
37435,0.023003215
37436,0.046060473
37437,0.102312244
37438,0.04905935
37439,0.07483234
37440,0.023559406
37441,0.06020893
37442,0.013871297
37443,0.0007122042
37444,0.046664204
37445,0.061219543
37446,0.06546301
37447,0.05661054
37448,0.35522547
37449,0.13185354
37450,0.37273395
37451,0.61642617
37452,0.53208137
37453,0.24260406
37454,0.14665972
37455,0.047859788
37456,0.046572182
37457,0.11310599
37458,0.01570253
37459,0.045192197
37460,0.9861558
37461,0.07455128
37462,0.05983461
37463,0.09514152
37464,0.23920336
37465,0.05433191
37466,0.054669097
37467,0.06299944
37468,0.023798363
37469,0.023643652
37470,0.05745984
37471,0.09740001
37472,0.06351328
37473,0.63659513
37474,0.37657183
37475,0.24058336
37476,0.993098
37477,0.37871212
37478,0.32440853
37479,0.16405173
37480,0.03732789
37481,0.03468543
37482,0.037799034
37483,0.07515808
37484,0.0705647
37485,0.04311034
37486,0.07709466
37487,0.3972794
37488,0.23309807
37489,0.28252575
37490,0.028407972
37491,0.09203432
37492,0.12339134
37493,0.16497841
37494,0.22647862
37495,0.07338696
37496,0.03741694
37497,0.04316814
37498,0.11667355
37499,1.0
37500,0.36289272
37501,0.8127259
37502,0.3711771
37503,0.2477988
37504,0.123854
37505,0.18678202
37506,0.033068787
37507,0.01446826
37508,0.023092147
37509,0.0007111873
37510,0.019209234
37511,0.081048846
37512,0.09284934
37513,0.055040948
37514,0.19653162
37515,0.02536676
37516,0.09148105
37517,0.39992386
37518,0.055918857
37519,0.003563972
37520,0.098412745
37521,0.23289917
37522,0.04981844
37523,0.12878495
37524,0.12765047
37525,0.0779341
37526,0.16387182
37527,0.083166316
37528,0.08976192
37529,0.03959543
37530,0.22953662
37531,0.12598643
37532,0.035417855
37533,0.013990781
37534,0.09821957
37535,0.14664146
37536,0.0389002
37537,0.10026613
37538,0.054149505
37539,0.065998204
37540,0.048698872
37541,0.12536308
37542,0.3697795
37543,0.679783
37544,0.16975579
37545,0.015510326
37546,0.008046344
37547,0.02031651
37548,0.02260866
37549,0.058958165
37550,0.013958202
37551,0.07561771
37552,0.122899055
37553,0.014507562
37554,0.02421785
37555,0.013814802
37556,0.016154772
37557,0.022213604
37558,0.10712377
37559,0.08401076
37560,0.39668795
37561,0.015032592
37562,0.008531416
37563,0.041112967
37564,0.08271409
37565,0.09044105
37566,0.3961446
37567,0.19677228
37568,0.023585992
37569,0.022945082
37570,0.24428205
37571,0.013465981
37572,0.07969456
37573,0.26180223
37574,0.067792065
37575,0.014179344
37576,0.0034023726
37577,0.27885196
37578,0.03161772
37579,0.036247555
37580,0.10831529
37581,0.045931127
37582,0.050115105
37583,0.04173113
37584,0.06121479
37585,0.13068506
37586,0.045745194
37587,0.042689808
37588,0.049079407
37589,0.04153477
37590,0.10051733
37591,0.2313773
37592,0.040917534
37593,0.24409744
37594,0.07580725
37595,0.027832616
37596,0.01645579
37597,0.0634549
37598,0.10286019
37599,0.03294168
37600,0.3771656
37601,0.31134802
37602,0.023567561
37603,0.06437946
37604,0.059917107
37605,0.012316232
37606,0.38143098
37607,0.5811581
37608,0.09649752
37609,0.12729982
37610,0.09236861
37611,0.096501365
37612,0.10914122
37613,0.096387506
37614,0.095731795
37615,0.10352571
37616,1.0
37617,0.08019025
37618,0.010547961
37619,0.0910343
37620,0.0774243
37621,0.035812296
37622,0.18809788
37623,0.43183666
37624,0.063887894
37625,0.25158617
37626,0.021862434
37627,0.01910464
37628,0.17889114
37629,0.037200157
37630,0.07150874
37631,0.039215747
37632,0.031863056
37633,0.05629101
37634,0.080948025
37635,0.027322793
37636,0.10836688
37637,0.19535378
37638,0.0467474
37639,0.05249172
37640,0.058571592
37641,0.11494774
37642,0.092679776
37643,0.023925696
37644,0.024346946
37645,0.0574831
37646,0.9448444
37647,0.07700712
37648,0.15100703
37649,0.10947102
37650,0.058614336
37651,0.053331997
37652,0.03937813
37653,0.012086702
37654,0.34029928
37655,0.029622652
37656,0.001737852
37657,0.0
37658,0.05798718
37659,0.3580879
37660,0.0027649116
37661,0.12356093
37662,0.014274528
37663,0.0
37664,0.06630564
37665,0.29215837
37666,0.020714398
37667,0.018087862
37668,0.019628845
37669,0.034654833
37670,0.059626576
37671,0.16039324
37672,0.07129466
37673,0.015169254
37674,0.10414653
37675,0.23555835
37676,0.11893739
37677,0.098907664
37678,0.08012408
37679,0.027164998
37680,0.078670986
37681,0.1121304
37682,0.23850352
37683,0.14335993
37684,0.002197902
37685,0.04402261
37686,0.019324606
37687,0.0063762823
37688,0.02224233
37689,0.022501534
37690,0.047946036
37691,0.110910565
37692,0.1073122
37693,0.09299604
37694,0.15202603
37695,0.0052787615
37696,0.38846782
37697,0.013636765
37698,0.017705431
37699,0.04575919
37700,0.013145022
37701,0.030171825
37702,0.048233874
37703,0.015608942
37704,0.021545744
37705,0.048573945
37706,0.012821773
37707,0.011208907
37708,0.0
37709,0.060169768
37710,0.021664394
37711,0.09539857
37712,0.07232521
37713,0.00013718393
37714,0.0074916077
37715,0.15476064
37716,0.04319978
37717,0.06753345
37718,0.061106887
37719,0.013569755
37720,0.0202432
37721,0.13171302
37722,0.33141997
37723,0.10286721
37724,0.086422294
37725,0.10569259
37726,0.06993818
37727,0.05044027
37728,0.12070465
37729,0.02277205
37730,0.13918121
37731,0.17679554
37732,0.03412344
37733,0.011633757
37734,0.05029737
37735,0.044148955
37736,0.022515344
37737,0.012776282
37738,0.044148553
37739,0.15764032
37740,0.115087226
37741,0.0
37742,0.30959672
37743,0.015567931
37744,0.019971913
37745,0.0058324668
37746,0.024574209
37747,0.06777484
37748,0.037550543
37749,0.05879764
37750,0.0076223286
37751,0.024019957
37752,0.20618944
37753,0.26636225
37754,0.01925043
37755,0.13763317
37756,0.013425364
37757,0.02655727
37758,0.036404833
37759,0.04486539
37760,0.0449014
37761,0.03813203
37762,0.026936924
37763,0.08585392
37764,0.023406692
37765,0.027414983
37766,0.04964381
37767,0.028491084
37768,0.022199078
37769,0.030158302
37770,0.41706163
37771,0.032061327
37772,0.048279796
37773,0.17729351
37774,0.13912252
37775,0.022075616
37776,0.02993595
37777,0.26553565
37778,0.042625494
37779,0.41548032
37780,0.052045017
37781,0.12845854
37782,0.11635737
37783,0.14654587
37784,0.1547574
37785,0.013957243
37786,0.9052058
37787,0.15489201
37788,0.050608683
37789,0.2962077
37790,0.035878345
37791,0.014786093
37792,0.035967674
37793,0.040029883
37794,0.12107951
37795,0.17110641
37796,0.7390506
37797,0.45573846
37798,0.054135434
37799,0.11318263
37800,0.14002253
37801,0.01057226
37802,0.06761893
37803,0.048353076
37804,0.10165575
37805,0.0
37806,0.14730038
37807,0.05023047
37808,0.43690735
37809,0.1363698
37810,0.24796891
37811,0.685313
37812,0.23775938
37813,0.007814714
37814,0.50877804
37815,0.012078727
37816,0.08991446
37817,0.18438609
37818,0.047267206
37819,0.09696123
37820,0.045585833
37821,0.11178664
37822,0.022708612
37823,0.11047514
37824,0.13309672
37825,0.12667578
37826,0.15279227
37827,0.4105048
37828,0.05834775
37829,0.046681467
37830,0.060788434
37831,0.068756334
37832,0.08847469
37833,0.049138457
37834,0.006410778
37835,0.061111696
37836,0.17656147
37837,0.05193024
37838,0.26645696
37839,0.08192954
37840,0.052055273
37841,0.014468604
37842,0.49466923
37843,0.40950122
37844,0.11576997
37845,0.40703556
37846,0.47551516
37847,0.004020422
37848,0.10222128
37849,0.10972157
37850,0.05726235
37851,0.06667931
37852,0.10403122
37853,0.07167298
37854,0.19882545
37855,0.4991118
37856,0.10871582
37857,0.06679332
37858,0.034388985
37859,0.048335437
37860,0.314597
37861,0.016868843
37862,0.054060783
37863,0.012752288
37864,0.19661123
37865,0.047558118
37866,0.2819513
37867,0.728331
37868,0.13000259
37869,0.029144997
37870,0.070271686
37871,0.089820564
37872,0.024971541
37873,0.14397901
37874,0.18832234
37875,0.101703405
37876,0.12594132
37877,0.08673674
37878,0.03149305
37879,0.052477133
37880,0.048162807
37881,0.052390397
37882,0.23924169
37883,0.07110341
37884,0.09147558
37885,0.024647484
37886,0.05084936
37887,0.042220578
37888,0.03263068
37889,0.025122017
37890,0.035876326
37891,0.06391166
37892,0.021150822
37893,0.10001531
37894,0.4958007
37895,0.44708112
37896,0.044026017
37897,0.046932798
37898,0.1516843
37899,0.0925087
37900,0.017630521
37901,0.08926167
37902,0.0071079237
37903,0.18693367
37904,0.033926677
37905,0.048112217
37906,0.05513371
37907,0.06551021
37908,0.08219961
37909,0.15117083
37910,0.14053626
37911,0.22823331
37912,0.07132584
37913,0.05350333
37914,0.02337282
37915,0.05901677
37916,0.055718567
37917,0.024360068
37918,0.27042317
37919,0.088856235
37920,0.4533878
37921,0.10478174
37922,0.019969437
37923,0.09241657
37924,0.048003837
37925,0.094896376
37926,0.021713054
37927,0.00829994
37928,0.006113304
37929,0.09491153
37930,0.023921208
37931,0.037001528
37932,0.037244454
37933,0.109323286
37934,0.05462
37935,0.087351546
37936,0.06069488
37937,0.1035678
37938,0.13435139
37939,0.39389387
37940,0.06817426
37941,0.030834658
37942,0.086163
37943,0.027385185
37944,0.05549928
37945,0.0015170998
37946,0.116159864
37947,0.09269058
37948,0.09283279
37949,0.052532572
37950,0.11787436
37951,0.03803718
37952,0.036271658
37953,0.02758679
37954,0.17982425
37955,0.010221835
37956,0.104410455
37957,0.04768861
37958,0.043124463
37959,0.042814374
37960,0.08520898
37961,0.08002622
37962,0.12373122
37963,0.09446662
37964,0.24103695
37965,0.23420733
37966,0.17001292
37967,0.0062918
37968,0.09631516
37969,0.01099225
37970,0.06268934
37971,0.05883449
37972,0.09477541
37973,0.027352154
37974,0.025418242
37975,0.072356634
37976,0.084646404
37977,0.052635953
37978,0.07474258
37979,0.0385702
37980,0.079438835
37981,0.0006494137
37982,0.12482359
37983,0.023511827
37984,0.06258184
37985,0.25162548
37986,0.055514276
37987,0.11613775
37988,0.605259
37989,0.098854296
37990,0.09887253
37991,0.075011596
37992,0.10496757
37993,0.06357174
37994,0.088337
37995,0.06427463
37996,0.009509396
37997,0.017801255
37998,0.26759452
37999,0.10543984
38000,0.057266835
38001,0.041992795
38002,0.05581802
38003,0.021391738
38004,0.02129426
38005,0.013353421
38006,0.03335487
38007,0.0644619
38008,0.4830739
38009,0.07675811
38010,0.06980833
38011,0.07428076
38012,0.8433816
38013,0.12750202
38014,0.022626955
38015,0.097676314
38016,0.07644544
38017,0.22992283
38018,0.40662736
38019,0.06514908
38020,0.026443651
38021,0.06898513
38022,0.081693664
38023,0.08895334
38024,0.15916008
38025,0.03437987
38026,0.12310038
38027,0.06900766
38028,0.08300955
38029,0.009705211
38030,0.040050887
38031,0.07042071
38032,0.06507599
38033,0.02275543
38034,0.10007092
38035,0.10045026
38036,0.26169434
38037,0.080227785
38038,0.043227017
38039,0.12084554
38040,0.13042817
38041,0.23472011
38042,0.069310695
38043,0.07378878
38044,0.040823884
38045,0.05292008
38046,0.6587106
38047,0.035022486
38048,0.106420316
38049,0.42072126
38050,0.15052283
38051,0.00293085
38052,0.013848913
38053,0.0019009564
38054,0.0615221
38055,0.053119577
38056,0.258739
38057,0.3769684
38058,0.06856294
38059,0.108059585
38060,0.1291542
38061,0.12536754
38062,0.12914804
38063,0.17456304
38064,0.39358222
38065,0.09292185
38066,0.06349691
38067,0.13353692
38068,0.08974109
38069,0.2151561
38070,0.9708035
38071,0.056360055
38072,0.39018092
38073,0.0459851
38074,0.19460621
38075,0.020104688
38076,0.062282167
38077,0.06994861
38078,0.022698324
38079,0.07991915
38080,0.53273374
38081,0.05509563
38082,0.08940964
38083,0.2596416
38084,0.13228701
38085,0.18790464
38086,0.24834758
38087,0.24165285
38088,0.013655641
38089,0.14673755
38090,0.13582902
38091,0.084011555
38092,1.0
38093,0.40235168
38094,0.3216827
38095,0.025289448
38096,0.1256056
38097,0.118608184
38098,0.017480958
38099,0.06012348
38100,0.007698721
38101,0.013135235
38102,0.026825437
38103,0.071979076
38104,0.084214434
38105,0.09285245
38106,0.10374742
38107,0.0774376
38108,0.10578343
38109,0.09594647
38110,0.021252302
38111,0.101247765
38112,0.19343646
38113,0.016009673
38114,0.055720177
38115,0.9991174
38116,0.98898476
38117,0.64202684
38118,0.0
38119,0.037033394
38120,0.031107433
38121,0.10661453
38122,0.43039668
38123,0.10913275
38124,0.07568489
38125,0.0072297337
38126,0.014052412
38127,0.056822293
38128,0.06308223
38129,0.05584025
38130,0.009078657
38131,0.41040865
38132,0.012364866
38133,0.03393983
38134,0.088745974
38135,0.081469454
38136,0.05713791
38137,0.046999
38138,0.2661271
38139,0.094353355
38140,0.1474472
38141,0.107905224
38142,0.08992895
38143,0.98468024
38144,0.98547816
38145,0.5450345
38146,0.08062554
38147,0.05651996
38148,0.4357347
38149,0.049224954
38150,0.2356337
38151,0.072967365
38152,0.14117599
38153,0.030477364
38154,0.12197715
38155,0.08452636
38156,0.13170667
38157,0.21306306
38158,0.4703573
38159,0.7033087
38160,0.12537722
38161,0.13198508
38162,0.061669227
38163,0.071079865
38164,0.08816437
38165,0.06556843
38166,0.043130156
38167,0.018904457
38168,0.1146234
38169,0.16113803
38170,0.07993624
38171,0.10253208
38172,0.025058486
38173,0.94544625
38174,0.9876527
38175,1.0
38176,0.07076389
38177,0.2074608
38178,0.43852288
38179,0.02473713
38180,0.0053281425
38181,0.044818062
38182,0.05482757
38183,0.06520813
38184,0.26162443
38185,1.0
38186,0.059593156
38187,0.10368368
38188,0.064692475
38189,0.10656125
38190,0.060782462
38191,0.12195865
38192,0.095375344
38193,0.040873483
38194,0.07961728
38195,0.11190007
38196,0.08983412
38197,0.040718943
38198,0.027919443
38199,0.4322147
38200,0.281876
38201,0.15438999
38202,0.07483555
38203,0.013863651
38204,0.0751115
38205,0.07605242
38206,0.16062541
38207,0.035489067
38208,0.056210883
38209,0.041993603
38210,0.031405143
38211,0.030730067
38212,0.057126883
38213,0.058507804
38214,0.22330223
38215,0.5148987
38216,0.13700204
38217,0.225651
38218,0.13360696
38219,0.12892628
38220,0.11611149
38221,0.65492195
38222,0.066263035
38223,0.037318535
38224,0.13845046
38225,0.16317698
38226,0.40012082
38227,0.46320036
38228,0.25573593
38229,0.07928305
38230,1.0
38231,0.22238664
38232,0.09438732
38233,0.22801419
38234,0.02577446
38235,0.036243834
38236,0.4265081
38237,0.05265542
38238,0.036207713
38239,0.049890492
38240,0.0574994
38241,0.13347217
38242,0.38975444
38243,0.25508848
38244,0.42756256
38245,0.23983857
38246,0.12127593
38247,0.096404515
38248,0.26338294
38249,0.014384412
38250,0.1814823
38251,0.094045945
38252,0.0951272
38253,0.42568445
38254,0.2778609
38255,0.05086925
38256,0.46418142
38257,0.31366333
38258,0.0931519
38259,0.08754426
38260,0.06476536
38261,0.049160417
38262,0.04487073
38263,0.056783184
38264,0.08881797
38265,0.08622677
38266,0.09901961
38267,0.40639448
38268,0.6964549
38269,0.39179093
38270,0.2273149
38271,0.42842597
38272,0.09637521
38273,0.028395848
38274,0.07911704
38275,0.07600336
38276,0.12262679
38277,0.28686818
38278,0.077272154
38279,0.022039607
38280,0.04312133
38281,0.08800075
38282,0.018034792
38283,0.048605297
38284,0.0744668
38285,0.019851575
38286,0.01915704
38287,0.054825895
38288,0.0
38289,0.04565675
38290,0.058423128
38291,0.062877305
38292,0.05719464
38293,0.23051757
38294,0.23714797
38295,0.40659645
38296,0.6203306
38297,0.5402085
38298,0.24530451
38299,0.14753504
38300,0.046568047
38301,0.023487212
38302,0.045466438
38303,0.12118123
38304,0.04951294
38305,0.9990405
38306,0.069737956
38307,0.018228266
38308,0.060636263
38309,0.095789485
38310,0.3566508
38311,0.051913094
38312,0.05364883
38313,0.014477341
38314,0.056210414
38315,0.021321759
38316,0.05504407
38317,0.103583835
38318,0.06290737
38319,0.6785536
38320,0.3890339
38321,0.23718269
38322,1.0
38323,0.39127967
38324,0.32346627
38325,0.16284731
38326,0.034156855
38327,0.032536667
38328,0.038469706
38329,0.07832537
38330,0.07003991
38331,0.04701929
38332,0.076541096
38333,0.40329748
38334,0.23250552
38335,0.2687877
38336,0.02557498
38337,0.16273409
38338,0.12997797
38339,0.15793543
38340,0.13386326
38341,0.06874532
38342,0.041084487
38343,0.044450965
38344,0.11192062
38345,1.0
38346,0.38696697
38347,0.8622729
38348,0.4021325
38349,0.24915466
38350,0.124117345
38351,0.17202483
38352,0.012740755
38353,0.021637958
38354,0.0024469816
38355,0.014127482
38356,0.09257348
38357,0.0838127
38358,0.05319224
38359,0.2503543
38360,0.025860932
38361,0.09422486
38362,0.313683
38363,0.054012243
38364,0.005812998
38365,0.0055943155
38366,0.095809214
38367,0.23467118
38368,0.047204416
38369,0.1269185
38370,0.12829934
38371,0.08044511
38372,0.1558201
38373,0.042611547
38374,0.09239551
38375,0.09605502
38376,0.041260075
38377,0.2380678
38378,0.12581575
38379,0.036891807
38380,0.013433204
38381,0.101847604
38382,0.0067474716
38383,0.1456164
38384,0.02658192
38385,0.042601604
38386,0.10151364
38387,0.053316303
38388,0.057351317
38389,0.0490723
38390,0.13491654
38391,0.2475971
38392,0.6843185
38393,0.16168115
38394,0.011027901
38395,0.018390007
38396,0.021121671
38397,0.061205097
38398,0.010627522
38399,0.07815239
38400,0.123255245
38401,0.014242884
38402,0.021412913
38403,0.016001612
38404,0.021242727
38405,0.10801795
38406,0.0877578
38407,0.4060029
38408,0.011043978
38409,0.009042687
38410,0.039465953
38411,0.07831259
38412,0.09266679
38413,0.40289006
38414,0.19751395
38415,0.023356864
38416,0.24725871
38417,0.08188051
38418,0.1918921
38419,0.06460108
38420,0.020364175
38421,0.27367
38422,0.036203984
38423,0.10949482
38424,0.04610402
38425,0.05442057
38426,0.03598429
38427,0.04088923
38428,0.061705533
38429,0.23641793
38430,0.045906395
38431,0.03676428
38432,0.050041523
38433,0.037628245
38434,0.099827304
38435,0.23294118
38436,0.0439269
38437,0.18988892
38438,0.07453743
38439,0.023994714
38440,0.06776942
38441,0.03409568
38442,0.374029
38443,0.4037588
38444,0.023315363
38445,0.06507312
38446,0.06142925
38447,0.012657333
38448,0.3890256
38449,0.6062429
38450,0.10067241
38451,0.12706427
38452,0.015266546
38453,0.0932089
38454,0.09740401
38455,0.092349984
38456,0.1074296
38457,0.09730286
38458,0.10125046
38459,0.9992042
38460,0.0797572
38461,0.009759003
38462,0.09598621
38463,0.08029305
38464,0.0209822
38465,0.035059713
38466,0.19129086
38467,0.46755117
38468,0.062471285
38469,0.23780182
38470,0.01997471
38471,0.16552553
38472,0.0075794947
38473,0.036416978
38474,0.067661874
38475,0.036662817
38476,0.03178085
38477,0.05897386
38478,0.07762304
38479,0.029373476
38480,0.10644692
38481,0.013474447
38482,0.0138540855
38483,0.1954096
38484,0.04517382
38485,0.047620855
38486,0.110528655
38487,0.108815156
38488,0.022685284
38489,0.05415054
38490,1.0
38491,0.07015589
38492,0.14549239
38493,0.101040676
38494,0.059252344
38495,0.049235392
38496,0.037122797
38497,0.01155765
38498,0.3383581
38499,0.027856838
38500,0.00048413442
38501,0.025788408
38502,0.05936017
38503,0.39256927
38504,0.019435668
38505,0.12527633
38506,0.0492888
38507,0.06449419
38508,0.37067822
38509,0.023012288
38510,0.018961648
38511,0.019119067
38512,0.036116067
38513,0.05773424
38514,0.16050458
38515,0.06944043
38516,0.024834486
38517,0.10742588
38518,0.24772494
38519,0.118014835
38520,0.10203869
38521,0.075185455
38522,0.027392216
38523,0.07460119
38524,0.015306246
38525,0.10609386
38526,0.16911376
38527,0.22653817
38528,0.0048700906
38529,0.046194553
38530,0.013230964
38531,0.0068679242
38532,0.021155786
38533,0.021167167
38534,0.01500354
38535,0.04805001
38536,0.10894521
38537,0.10906267
38538,0.08951604
38539,0.1557817
38540,0.32623294
38541,0.05286744
38542,0.012255879
38543,0.02960604
38544,0.04800395
38545,0.015700879
38546,0.010530758
38547,0.058304727
38548,0.022519
38549,0.11097708
38550,0.066004746
38551,0.01633738
38552,0.15254569
38553,0.042615436
38554,0.06787582
38555,0.005060964
38556,0.062012542
38557,0.018116724
38558,0.13753282
38559,0.32953313
38560,0.101945974
38561,0.08110048
38562,0.10511961
38563,0.07237388
38564,0.05258024
38565,0.11914538
38566,0.023728514
38567,0.12980977
38568,0.1771951
38569,0.033828974
38570,0.024342781
38571,0.05435187
38572,0.04368615
38573,0.019680148
38574,0.010060637
38575,0.04251305
38576,0.15588202
38577,0.10948891
38578,0.039812285
38579,0.20081948
38580,0.019652527
38581,0.06677035
38582,0.035681512
38583,0.05774568
38584,0.042000555
38585,0.1843974
38586,0.2024728
38587,0.017814007
38588,0.13274118
38589,0.0017799891
38590,0.015620064
38591,0.028882502
38592,0.021886578
38593,0.03688453
38594,0.02954947
38595,0.036496557
38596,0.030977745
38597,0.026261222
38598,0.056698233
38599,0.023364834
38600,0.0644751
38601,0.026908616
38602,0.0068276892
38603,0.3715479
38604,0.03475424
38605,0.053190462
38606,0.26933157
38607,0.25045857
38608,0.040681493
38609,0.012849897
38610,0.2634036
38611,0.10737711
38612,0.40762928
38613,0.028297901
38614,0.19690855
38615,0.057894442
38616,0.0019813946
38617,0.01006986
38618,0.006292238
38619,0.15212518
38620,0.99073416
38621,0.26165652
38622,0.04773173
38623,0.3786704
38624,0.07047678
38625,0.021645295
38626,0.006686432
38627,0.13490267
38628,0.12136417
38629,0.61541456
38630,0.48867834
38631,0.072813824
38632,0.053725436
38633,0.25134754
38634,0.19042839
38635,0.057627406
38636,0.028194942
38637,0.06538925
38638,0.0051871454
38639,0.15365976
38640,0.38383952
38641,0.24449825
38642,0.2589105
38643,0.6018912
38644,0.16011052
38645,0.008864628
38646,0.43543902
38647,0.09741814
38648,0.10378249
38649,0.035503674
38650,0.045651294
38651,0.052248966
38652,0.09935583
38653,0.08403158
38654,0.11292847
38655,0.115431
38656,0.0083374465
38657,0.1404315
38658,0.3741999
38659,0.055327658
38660,0.077942476
38661,0.045856487
38662,0.069265954
38663,0.03369886
38664,0.090129554
38665,0.17584835
38666,0.31026876
38667,0.07007151
38668,0.07501596
38669,0.050775185
38670,0.025307795
38671,0.45246506
38672,0.1472242
38673,0.088147745
38674,0.38815483
38675,0.38310844
38676,0.091517895
38677,0.09849492
38678,0.017189823
38679,0.017723314
38680,0.038339064
38681,0.07515415
38682,0.10816582
38683,0.30617324
38684,0.41930544
38685,0.089834034
38686,0.095297776
38687,0.004191124
38688,0.05094426
38689,0.2934312
38690,0.016977059
38691,0.06483039
38692,0.13795288
38693,0.053460594
38694,0.028834786
38695,0.2392602
38696,0.4357957
38697,0.14025879
38698,0.031184958
38699,0.05867347
38700,0.09732173
38701,0.0061861724
38702,0.008888212
38703,0.028057799
38704,0.12702695
38705,0.16483907
38706,0.09875032
38707,0.13065769
38708,0.055796895
38709,0.061494447
38710,0.05356213
38711,0.24955063
38712,0.10822632
38713,0.107016236
38714,0.018936062
38715,0.06702035
38716,0.0489026
38717,0.031898472
38718,0.0335906
38719,0.033587407
38720,0.06662606
38721,0.024825972
38722,0.10136931
38723,0.5877655
38724,0.40246406
38725,0.049405728
38726,0.038355302
38727,0.0464777
38728,0.07809055
38729,0.057410616
38730,0.077079915
38731,0.010632329
38732,0.035091154
38733,0.18712415
38734,0.051192883
38735,0.06349149
38736,0.06512375
38737,0.06296104
38738,0.07697035
38739,0.14171012
38740,0.2414521
38741,0.18855233
38742,0.070679165
38743,0.058070097
38744,0.029763246
38745,0.067837656
38746,0.063239686
38747,0.00642317
38748,0.30584463
38749,0.04966428
38750,0.44505954
38751,0.08034619
38752,0.08282383
38753,0.054919425
38754,0.051076468
38755,0.059671663
38756,0.020119349
38757,0.024487277
38758,0.047279593
38759,0.04122034
38760,0.119792886
38761,0.05464595
38762,0.09529659
38763,0.07907152
38764,0.093378685
38765,0.14007998
38766,0.4086353
38767,0.10221447
38768,0.040872335
38769,0.0998465
38770,0.02353004
38771,0.044873007
38772,0.15175752
38773,0.063695006
38774,0.0820572
38775,0.04653649
38776,0.080614515
38777,0.04165158
38778,0.011649522
38779,0.0106599
38780,0.1526391
38781,0.0024767676
38782,0.03196388
38783,0.052963752
38784,0.035107914
38785,0.045184955
38786,0.048883475
38787,0.07319294
38788,0.09248606
38789,0.10972245
38790,0.08625374
38791,0.17510714
38792,0.2724623
38793,0.26679584
38794,0.0038224384
38795,0.10556053
38796,0.064394474
38797,0.054842025
38798,0.07391063
38799,0.050217625
38800,0.028021228
38801,0.06471607
38802,0.06064233
38803,0.030986495
38804,0.061542515
38805,0.11074448
38806,0.028306551
38807,0.065837584
38808,0.2892919
38809,0.08553702
38810,0.13305216
38811,0.36324808
38812,0.10454564
38813,0.10339765
38814,0.07755602
38815,0.08501963
38816,0.07410142
38817,0.100290954
38818,0.06090462
38819,0.008309714
38820,0.018519433
38821,0.26305714
38822,0.07935936
38823,0.05127867
38824,0.062347293
38825,0.058421638
38826,0.022569463
38827,0.021631164
38828,0.07607136
38829,0.43158677
38830,0.10384629
38831,0.054173708
38832,0.08519747
38833,0.96993166
38834,0.11741883
38835,0.024288671
38836,0.092716
38837,0.07597051
38838,0.16821863
38839,0.3937775
38840,0.08809852
38841,0.023264827
38842,0.0492709
38843,0.04097665
38844,0.08828214
38845,0.134102
38846,0.050895773
38847,0.10264555
38848,0.054018963
38849,0.0560577
38850,0.013470759
38851,0.04029597
38852,0.08160417
38853,0.07194435
38854,0.023417788
38855,0.10897541
38856,0.12745444
38857,0.29595268
38858,0.08899675
38859,0.044898257
38860,0.078160845
38861,0.12512195
38862,0.17605299
38863,0.07716526
38864,0.071331784
38865,0.047533363
38866,0.010495021
38867,0.061829496
38868,0.6098263
38869,0.03089219
38870,0.14892913
38871,0.4066345
38872,0.087603465
38873,0.005696877
38874,0.008856213
38875,0.05868177
38876,0.055196892
38877,0.38372907
38878,0.24429642
38879,0.07826769
38880,0.089757435
38881,0.14565289
38882,0.13867605
38883,0.13169591
38884,0.16407195
38885,0.37978834
38886,0.08178189
38887,0.04457192
38888,0.12813382
38889,0.057771184
38890,0.23844256
38891,0.83339167
38892,0.27135053
38893,0.011846651
38894,0.09715383
38895,0.17795447
38896,0.032898065
38897,0.01960428
38898,0.06184998
38899,0.07698139
38900,0.027255343
38901,0.055608965
38902,0.6496648
38903,0.0643063
38904,0.09274957
38905,0.27734786
38906,0.13147993
38907,0.1629047
38908,0.3879172
38909,0.19932744
38910,0.017919078
38911,0.12685254
38912,0.10716794
38913,0.08106121
38914,1.0
38915,0.31673646
38916,0.31685323
38917,0.039657522
38918,0.15021753
38919,0.06674144
38920,0.014890799
38921,0.00512919
38922,0.06507488
38923,0.014177684
38924,0.016467726
38925,0.07364979
38926,0.10793022
38927,0.07300861
38928,0.0779983
38929,0.10986197
38930,0.07021744
38931,0.10182604
38932,0.10438908
38933,0.071859464
38934,0.23974456
38935,0.009755032
38936,0.060497988
38937,0.9864783
38938,0.9661687
38939,0.6201888
38940,0.0091826515
38941,0.123606466
38942,0.4823304
38943,0.113364436
38944,0.057013348
38945,0.07505765
38946,0.073232904
38947,0.059967805
38948,0.009418119
38949,0.492861
38950,0.018526798
38951,0.036973357
38952,0.10574022
38953,0.0741925
38954,0.05659227
38955,0.05210786
38956,0.26235297
38957,0.09020659
38958,0.14165147
38959,0.091525115
38960,0.07706524
38961,0.99984264
38962,0.937238
38963,0.47547644
38964,0.06346862
38965,0.0592734
38966,0.5176701
38967,0.07480827
38968,0.2541436
38969,0.072487935
38970,0.14168884
38971,0.03639532
38972,0.13064723
38973,0.092541546
38974,0.10230229
38975,0.19176392
38976,0.48506138
38977,0.69618946
38978,0.1367916
38979,0.13317934
38980,0.062183194
38981,0.05647521
38982,0.080160834
38983,0.06908025
38984,0.048829846
38985,0.10626757
38986,0.13191776
38987,0.05757187
38988,0.09507076
38989,0.013344564
38990,0.95896107
38991,1.0
38992,0.99057025
38993,0.02079119
38994,0.06795635
38995,0.24403028
38996,0.009235451
38997,0.43062386
38998,0.012847054
38999,0.028837338
39000,0.0466104
39001,0.07466303
39002,0.06572162
39003,0.4377055
39004,1.0
39005,0.061351724
39006,0.085408516
39007,0.07436789
39008,0.11758839
39009,0.062119316
39010,0.18601266
39011,0.080527104
39012,0.027016595
39013,0.08771538
39014,0.10014338
39015,0.11646377
39016,0.06008033
39017,0.03845609
39018,0.28588635
39019,0.26208642
39020,0.13349439
39021,0.06212202
39022,0.061133478
39023,0.13713239
39024,0.03437201
39025,0.035383973
39026,0.033576388
39027,0.055184174
39028,0.06680329
39029,0.39351186
39030,0.5007477
39031,0.14377025
39032,0.1396469
39033,0.23592311
39034,0.12805265
39035,0.099628404
39036,0.76191545
39037,0.07077364
39038,0.035122786
39039,0.045709696
39040,0.15136674
39041,0.124520674
39042,0.39432877
39043,0.32241157
39044,0.15995629
39045,0.084391035
39046,0.99245703
39047,0.14039639
39048,0.17735216
39049,0.17936139
39050,0.02920458
39051,0.040333264
39052,0.32918072
39053,0.057960436
39054,0.040311143
39055,0.038865864
39056,0.05742807
39057,0.097042024
39058,0.41328928
39059,0.2584563
39060,0.25460058
39061,0.24382696
39062,0.13235088
39063,0.12911358
39064,0.25996304
39065,0.026972597
39066,0.12547764
39067,0.10291225
39068,0.051125053
39069,0.48776683
39070,0.25760365
39071,0.034278724
39072,0.43429485
39073,0.27903622
39074,0.072707064
39075,0.08317027
39076,0.09037021
39077,0.048165843
39078,0.040003225
39079,0.0716436
39080,0.069183454
39081,0.092873156
39082,0.12977496
39083,0.40355566
39084,0.7321709
39085,0.40364546
39086,0.3794066
39087,0.4846749
39088,0.09971318
39089,0.012928744
39090,0.07539155
39091,0.08221876
39092,0.12610494
39093,0.27002075
39094,0.067879386
39095,0.022064002
39096,0.054488584
39097,0.13220519
39098,0.056165725
39099,0.041802946
39100,0.0152860135
39101,0.03191806
39102,0.010712635
39103,0.015111488
39104,0.03660491
39105,0.05345296
39106,0.049220696
39107,0.06635945
39108,0.39631328
39109,0.24018829
39110,0.39313543
39111,0.6006948
39112,0.5348346
39113,0.25018656
39114,0.12801227
39115,0.06339604
39116,0.015781028
39117,0.06639071
39118,0.08257581
39119,0.041457187
39120,1.0
39121,0.060568184
39122,0.017464554
39123,0.06800178
39124,0.06190834
39125,0.37520546
39126,0.045601886
39127,0.05769268
39128,0.009887557
39129,0.03870632
39130,0.034212407
39131,0.023840725
39132,0.03630647
39133,0.07537774
39134,0.0803303
39135,0.61219263
39136,0.39921874
39137,0.3925238
39138,1.0
39139,0.3918829
39140,0.33240545
39141,0.13961868
39142,0.020052815
39143,0.03090907
39144,0.03402092
39145,0.050980903
39146,0.040951125
39147,0.07278334
39148,0.38890412
39149,0.11372044
39150,0.28166083
39151,0.02946961
39152,0.13870199
39153,0.09151635
39154,0.10092063
39155,0.12516339
39156,0.06576436
39157,0.011822136
39158,0.0071549555
39159,0.039272934
39160,0.123363905
39161,1.0
39162,0.3834076
39163,0.99311787
39164,0.4111008
39165,0.24605489
39166,0.11092109
39167,0.09936604
39168,0.014690352
39169,0.024072105
39170,0.0032323448
39171,0.05563884
39172,0.09509961
39173,0.08810884
39174,0.041276976
39175,0.16634175
39176,0.027371021
39177,0.07065199
39178,0.27672926
39179,0.053012352
39180,0.083505124
39181,0.25088105
39182,0.111319035
39183,0.13009816
39184,0.07571601
39185,0.18459992
39186,0.13848929
39187,0.07380113
39188,0.061583344
39189,0.07678517
39190,0.08498077
39191,0.003100003
39192,0.08883116
39193,0.0031524803
39194,0.116340645
39195,0.027546212
39196,0.04154775
39197,0.093564816
39198,0.05896126
39199,0.05794614
39200,0.05734766
39201,0.17666624
39202,0.24621738
39203,0.7478286
39204,0.20085192
39205,0.009665387
39206,0.02083417
39207,0.015624965
39208,0.023491405
39209,0.06266663
39210,0.092166625
39211,0.13356653
39212,0.030033011
39213,0.05024206
39214,0.0015706497
39215,0.019539198
39216,0.042614736
39217,0.0925828
39218,0.07491037
39219,0.42381522
39220,0.009686268
39221,0.008981525
39222,0.045507744
39223,0.079400204
39224,0.07075615
39225,0.44088715
39226,0.1830615
39227,0.011976373
39228,0.24767365
39229,0.037883278
39230,0.020299243
39231,0.094397694
39232,0.16443384
39233,0.014619759
39234,0.24533509
39235,0.031427797
39236,0.13118814
39237,0.07011179
39238,0.055701517
39239,0.026672982
39240,0.049099736
39241,0.07208073
39242,0.41869605
39243,0.04881753
39244,0.01547841
39245,0.0303734
39246,0.061793283
39247,0.06637453
39248,0.19572596
39249,0.07154787
39250,0.22631836
39251,0.069317825
39252,0.045481056
39253,0.04577896
39254,0.055341236
39255,0.04255451
39256,0.2908871
39257,0.3905452
39258,0.062407725
39259,0.062984765
39260,0.43534797
39261,0.8640212
39262,0.13232486
39263,0.14994192
39264,0.01149235
39265,0.09765317
39266,0.10249295
39267,0.09369618
39268,0.10760844
39269,0.09725576
39270,0.12258559
39271,0.98390794
39272,0.092929594
39273,0.08314836
39274,0.06746837
39275,0.05160094
39276,0.10070929
39277,0.42258796
39278,0.059898317
39279,0.18778987
39280,0.023278845
39281,0.15320596
39282,0.03111807
39283,0.07677465
39284,0.038237214
39285,0.0053884224
39286,0.035000708
39287,0.069645725
39288,0.10818611
39289,0.024428148
39290,0.07461276
39291,0.010846896
39292,0.016148686
39293,0.1938855
39294,0.057985574
39295,0.055352975
39296,0.037270427
39297,0.09153219
39298,0.08433081
39299,0.035004187
39300,0.9940371
39301,0.07189983
39302,0.10017781
39303,0.0595864
39304,0.04039795
39305,0.059719894
39306,0.055560026
39307,0.01440655
39308,0.031147685
39309,0.32989725
39310,0.029307898
39311,0.0069641783
39312,0.010411971
39313,0.1736914
39314,0.02417249
39315,0.1044685
39316,0.053834856
39317,0.057986993
39318,0.393087
39319,0.016920008
39320,0.016989801
39321,0.019362232
39322,0.038402475
39323,0.06062383
39324,0.1482506
39325,0.068703346
39326,0.016176868
39327,0.004975277
39328,0.061277796
39329,0.2362643
39330,0.070435524
39331,0.06147291
39332,0.050784517
39333,0.035169404
39334,0.0670255
39335,0.10700511
39336,0.2313119
39337,0.14556645
39338,0.0007606168
39339,0.012946809
39340,0.01563147
39341,0.008906157
39342,0.011378206
39343,0.0020679228
39344,0.013342981
39345,0.0332448
39346,0.071591556
39347,0.07004265
39348,0.09344075
39349,0.14522964
39350,0.29245877
39351,0.01782057
39352,0.033446923
39353,0.016291847
39354,0.026770864
39355,0.036494505
39356,0.03382497
39357,0.028482376
39358,0.007823934
39359,0.012058056
39360,0.0028502913
39361,0.05196557
39362,0.038904756
39363,0.00585599
39364,0.050427
39365,0.12949646
39366,0.051952217
39367,0.03090283
39368,0.0021174762
39369,0.11512239
39370,0.011553163
39371,0.43016297
39372,0.05605758
39373,0.05115532
39374,0.07855087
39375,0.0038290725
39376,0.07905618
39377,0.0443397
39378,0.012115576
39379,0.120103195
39380,0.022320215
39381,0.13470183
39382,0.18189093
39383,0.032777783
39384,0.054327376
39385,0.02996971
39386,0.010229729
39387,0.016011488
39388,0.0470106
39389,0.0045908703
39390,0.15597375
39391,0.124510184
39392,0.20610385
39393,0.019399567
39394,0.028314628
39395,0.06583566
39396,0.033821028
39397,0.014161764
39398,0.05327923
39399,0.045367938
39400,0.3209748
39401,0.25035784
39402,0.019529257
39403,0.10500055
39404,0.0011005503
39405,0.008037553
39406,0.03286776
39407,0.024752993
39408,0.025647223
39409,0.03348295
39410,0.032938514
39411,0.034214944
39412,0.022021031
39413,0.048149765
39414,0.02238109
39415,0.072613806
39416,0.039517052
39417,0.023989934
39418,0.037334412
39419,0.28739396
39420,0.041289404
39421,0.06425633
39422,0.039117202
39423,0.18072411
39424,0.25871134
39425,0.030506851
39426,0.011970842
39427,0.26388982
39428,0.09524959
39429,0.25769177
39430,0.18905807
39431,0.0590892
39432,0.043206256
39433,0.0043349224
39434,0.011038384
39435,0.008553479
39436,0.15086511
39437,0.037629895
39438,0.9243549
39439,0.11308705
39440,0.052492335
39441,0.24095967
39442,0.073940456
39443,0.0022282514
39444,0.019206207
39445,0.12962897
39446,0.09061028
39447,0.60742575
39448,0.4711819
39449,0.07296098
39450,0.057533767
39451,0.14367183
39452,0.26820666
39453,0.0022417984
39454,0.058190536
39455,0.029809702
39456,0.06811836
39457,0.15316477
39458,0.38938046
39459,0.11331436
39460,0.2655911
39461,0.59102976
39462,0.25346625
39463,0.0068290723
39464,0.45527354
39465,0.11034413
39466,0.11885374
39467,0.031336892
39468,0.05296486
39469,0.052849695
39470,0.09294271
39471,0.080657616
39472,0.116350494
39473,0.117632866
39474,0.15039188
39475,0.38807395
39476,0.05796301
39477,0.03207163
39478,0.08182365
39479,0.057702098
39480,0.07814107
39481,0.03268968
39482,0.056470104
39483,0.044601563
39484,0.08139263
39485,0.18985422
39486,0.19166805
39487,0.056000117
39488,0.0067765834
39489,0.44072068
39490,0.14755975
39491,0.2070998
39492,0.38985536
39493,0.380853
39494,0.0035549933
39495,0.09350951
39496,0.09398992
39497,0.02037717
39498,0.03706674
39499,0.046877954
39500,0.080607705
39501,0.09633614
39502,0.21137665
39503,0.38236722
39504,0.013308166
39505,0.09651801
39506,0.093249165
39507,0.05229532
39508,0.31241885
39509,0.06055023
39510,0.14038461
39511,0.05048048
39512,0.17850134
39513,0.45085818
39514,0.1425999
39515,0.016514031
39516,0.02567712
39517,0.057618376
39518,0.09749818
39519,0.009071665
39520,0.025812117
39521,0.123539545
39522,0.1609537
39523,0.10259619
39524,0.122605175
39525,0.055141233
39526,0.0746644
39527,0.05991048
39528,0.051127348
39529,0.051606014
39530,0.1887166
39531,0.10592889
39532,0.10487502
39533,0.020076334
39534,0.06999724
39535,0.048337836
39536,0.03548752
39537,0.03315981
39538,0.07008686
39539,0.022765188
39540,0.10429832
39541,0.5772399
39542,0.40194535
39543,0.049071606
39544,0.038795516
39545,0.089155704
39546,0.05769444
39547,0.0033024843
39548,0.08100965
39549,0.032145455
39550,0.19870399
39551,0.049674008
39552,0.06245557
39553,0.06317628
39554,0.0038614771
39555,0.06780617
39556,0.074115716
39557,0.23970005
39558,0.36692834
39559,0.21175861
39560,0.07457432
39561,0.05574148
39562,0.032715786
39563,0.068304956
39564,0.061602123
39565,0.0042427005
39566,0.37888908
39567,0.0502581
39568,0.4490684
39569,0.081569105
39570,0.0076120603
39571,0.08783807
39572,0.059472885
39573,0.05564703
39574,0.011334176
39575,0.059774328
39576,0.022001404
39577,0.020614032
39578,0.046680294
39579,0.041064605
39580,0.124038875
39581,0.04967301
39582,0.09018082
39583,0.07597921
39584,0.09622289
39585,0.23727824
39586,0.37407643
39587,0.10906748
39588,0.101294644
39589,0.02415586
39590,0.044447303
39591,0.15564898
39592,0.057840347
39593,0.08415118
39594,0.056227483
39595,0.08714039
39596,0.03867356
39597,0.01643396
39598,0.014014562
39599,0.14634402
39600,0.0
39601,0.051409222
39602,0.033748016
39603,0.045273777
39604,0.048193604
39605,0.07390159
39606,0.093917206
39607,0.10602013
39608,0.08782885
39609,0.24526657
39610,0.25472134
39611,0.21145
39612,0.0023847807
39613,0.10461267
39614,0.0102980025
39615,0.06555697
39616,0.06427837
39617,0.07197934
39618,0.026559705
39619,0.026001694
39620,0.052063815
39621,0.029857926
39622,0.018563531
39623,0.06431081
39624,0.06039083
39625,0.110265106
39626,0.06776906
39627,0.3013822
39628,0.089243
39629,0.130936
39630,0.39889267
39631,0.104348205
39632,0.09935694
39633,0.08218076
39634,0.09269208
39635,0.07363016
39636,0.10122946
39637,0.05688541
39638,0.018858133
39639,0.2573552
39640,0.07783718
39641,0.053157263
39642,0.06129681
39643,0.05913896
39644,0.024348425
39645,0.031161854
39646,0.079883315
39647,0.63737327
39648,0.10170307
39649,0.055505853
39650,0.087699376
39651,0.9733646
39652,0.11550692
39653,0.026576702
39654,0.09356706
39655,0.07713469
39656,0.2393666
39657,0.41979843
39658,0.08060627
39659,0.02263728
39660,0.05269311
39661,0.039548647
39662,0.082808375
39663,0.2293703
39664,0.05774241
39665,0.090873286
39666,0.053889494
39667,0.05221122
39668,0.039503135
39669,0.08477516
39670,0.07448798
39671,0.021985933
39672,0.108484626
39673,0.12697878
39674,0.29661247
39675,0.09292606
39676,0.043679595
39677,0.07941009
39678,0.12991677
39679,0.23855618
39680,0.07294929
39681,0.045506556
39682,0.012222165
39683,0.06523712
39684,0.63473666
39685,0.029995643
39686,0.15273316
39687,0.405684
39688,0.08990468
39689,0.014201568
39690,0.0052345605
39691,0.057952277
39692,0.055657763
39693,0.36608896
39694,0.24868026
39695,0.078091785
39696,0.089625925
39697,0.13878885
39698,0.13016741
39699,0.12965308
39700,0.16472389
39701,0.24585852
39702,0.07930391
39703,0.052600686
39704,0.12963727
39705,0.05622638
39706,0.18659748
39707,0.88693655
39708,0.042130236
39709,0.26586384
39710,0.042554986
39711,0.18247789
39712,0.020156415
39713,0.05864676
39714,0.07817106
39715,0.027532486
39716,0.0566073
39717,0.6750231
39718,0.06600074
39719,0.089839116
39720,0.26869696
39721,0.13919151
39722,0.16556372
39723,0.2769412
39724,0.19700667
39725,0.019622754
39726,0.12609597
39727,0.119559444
39728,0.08271844
39729,1.0
39730,0.3960563
39731,0.32374918
39732,0.04665399
39733,0.15117474
39734,0.068809554
39735,0.025296137
39736,0.012211394
39737,0.0070483782
39738,0.06289145
39739,0.015406535
39740,0.015875928
39741,0.068105675
39742,0.11215093
39743,0.07608369
39744,0.078490816
39745,0.11044541
39746,0.07172373
39747,0.09310408
39748,0.097622685
39749,0.07669726
39750,0.182613
39751,0.007478942
39752,0.06304316
39753,1.0
39754,0.94115883
39755,0.6616616
39756,0.024880223
39757,0.015372749
39758,0.13107958
39759,0.5159477
39760,0.1082159
39761,0.0
39762,0.074908964
39763,0.07147253
39764,0.058594655
39765,0.46385998
39766,0.016757749
39767,0.037722986
39768,0.10196931
39769,0.07197834
39770,0.059985425
39771,0.046987962
39772,0.37227187
39773,0.094055004
39774,0.13536729
39775,0.08593049
39776,0.07817259
39777,1.0
39778,0.9185423
39779,0.4566162
39780,0.06235282
39781,0.06225293
39782,0.0
39783,0.53692126
39784,0.07755769
39785,0.20470901
39786,0.0733598
39787,0.13668083
39788,0.035901908
39789,0.13226375
39790,0.09378117
39791,0.104236215
39792,0.1982526
39793,0.4560171
39794,0.6983544
39795,0.14066982
39796,0.13101678
39797,0.061743136
39798,0.056143988
39799,0.077341944
39800,0.07249603
39801,0.04670952
39802,0.031837355
39803,0.10045744
39804,0.12677307
39805,0.09935477
39806,0.010060023
39807,0.9474939
39808,0.99493665
39809,0.9910325
39810,0.06430417
39811,0.11469992
39812,0.009224231
39813,0.44644585
39814,0.011484613
39815,0.029398806
39816,0.030976243
39817,0.045255728
39818,0.06972005
39819,0.06342121
39820,0.40699935
39821,1.0
39822,0.059464354
39823,0.080702595
39824,0.070612356
39825,0.114887305
39826,0.063672274
39827,0.10455736
39828,0.080238104
39829,0.02671181
39830,0.09224483
39831,0.09980065
39832,0.11970411
39833,0.28305614
39834,0.2603999
39835,0.12565224
39836,0.05021549
39837,0.0620245
39838,0.058765728
39839,0.12786093
39840,0.03437986
39841,0.03449754
39842,0.055595756
39843,0.028856395
39844,0.03200665
39845,0.057684083
39846,0.06311058
39847,0.23258883
39848,0.5194619
39849,0.14792289
39850,0.13168955
39851,0.13577864
39852,0.12893434
39853,0.108015664
39854,0.7969542
39855,0.06848985
39856,0.034866363
39857,0.15576626
39858,0.12631372
39859,0.25904185
39860,0.4097545
39861,0.1962516
39862,0.08695204
39863,0.9640438
39864,0.14398816
39865,0.011802483
39866,0.15151621
39867,0.18037942
39868,0.028187018
39869,0.620963
39870,0.056407675
39871,0.03767878
39872,0.04100139
39873,0.056300104
39874,0.101863116
39875,0.38330162
39876,0.25959694
39877,0.26260266
39878,0.23900832
39879,0.12677081
39880,0.123491526
39881,0.26368767
39882,0.027685799
39883,0.12182425
39884,0.1131676
39885,0.05293315
39886,0.47500306
39887,0.25831696
39888,0.4347576
39889,0.27809152
39890,0.08016452
39891,0.08796791
39892,0.09437526
39893,0.04595033
39894,0.009092417
39895,0.041158903
39896,0.06938872
39897,0.07207609
39898,0.096801706
39899,0.19529589
39900,0.4129118
39901,0.7323351
39902,0.37339422
39903,0.25220805
39904,0.4094242
39905,0.1024032
39906,0.07438689
39907,0.07797468
39908,0.12676053
39909,0.26560092
39910,0.071954176
39911,0.02429181
39912,0.058430124
39913,0.12641534
39914,0.059494603
39915,0.041258335
39916,0.017925577
39917,0.009494116
39918,0.03769709
39919,0.051481336
39920,0.050796125
39921,0.0629749
39922,0.2435769
39923,0.21277246
39924,0.37276554
39925,0.5541454
39926,0.5193601
39927,0.24786541
39928,0.12575836
39929,0.067090385
39930,0.015445714
39931,0.06916118
39932,0.0961203
39933,0.043044344
39934,0.98469174
39935,0.05653279
39936,0.015845072
39937,0.07150515
39938,0.062891155
39939,0.38715398
39940,0.052961536
39941,0.058977194
39942,0.012392767
39943,0.037411932
39944,0.030801592
39945,0.022899302
39946,0.034726735
39947,0.07493558
39948,0.08093803
39949,0.7321267
39950,0.38612622
39951,0.37683538
39952,1.0
39953,0.40926096
39954,0.32359853
39955,0.13328807
39956,0.022820206
39957,0.03230797
39958,0.034959618
39959,0.05056107
39960,0.04118185
39961,0.07455928
39962,0.38443327
39963,0.111129224
39964,0.26352176
39965,0.029049661
39966,0.14027022
39967,0.085687496
39968,0.10350819
39969,0.123530194
39970,0.06829964
39971,0.013248556
39972,0.04330501
39973,0.122991696
39974,1.0
39975,0.37057245
39976,0.98495966
39977,0.4398709
39978,0.24100591
39979,0.09713528
39980,0.106050774
39981,0.02451054
39982,0.059749022
39983,0.01578321
39984,0.083728135
39985,0.09194952
39986,0.156788
39987,0.027672159
39988,0.07166346
39989,0.28720573
39990,0.052957382
39991,0.085175626
39992,0.20411444
39993,0.036396198
39994,0.11419476
39995,0.1279041
39996,0.075201236
39997,0.18836859
39998,0.023146467
39999,0.14397211
40000,0.07316603
40001,0.06544727
40002,0.07759308
40003,0.086115375
40004,0.08877298
40005,0.0
40006,0.10348433
40007,0.02744874
40008,0.047131985
40009,0.093971655
40010,0.057289027
40011,0.054293852
40012,0.05615177
40013,0.18045828
40014,0.24435048
40015,0.7678106
40016,0.1905845
40017,0.01821559
40018,0.015602093
40019,0.024476064
40020,0.06537622
40021,0.09966929
40022,0.12723029
40023,0.0031529937
40024,0.051547278
40025,0.04071818
40026,0.091689095
40027,0.07287056
40028,0.3905082
40029,0.008545983
40030,0.009449633
40031,0.04439272
40032,0.07528323
40033,0.07963177
40034,0.46446353
40035,0.1954689
40036,0.19000295
40037,0.03304491
40038,0.02051036
40039,0.09251775
40040,0.24262483
40041,0.05588889
40042,0.25905785
40043,0.02298849
40044,0.029830566
40045,0.1256512
40046,0.066776074
40047,0.0572356
40048,0.0526154
40049,0.072900586
40050,0.32471177
40051,0.04484662
40052,0.01723635
40053,0.030122034
40054,0.0663805
40055,0.07123758
40056,0.26682886
40057,0.07661928
40058,0.143522
40059,0.07574594
40060,0.04831445
40061,0.007367417
40062,0.04513097
40063,0.05788147
40064,0.046597768
40065,0.30347356
40066,0.24132156
40067,0.026680993
40068,0.05968253
40069,0.060782652
40070,0.0
40071,0.43873373
40072,0.88842875
40073,0.12880109
40074,0.14588656
40075,0.009345666
40076,0.099753454
40077,0.10202567
40078,0.09363075
40079,0.09942819
40080,0.10272938
40081,0.12280148
40082,0.99797297
40083,0.0951406
40084,0.08789737
40085,0.06895478
40086,0.015842175
40087,0.049351405
40088,0.108217895
40089,0.4205022
40090,0.059547134
40091,0.19861698
40092,0.022170192
40093,0.16782688
40094,0.0324871
40095,0.08146965
40096,0.033795483
40097,0.0006753935
40098,0.033084963
40099,0.07618192
40100,0.107047066
40101,0.023678206
40102,0.016989883
40103,0.07597998
40104,0.011950302
40105,0.2007625
40106,0.058866154
40107,0.058134317
40108,0.020929981
40109,0.035853337
40110,0.09399953
40111,0.08311249
40112,0.009551522
40113,0.033937883
40114,1.0
40115,0.07725948
40116,0.096667424
40117,0.041844767
40118,0.061418276
40119,0.017488139
40120,0.31281057
40121,0.027896136
40122,0.005045555
40123,0.0029272132
40124,0.0048769997
40125,0.1743269
40126,0.10583072
40127,0.37427717
40128,0.016606677
40129,0.01877754
40130,0.0
40131,0.04068072
40132,0.059367288
40133,0.15449873
40134,0.066549435
40135,0.0021189984
40136,0.020859422
40137,0.061824434
40138,0.14187774
40139,0.070466146
40140,0.06578301
40141,0.05025834
40142,0.037091278
40143,0.06602062
40144,0.10389181
40145,0.12968579
40146,0.13635568
40147,0.0075233807
40148,0.0
40149,0.012671738
40150,0.023687936
40151,0.011921339
40152,0.009813633
40153,0.0025659485
40154,0.013396592
40155,0.035384066
40156,0.07751653
40157,0.07126376
40158,0.09207431
40159,0.01369269
40160,0.14840586
40161,0.29105583
40162,0.003637463
40163,0.033113766
40164,0.01600654
40165,0.0023291816
40166,0.035562467
40167,0.027061936
40168,0.013952974
40169,0.034146555
40170,0.009154668
40171,0.049254324
40172,0.12600504
40173,0.04050377
40174,0.053001728
40175,0.009238803
40176,0.03073803
40177,0.0022128832
40178,0.10718828
40179,0.4181344
40180,0.056446034
40181,0.049437135
40182,0.07521283
40183,0.07566303
40184,0.043657746
40185,0.013339122
40186,0.11797368
40187,0.021513311
40188,0.12729631
40189,0.17523329
40190,0.057000738
40191,0.016976578
40192,0.031191267
40193,0.050388057
40194,0.029646555
40195,0.014473262
40196,0.04783245
40197,0.0065204976
40198,0.14755619
40199,0.12796913
40200,0.20379
40201,0.008046224
40202,0.017230537
40203,0.024512758
40204,0.02267414
40205,0.06365166
40206,0.033284675
40207,0.057449456
40208,0.20536295
40209,0.24772292
40210,0.10700479
40211,0.0
40212,0.03384155
40213,0.016596952
40214,0.033528615
40215,0.014916921
40216,0.00050649344
40217,0.026144026
40218,0.018010488
40219,0.030299695
40220,0.031250577
40221,0.02071746
40222,0.04154847
40223,0.030656286
40224,0.052943036
40225,0.031450912
40226,0.021510286
40227,0.037179764
40228,0.28253075
40229,0.03200798
40230,0.10090932
40231,0.17895855
40232,0.166832
40233,0.009527123
40234,0.13393795
40235,0.36120448
40236,0.015563478
40237,0.089501865
40238,0.052383725
40239,0.05684389
40240,0.0013921984
40241,0.0043507447
40242,0.13900352
40243,0.87852883
40244,0.10934647
40245,0.041514587
40246,0.065959066
40247,0.12747633
40248,0.07314429
40249,0.019440068
40250,0.030850051
40251,0.11928458
40252,0.072194934
40253,0.64353424
40254,0.44784647
40255,0.07808772
40256,0.03914405
40257,0.12340563
40258,0.2713712
40259,0.051938742
40260,0.06514272
40261,0.1548756
40262,0.027094238
40263,0.3753628
40264,0.10393473
40265,0.18320343
40266,0.61799806
40267,0.2500312
40268,0.0069295936
40269,0.43355697
40270,0.10180055
40271,0.0982495
40272,0.05104794
40273,0.052176688
40274,0.10282042
40275,0.07772975
40276,0.111258775
40277,0.11967078
40278,0.0076759527
40279,0.15979716
40280,0.36501712
40281,0.054563448
40282,0.07888632
40283,0.074292265
40284,0.028855102
40285,0.05500903
40286,0.09266141
40287,0.17474662
40288,0.18098834
40289,0.05615399
40290,0.29754677
40291,0.24270818
40292,0.11262875
40293,0.38291728
40294,0.3931802
40295,0.002274678
40296,0.09159343
40297,0.09466832
40298,0.028013285
40299,0.019128507
40300,0.002399906
40301,0.03656299
40302,0.04939013
40303,0.07757515
40304,0.09303548
40305,0.19551416
40306,0.35826206
40307,0.02391901
40308,0.09100424
40309,0.052049275
40310,0.36919704
40311,0.060458966
40312,0.13126369
40313,0.045420606
40314,0.02725991
40315,0.17304417
40316,0.43142205
40317,0.13970894
40318,0.01014408
40319,0.026246987
40320,0.057208527
40321,0.09992644
40322,0.0077670733
40323,0.12847425
40324,0.17041782
40325,0.09496755
40326,0.12461254
40327,0.054072354
40328,0.060908947
40329,0.053545695
40330,0.051789355
40331,0.18701689
40332,0.10262572
40333,0.110889636
40334,0.017995877
40335,0.06658681
40336,0.04935432
40337,0.030711086
40338,0.033990853
40339,0.035133462
40340,0.06914514
40341,0.10866747
40342,0.5702901
40343,0.39406267
40344,0.048800707
40345,0.043634508
40346,0.05131579
40347,0.08653709
40348,0.054686315
40349,0.0037804132
40350,0.083223015
40351,0.032631665
40352,0.2617698
40353,0.05051646
40354,0.061064586
40355,0.061738223
40356,0.066761814
40357,0.08252704
40358,0.14179057
40359,0.2394015
40360,0.18245403
40361,0.07170501
40362,0.057311475
40363,0.030045277
40364,0.06958145
40365,0.062383555
40366,0.30586797
40367,0.05190394
40368,0.44973618
40369,0.08238379
40370,0.0817144
40371,0.05506797
40372,0.056068514
40373,0.04134927
40374,0.12338687
40375,0.092428744
40376,0.07288058
40377,0.09697097
40378,0.23618555
40379,0.3960672
40380,0.092632614
40381,0.041203395
40382,0.10015568
40383,0.021725621
40384,0.1540103
40385,0.05361109
40386,0.08493823
40387,0.047699675
40388,0.08808838
40389,0.036173172
40390,0.03737303
40391,0.010712558
40392,0.011520216
40393,0.15514413
40394,0.0
40395,0.051766716
40396,0.034470953
40397,0.04418029
40398,0.04853277
40399,0.075248554
40400,0.09258458
40401,0.11247004
40402,0.09147557
40403,0.24312423
40404,0.13824694
40405,0.21500602
40406,0.0005602172
40407,0.10329774
40408,0.06244369
40409,0.0549367
40410,0.07617226
40411,0.022524582
40412,0.050495144
40413,0.026536515
40414,0.0636048
40415,0.06305819
40416,0.030434195
40417,0.06267872
40418,0.09991521
40419,0.06569077
40420,0.20463555
40421,0.08915334
40422,0.13641879
40423,0.68993646
40424,0.10602296
40425,0.09435872
40426,0.080355234
40427,0.090630844
40428,0.0741282
40429,0.11215697
40430,0.05375049
40431,0.018175244
40432,0.2602796
40433,0.082498215
40434,0.053041674
40435,0.060824946
40436,0.058376577
40437,0.017037507
40438,0.08175997
40439,0.33919594
40440,0.09756278
40441,0.058858
40442,0.08624373
40443,0.9881675
40444,0.113383725
40445,0.025589522
40446,0.09189624
40447,0.07540205
40448,0.1564974
40449,0.31068984
40450,0.0831445
40451,0.024494052
40452,0.051669378
40453,0.028709095
40454,0.09520856
40455,0.22566426
40456,0.050085757
40457,0.09559054
40458,0.060240034
40459,0.053678047
40460,0.015172315
40461,0.024629416
40462,0.042464156
40463,0.08689192
40464,0.07257312
40465,0.022393098
40466,0.10921746
40467,0.12547521
40468,0.29229182
40469,0.096352674
40470,0.04313613
40471,0.070236795
40472,0.12373617
40473,0.22991352
40474,0.076790385
40475,0.07585876
40476,0.014652586
40477,0.05654195
40478,0.55582
40479,0.028290685
40480,0.15413328
40481,0.3865846
40482,0.10133197
40483,0.056243967
40484,0.05709116
40485,0.24959362
40486,0.24746269
40487,0.07453083
40488,0.091709144
40489,0.13215609
40490,0.13514324
40491,0.13735197
40492,0.14846864
40493,0.2584732
40494,0.083534606
40495,0.048041187
40496,0.13667765
40497,0.05995145
40498,0.17977935
40499,0.9161769
40500,0.044008948
40501,0.25885722
40502,0.014217198
40503,0.04323774
40504,0.17435507
40505,0.060821887
40506,0.080187626
40507,0.029855788
40508,0.05702136
40509,0.6766765
40510,0.06516054
40511,0.09340884
40512,0.20495749
40513,0.13337892
40514,0.15532362
40515,0.2679546
40516,0.1990577
40517,0.023916475
40518,0.1308946
40519,0.09941526
40520,0.07472885
40521,1.0
40522,0.38724974
40523,0.30525675
40524,0.041429035
40525,0.15011473
40526,0.0025341716
40527,0.0644773
40528,0.0076337657
40529,0.0630984
40530,0.015885921
40531,0.015350163
40532,0.07164468
40533,0.109633125
40534,0.07522591
40535,0.07942192
40536,0.10773255
40537,0.07109682
40538,0.09830302
40539,0.109077975
40540,0.015034884
40541,0.07493658
40542,0.24069062
40543,0.05864684
40544,1.0
40545,0.96620554
40546,0.67349577
40547,0.02391749
40548,0.13096586
40549,0.49605882
40550,0.11696982
40551,0.05706534
40552,0.00061648135
40553,0.07340575
40554,0.07253674
40555,0.060741145
40556,0.011684927
40557,0.46020305
40558,0.01900399
40559,0.037107646
40560,0.10403457
40561,0.075271584
40562,0.05646903
40563,0.04971596
40564,0.19415623
40565,0.090008534
40566,0.13450882
40567,0.08138259
40568,0.08394399
40569,0.9966279
40570,0.9448311
40571,0.42766246
40572,0.064583674
40573,0.059947435
40574,0.0
40575,0.5059487
40576,0.07011334
40577,0.25494456
40578,0.07422753
40579,0.13483123
40580,0.13348809
40581,0.09584075
40582,0.11243571
40583,0.19921044
40584,0.4754361
40585,0.7019161
40586,0.1462594
40587,0.12525563
40588,0.06115262
40589,0.055443197
40590,0.07458946
40591,0.075014
40592,0.04872392
40593,0.022571748
40594,0.09896703
40595,0.13291587
40596,0.05202739
40597,0.08736331
40598,0.010869874
40599,0.9283969
40600,1.0
40601,1.0
40602,0.06284104
40603,0.11776963
40604,0.008322245
40605,0.40246654
40606,0.010657349
40607,0.028566027
40608,0.047053874
40609,0.073010296
40610,0.0683685
40611,0.40300813
40612,1.0
40613,0.057275347
40614,0.08405926
40615,0.07190905
40616,0.1093313
40617,0.06451099
40618,0.10608417
40619,0.08345496
40620,0.021090338
40621,0.08321111
40622,0.1032499
40623,0.12497334
40624,0.062049028
40625,0.27110502
40626,0.20725673
40627,0.11475984
40628,0.050215874
40629,0.027144123
40630,0.0628669
40631,0.05676971
40632,0.119783096
40633,0.03464754
40634,0.03547926
40635,0.05778191
40636,0.027847046
40637,0.03360048
40638,0.05468895
40639,0.06324271
40640,0.23339541
40641,0.47418517
40642,0.1370342
40643,0.16018425
40644,0.12702566
40645,0.13524464
40646,0.098491006
40647,0.72128844
40648,0.069547005
40649,0.032726508
40650,0.04744595
40651,0.1594101
40652,0.13222696
40653,0.25442907
40654,0.42403883
40655,0.15421331
40656,0.08846311
40657,0.9848646
40658,0.13925064
40659,0.011504592
40660,0.09683917
40661,0.23315288
40662,0.026305025
40663,0.039652094
40664,0.6076553
40665,0.05447756
40666,0.03923124
40667,0.040407553
40668,0.056455076
40669,0.09670514
40670,0.37489223
40671,0.37351632
40672,0.24367365
40673,0.23307641
40674,0.12929621
40675,0.12613991
40676,0.25952587
40677,0.12861212
40678,0.10693907
40679,0.05539437
40680,0.46658206
40681,0.24814716
40682,0.03527601
40683,0.4130633
40684,0.26796737
40685,0.079379134
40686,0.08884472
40687,0.096656196
40688,0.043798137
40689,0.009103906
40690,0.04086817
40691,0.069618985
40692,0.07207181
40693,0.09577739
40694,0.12245746
40695,0.39974633
40696,0.6932802
40697,0.25333726
40698,0.24566428
40699,0.39965975
40700,0.10624078
40701,0.015611416
40702,0.08229302
40703,0.078595765
40704,0.12667494
40705,0.2658879
40706,0.07097319
40707,0.018874133
40708,0.058598105
40709,0.13317336
40710,0.05340658
40711,0.041691728
40712,0.023998344
40713,0.030995665
40714,0.011100371
40715,0.017276753
40716,0.0079037035
40717,0.038192082
40718,0.054225825
40719,0.04974242
40720,0.06480693
40721,0.23473573
40722,0.14109176
40723,0.38221037
40724,0.51202005
40725,0.5274064
40726,0.2426012
40727,0.124015234
40728,0.06777283
40729,0.015846485
40730,0.073114865
40731,0.08874821
40732,1.0
40733,0.059363224
40734,0.021684833
40735,0.0682305
40736,0.06387618
40737,0.24137184
40738,0.043650325
40739,0.059837166
40740,0.013618816
40741,0.035991687
40742,0.036138553
40743,0.073558785
40744,0.084697634
40745,0.70994955
40746,0.35934156
40747,0.37760732
40748,1.0
40749,0.250332
40750,0.31548163
40751,0.13318871
40752,0.01763304
40753,0.03517798
40754,0.05476201
40755,0.04232651
40756,0.07598597
40757,0.38216114
40758,0.122203775
40759,0.25635093
40760,0.03231734
40761,0.1440812
40762,0.08572295
40763,0.08990801
40764,0.124830745
40765,0.06967836
40766,0.011024275
40767,0.039345838
40768,0.11459507
40769,1.0
40770,0.36343533
40771,1.0
40772,0.38329
40773,0.14175978
40774,0.10457914
40775,0.10825046
40776,0.020930715
40777,0.015774062
40778,0.023065511
40779,0.0014497286
40780,0.056895323
40781,0.09477407
40782,0.08618325
40783,0.039333045
40784,0.1481573
40785,0.019413741
40786,0.07089002
40787,0.27513394
40788,0.054623432
40789,0.08800665
40790,0.1995044
40791,0.035113197
40792,0.00018738545
40793,0.120167755
40794,0.12793511
40795,0.07344255
40796,0.1916625
40797,0.13237049
40798,0.075387195
40799,0.06955941
40800,0.0789115
40801,0.08193895
40802,0.0695167
40803,0.006220945
40804,0.09291999
40805,0.0034985573
40806,0.116919056
40807,0.050141513
40808,0.091606006
40809,0.059028134
40810,0.056861762
40811,0.05970656
40812,0.16633731
40813,0.24576189
40814,0.8504155
40815,0.20500208
40816,0.031897437
40817,0.06547028
40818,0.021688484
40819,0.09841868
40820,0.13111486
40821,0.002104323
40822,0.026532533
40823,0.0
40824,0.014435157
40825,0.036318965
40826,0.09626004
40827,0.07339639
40828,0.39483544
40829,0.01426077
40830,0.010556607
40831,0.047040164
40832,0.07312876
40833,0.07391887
40834,0.3232143
40835,0.29705158
40836,0.019862311
40837,0.24517663
40838,0.035813782
40839,0.018779794
40840,0.09355732
40841,0.24225046
40842,0.05764216
40843,0.19134082
40844,0.031754006
40845,0.124822035
40846,0.0699687
40847,0.05536991
40848,0.029009605
40849,0.049737144
40850,0.069059335
40851,0.20979011
40852,0.046499584
40853,0.018397972
40854,0.029880561
40855,0.06207693
40856,0.07291725
40857,0.26547885
40858,0.07752824
40859,0.22255982
40860,0.081443906
40861,0.049062815
40862,0.050774112
40863,0.047937695
40864,0.29939872
40865,0.0012941129
40866,0.22984158
40867,0.023758067
40868,0.060878113
40869,0.06420111
40870,0.0
40871,0.43698236
40872,0.9466207
40873,0.12669195
40874,0.13849914
40875,0.010229959
40876,0.097045675
40877,0.09832677
40878,0.0951569
40879,0.10217253
40880,0.10068922
40881,0.12480396
40882,0.9980784
40883,0.110262
40884,0.011567378
40885,0.08873555
40886,0.07182673
40887,0.014514804
40888,0.050052993
40889,0.092772156
40890,0.3285969
40891,0.055129196
40892,0.20849754
40893,0.18380713
40894,0.03132617
40895,0.08622107
40896,0.033977624
40897,0.033243813
40898,0.07627794
40899,0.10580318
40900,0.023714483
40901,0.07817947
40902,0.011016457
40903,0.24546729
40904,0.05701745
40905,0.055294648
40906,0.02116338
40907,0.034006454
40908,0.096544825
40909,0.0883793
40910,0.0076236157
40911,0.03210556
40912,1.0
40913,0.074902676
40914,0.09994312
40915,0.055767387
40916,0.04115815
40917,0.060481496
40918,0.055572454
40919,0.012005993
40920,0.033224855
40921,0.31406474
40922,0.030898895
40923,0.0
40924,0.004334546
40925,0.18067177
40926,0.019613087
40927,0.09446872
40928,0.049220443
40929,0.06150033
40930,0.27480263
40931,0.017633868
40932,0.020739911
40933,0.016448915
40934,0.038377706
40935,0.057739805
40936,0.15397239
40937,0.07211136
40938,0.03218411
40939,0.0022843545
40940,0.05349738
40941,0.14217393
40942,0.06735254
40943,0.062555395
40944,0.050276846
40945,0.034336887
40946,0.06558157
40947,0.012911188
40948,0.10108049
40949,0.12385297
40950,0.14991367
40951,0.011482905
40952,0.031267434
40953,0.073391534
40954,0.07351576
40955,0.09411743
40956,0.017056359
40957,0.15384206
40958,0.29849926
40959,0.0104513075
40960,0.034050144
40961,0.03749627
40962,0.02796395
40963,0.047064412
40964,0.019579317
40965,0.029220646
40966,0.007068648
40967,0.053587418
40968,0.13266149
40969,0.040236242
40970,0.052764498
40971,0.005310197
40972,0.030084793
40973,0.10645446
40974,0.32799518
40975,0.05237202
40976,0.05145919
40977,0.076907374
40978,0.07628481
40979,0.042735834
40980,0.012003824
40981,0.12638977
40982,0.02184759
40983,0.13842839
40984,0.0
40985,0.17066702
40986,0.052891336
40987,0.055410616
40988,0.017441498
40989,0.005186036
40990,0.0476571
40991,0.16022913
40992,0.12306832
40993,0.19238997
40994,0.017163213
40995,0.06311568
40996,0.03305324
40997,0.0553178
40998,0.32798767
40999,0.24617092
41000,0.10269689
41001,0.019754183
41002,0.002063075
41003,0.025305422
41004,0.021051278
41005,0.031212006
41006,0.021433366
41007,0.031526696
41008,0.14898618
41009,0.02855518
41010,0.035874706
41011,0.17521362
41012,0.15197001
41013,0.038552776
41014,0.005032781
41015,0.13924138
41016,0.17601058
41017,0.021748286
41018,0.067905374
41019,0.049579497
41020,0.007966854
41021,0.13018751
41022,0.054714065
41023,0.8682009
41024,0.09226172
41025,0.23477425
41026,0.06689095
41027,0.030334748
41028,0.025882697
41029,0.0034543707
41030,0.06934037
41031,0.67531633
41032,0.44927615
41033,0.057902843
41034,0.04541236
41035,0.010280668
41036,0.12801532
41037,0.18490611
41038,0.049276624
41039,0.024345854
41040,0.060713056
41041,0.13262337
41042,0.2630037
41043,0.10456072
41044,0.17504425
41045,0.6711018
41046,0.25331748
41047,0.47643507
41048,0.0979185
41049,0.10511476
41050,0.031316336
41051,0.055229593
41052,0.09778987
41053,0.079370156
41054,0.087885976
41055,0.09761021
41056,0.00886789
41057,0.040798444
41058,0.13758422
41059,0.24441166
41060,0.052170835
41061,0.03259133
41062,0.07816206
41063,0.069891155
41064,0.031721096
41065,0.08832184
41066,0.18230477
41067,0.18298458
41068,0.052419312
41069,0.008695478
41070,0.19096683
41071,0.14554831
41072,0.09220868
41073,0.40990236
41074,0.4265089
41075,0.0936438
41076,0.09287581
41077,0.014876733
41078,0.035970934
41079,0.07749942
41080,0.09656791
41081,0.19419038
41082,0.42451626
41083,0.021978615
41084,0.08415684
41085,0.02362653
41086,0.026913235
41087,0.05350899
41088,0.19580376
41089,0.059849765
41090,0.10265683
41091,0.044168558
41092,0.16695963
41093,0.45310777
41094,0.13074157
41095,0.015669202
41096,0.02412018
41097,0.058635384
41098,0.091666184
41099,0.119270444
41100,0.15602277
41101,0.08935047
41102,0.12048546
41103,0.049871624
41104,0.07549687
41105,0.061063103
41106,0.048004676
41107,0.052046318
41108,0.18619464
41109,0.10285402
41110,0.09976136
41111,0.017391223
41112,0.06493898
41113,0.050390236
41114,0.031019425
41115,0.03507589
41116,0.0357354
41117,0.06807773
41118,0.021322682
41119,0.10697205
41120,0.6741876
41121,0.42160764
41122,0.04291018
41123,0.03758062
41124,0.08745778
41125,0.05251964
41126,0.0039491043
41127,0.0750813
41128,0.0070454925
41129,0.03006773
41130,0.25944594
41131,0.05056998
41132,0.05844104
41133,0.059909463
41134,0.06295327
41135,0.079936355
41136,0.13633598
41137,0.23411171
41138,0.18823332
41139,0.06896109
41140,0.05257894
41141,0.030487105
41142,0.06942852
41143,0.06028458
41144,0.41515952
41145,0.049290575
41146,0.46780854
41147,0.08245814
41148,0.080150776
41149,0.054574214
41150,0.05028097
41151,0.059810605
41152,0.024434801
41153,0.041277345
41154,0.119549684
41155,0.050269466
41156,0.09324199
41157,0.074078456
41158,0.095384225
41159,0.13077745
41160,0.38706592
41161,0.09829157
41162,0.042751968
41163,0.09633719
41164,0.02245097
41165,0.042915124
41166,0.14613825
41167,0.0537985
41168,0.08611743
41169,0.050729208
41170,0.07781777
41171,0.03489764
41172,0.039777253
41173,0.015690388
41174,0.14597182
41175,0.05063222
41176,0.033211097
41177,0.044261016
41178,0.0468964
41179,0.07264348
41180,0.09113056
41181,0.1047627
41182,0.0905961
41183,0.24413054
41184,0.13878874
41185,0.26467296
41186,0.0
41187,0.098656036
41188,0.06550438
41189,0.056538317
41190,0.072475456
41191,0.023888132
41192,0.025469089
41193,0.050319083
41194,0.059439845
41195,0.027562715
41196,0.06133281
41197,0.0014744145
41198,0.11466734
41199,0.06372969
41200,0.18459159
41201,0.08282646
41202,0.12925066
41203,0.6796222
41204,0.098072745
41205,0.097553514
41206,0.07965291
41207,0.088465154
41208,0.07238996
41209,0.100054964
41210,0.05966002
41211,0.0
41212,0.26597357
41213,0.08083928
41214,0.056473598
41215,0.057704505
41216,0.06191917
41217,0.017621493
41218,0.075062156
41219,0.28831297
41220,0.09952559
41221,0.055951893
41222,0.080242634
41223,0.978856
41224,0.10988475
41225,0.025659166
41226,0.08859555
41227,0.07542702
41228,0.16635793
41229,0.32250986
41230,0.083613835
41231,0.021212896
41232,0.052329198
41233,0.03310393
41234,0.08821492
41235,0.123411275
41236,0.055844937
41237,0.14397377
41238,0.051654775
41239,0.056412723
41240,0.024322227
41241,0.03824876
41242,0.081647776
41243,0.07133045
41244,0.021018077
41245,0.10664979
41246,0.12300351
41247,0.20082378
41248,0.09082024
41249,0.043693293
41250,0.07855374
41251,0.12032009
41252,0.2375162
41253,0.074785255
41254,0.07578628
41255,0.009328722
41256,0.0574499
41257,0.6174353
41258,0.23804082
41259,0.39279228
41260,0.08035798
41261,0.005688124
41262,0.009477939
41263,0.058843244
41264,0.054757223
41265,0.3951995
41266,0.24751586
41267,0.07285704
41268,0.0899601
41269,0.13351254
41270,0.12659548
41271,0.12902746
41272,0.15555824
41273,0.25299737
41274,0.08250068
41275,0.046085402
41276,0.118355334
41277,0.057082854
41278,0.1858258
41279,0.8800605
41280,0.042314187
41281,0.4085652
41282,0.039362602
41283,0.17855154
41284,0.017359976
41285,0.060271163
41286,0.07629897
41287,0.026514763
41288,0.05614762
41289,0.6573186
41290,0.0684515
41291,0.088476025
41292,0.21925569
41293,0.13589782
41294,0.15405433
41295,0.28004262
41296,0.1955268
41297,0.01496244
41298,0.22805206
41299,0.111259036
41300,0.0794641
41301,0.9931184
41302,0.41758388
41303,0.31590143
41304,0.038814276
41305,0.23910783
41306,0.06644024
41307,0.0238682
41308,0.06145261
41309,0.06796985
41310,0.10976092
41311,0.069484144
41312,0.0788571
41313,0.109410256
41314,0.070660576
41315,0.09427459
41316,0.09694443
41317,0.016916811
41318,0.07975307
41319,0.3912585
41320,0.0068711
41321,0.060907602
41322,0.9846109
41323,0.961533
41324,0.7208596
41325,0.1206751
41326,0.52098393
41327,0.10121873
41328,0.05170434
41329,0.07438465
41330,0.07073408
41331,0.057190917
41332,0.011254945
41333,0.47458023
41334,0.016997326
41335,0.033531882
41336,0.10234698
41337,0.07327323
41338,0.057274275
41339,0.048591275
41340,0.19647637
41341,0.09305866
41342,0.013769683
41343,0.12711903
41344,0.080540694
41345,0.076145984
41346,1.0
41347,0.909908
41348,0.46913928
41349,0.060997777
41350,0.061938792
41351,0.0
41352,0.5291706
41353,0.07049566
41354,0.28090575
41355,0.07181967
41356,0.12840594
41357,0.03567841
41358,0.11287604
41359,0.08700908
41360,0.10914183
41361,0.1966232
41362,0.47641954
41363,0.6926958
41364,0.14232479
41365,0.13021137
41366,0.059768558
41367,0.054163057
41368,0.0777803
41369,0.070510566
41370,0.04673931
41371,0.021579703
41372,0.093520135
41373,0.121712655
41374,0.051628545
41375,0.08544179
41376,0.0073355297
41377,0.9821657
41378,0.9876899
41379,0.98640805
41380,0.061864797
41381,0.115438536
41382,0.46285996
41383,0.03053431
41384,0.03040726
41385,0.048891865
41386,0.06748267
41387,0.05994894
41388,0.40919682
41389,1.0
41390,0.05704153
41391,0.08139145
41392,0.07083364
41393,0.11407642
41394,0.062151052
41395,0.10528752
41396,0.07858384
41397,0.025286179
41398,0.093242116
41399,0.09599991
41400,0.11165222
41401,0.059010044
41402,0.27807346
41403,0.25631672
41404,0.11278894
41405,0.051518533
41406,0.058751635
41407,0.05712673
41408,0.2529897
41409,0.036545616
41410,0.034614276
41411,0.052905705
41412,0.025704736
41413,0.032714862
41414,0.054691534
41415,0.064354956
41416,0.2311988
41417,0.5024606
41418,0.13426057
41419,0.12700237
41420,0.13519904
41421,0.11792934
41422,0.09918623
41423,0.86620516
41424,0.07190484
41425,0.049833905
41426,0.14677945
41427,0.1177324
41428,0.26082426
41429,0.4556788
41430,0.23895817
41431,0.083454095
41432,0.9994399
41433,0.13694154
41434,0.010717195
41435,0.091602236
41436,0.17341846
41437,0.02425654
41438,0.0360409
41439,0.64943683
41440,0.051725343
41441,0.038762443
41442,0.040444355
41443,0.05711278
41444,0.096339315
41445,0.3989722
41446,0.25466058
41447,0.2547937
41448,0.23694293
41449,0.13252741
41450,0.12430959
41451,0.26881242
41452,0.026778555
41453,0.11907084
41454,0.106487304
41455,0.050999753
41456,0.5311412
41457,0.25361654
41458,0.03257145
41459,0.3276222
41460,0.41382167
41461,0.07416907
41462,0.08546517
41463,0.09168061
41464,0.007675554
41465,0.04090144
41466,0.06628414
41467,0.074158125
41468,0.09178214
41469,0.120761074
41470,0.4063472
41471,0.76951665
41472,0.39049873
41473,0.17649485
41474,0.41022304
41475,0.09894975
41476,0.016157795
41477,0.0758161
41478,0.07613304
41479,0.123173505
41480,0.26669705
41481,0.070268996
41482,0.018937241
41483,0.05400386
41484,0.12021125
41485,0.050660968
41486,0.041625656
41487,0.016027972
41488,0.009192154
41489,0.03136901
41490,0.012458297
41491,0.017002448
41492,0.00899797
41493,0.03523519
41494,0.050128445
41495,0.05057072
41496,0.064510845
41497,0.25306126
41498,0.13275361
41499,0.3928886
41500,0.5564962
41501,0.5540552
41502,0.18574807
41503,0.12873083
41504,0.07284011
41505,0.08715978
41506,0.009813371
41507,0.04178297
41508,1.0
41509,0.056635227
41510,0.06528206
41511,0.06430588
41512,0.23956771
41513,0.058916263
41514,0.009474193
41515,0.034907818
41516,0.03147747
41517,0.03544093
41518,0.07020426
41519,0.077086106
41520,0.7185484
41521,0.3967131
41522,0.26155952
41523,1.0
41524,0.25312227
41525,0.31885076
41526,0.12769626
41527,0.032329913
41528,0.019254226
41529,0.028079057
41530,0.03500027
41531,0.05133509
41532,0.07935581
41533,0.4046473
41534,0.10722653
41535,0.37475753
41536,0.025460226
41537,0.12633471
41538,0.100762784
41539,0.09753317
41540,0.11773556
41541,0.066700354
41542,0.038926564
41543,0.11230213
41544,1.0
41545,0.40365776
41546,0.9938034
41547,0.4110988
41548,0.13831984
41549,0.10304618
41550,0.102370776
41551,0.022486791
41552,0.021039208
41553,3.449483e-05
41554,0.055109352
41555,0.09549798
41556,0.08811176
41557,0.034551535
41558,0.15305333
41559,0.07276666
41560,0.29235294
41561,0.050467268
41562,0.0013365829
41563,0.08438222
41564,0.19275899
41565,0.03353157
41566,0.000507904
41567,0.16508274
41568,0.12345143
41569,0.071650505
41570,0.18441828
41571,0.12654312
41572,0.07250835
41573,0.06704886
41574,0.07822055
41575,0.08999556
41576,0.067890264
41577,0.0029638417
41578,0.08782042
41579,0.003624242
41580,0.09892557
41581,0.049716745
41582,0.091050595
41583,0.05681921
41584,0.05645533
41585,0.009157512
41586,0.05558757
41587,0.16817303
41588,0.243555
41589,0.8503518
41590,0.19245765
41591,0.010924489
41592,0.021402113
41593,0.06498376
41594,0.015781349
41595,0.09317673
41596,0.124155715
41597,0.0040282696
41598,0.025073197
41599,0.001527171
41600,0.013185575
41601,0.03447939
41602,0.08969782
41603,0.0717028
41604,0.40847838
41605,0.007526288
41606,0.007786345
41607,0.043884896
41608,0.07584738
41609,0.075550534
41610,0.459152
41611,0.31454223
41612,0.0124593675
41613,0.2562131
41614,0.034855705
41615,0.020379933
41616,0.09065606
41617,0.16500585
41618,0.058499366
41619,0.19498168
41620,0.0072834278
41621,0.030213254
41622,0.029371751
41623,0.12373793
41624,0.065653615
41625,0.057041243
41626,0.027886452
41627,0.04826674
41628,0.071637854
41629,0.31859192
41630,0.047463
41631,0.0018337374
41632,0.019156735
41633,0.028714003
41634,0.07028568
41635,0.2662714
41636,0.07304052
41637,0.23053783
41638,0.07527896
41639,0.0070615867
41640,0.043965723
41641,0.05311598
41642,0.03957488
41643,0.40856117
41644,0.2383624
41645,0.023090037
41646,0.06123326
41647,0.059287407
41648,0.0
41649,0.33412695
41650,0.91763854
41651,0.12879097
41652,0.14211735
41653,0.009503366
41654,0.09164535
41655,0.09121469
41656,0.09843449
41657,0.097281024
41658,0.096149415
41659,0.12308207
41660,0.98711014
41661,0.108083196
41662,0.08307661
41663,0.06855831
41664,0.10456513
41665,0.32856596
41666,0.060821272
41667,0.24613501
41668,0.15871526
41669,0.03220105
41670,0.076771736
41671,0.035479296
41672,0.033087224
41673,0.07368833
41674,0.104459815
41675,0.027407445
41676,0.075166106
41677,0.0113082705
41678,0.25945422
41679,0.05569328
41680,0.053558502
41681,0.017657904
41682,0.03830189
41683,0.092854284
41684,0.08275001
41685,0.03420297
41686,1.0
41687,0.07212164
41688,0.09701476
41689,0.054585826
41690,0.043701455
41691,0.05750594
41692,0.050089657
41693,0.012498134
41694,0.03036528
41695,0.33627328
41696,0.028773928
41697,0.008579944
41698,0.18130803
41699,0.09796261
41700,0.04721599
41701,0.05672226
41702,0.2747433
41703,0.039422497
41704,0.055253528
41705,0.23702295
41706,0.06981981
41707,0.0010154753
41708,0.0038661726
41709,0.057209745
41710,0.13576369
41711,0.065002695
41712,0.054455042
41713,0.0478434
41714,0.06161238
41715,0.11467537
41716,0.2311967
41717,0.00609526
41718,0.0
41719,0.010717111
41720,0.020765642
41721,0.008120784
41722,0.010885906
41723,0.010512745
41724,0.036738828
41725,0.0704833
41726,0.074056685
41727,0.092543155
41728,0.14331749
41729,0.29339334
41730,0.008152247
41731,0.014375864
41732,0.02845124
41733,0.034031697
41734,0.034766458
41735,0.029305328
41736,0.006198364
41737,0.0067089526
41738,0.0030358005
41739,0.048427414
41740,0.01682152
41741,0.051866613
41742,0.009439463
41743,0.118102394
41744,0.051514417
41745,0.029567197
41746,0.11025138
41747,0.0082459515
41748,0.32470253
41749,0.05346166
41750,0.04784663
41751,0.07396149
41752,0.071954705
41753,0.04232747
41754,0.1127058
41755,0.021974266
41756,0.12154956
41757,0.16842435
41758,0.050685227
41759,0.0
41760,0.030473387
41761,0.05317019
41762,0.01104514
41763,0.02781792
41764,0.036820143
41765,0.13817997
41766,0.114012256
41767,0.01840255
41768,0.20086353
41769,0.016111895
41770,0.019869085
41771,0.060585264
41772,0.05166658
41773,0.32623947
41774,0.17804722
41775,0.014630013
41776,0.09925692
41777,0.0071277265
